collected_at_utc,city,mgm_id,forecast_for_utc,source,condition,temperature
2026-05-28T09:40,Istanbul,93401,2026-05-28T12:00,MGM,GSY,26
2026-05-28T09:40,Istanbul,93401,2026-05-28T15:00,MGM,GSY,24
2026-05-28T09:40,Istanbul,93401,2026-05-28T18:00,MGM,GSY,20
2026-05-28T09:40,Istanbul,93401,2026-05-28T21:00,MGM,GSY,19
2026-05-28T09:40,Istanbul,93401,2026-05-28T00:00,OpenMeteo,1,16.3
2026-05-28T09:40,Istanbul,93401,2026-05-28T01:00,OpenMeteo,0,16.9
2026-05-28T09:40,Istanbul,93401,2026-05-28T02:00,OpenMeteo,0,17.4
2026-05-28T09:40,Istanbul,93401,2026-05-28T03:00,OpenMeteo,0,17.1
2026-05-28T09:40,Istanbul,93401,2026-05-28T04:00,OpenMeteo,0,17.2
2026-05-28T09:40,Istanbul,93401,2026-05-28T05:00,OpenMeteo,1,18.6
2026-05-28T09:40,Istanbul,93401,2026-05-28T06:00,OpenMeteo,1,20.0
2026-05-28T09:40,Istanbul,93401,2026-05-28T07:00,OpenMeteo,2,20.9
2026-05-28T09:40,Istanbul,93401,2026-05-28T08:00,OpenMeteo,1,21.6
2026-05-28T09:40,Istanbul,93401,2026-05-28T09:00,OpenMeteo,1,22.2
2026-05-28T09:40,Istanbul,93401,2026-05-28T10:00,OpenMeteo,2,22.6
2026-05-28T09:40,Istanbul,93401,2026-05-28T11:00,OpenMeteo,3,23.2
2026-05-28T09:40,Istanbul,93401,2026-05-28T12:00,OpenMeteo,2,24.4
2026-05-28T09:40,Istanbul,93401,2026-05-28T13:00,OpenMeteo,1,25.4
2026-05-28T09:40,Istanbul,93401,2026-05-28T14:00,OpenMeteo,2,24.0
2026-05-28T09:40,Istanbul,93401,2026-05-28T15:00,OpenMeteo,3,22.0
2026-05-28T09:40,Istanbul,93401,2026-05-28T16:00,OpenMeteo,3,20.4
2026-05-28T09:40,Istanbul,93401,2026-05-28T17:00,OpenMeteo,3,19.2
2026-05-28T09:40,Istanbul,93401,2026-05-28T18:00,OpenMeteo,80,18.3
2026-05-28T09:40,Istanbul,93401,2026-05-28T19:00,OpenMeteo,3,18.1
2026-05-28T09:40,Istanbul,93401,2026-05-28T20:00,OpenMeteo,3,18.1
2026-05-28T09:40,Istanbul,93401,2026-05-28T21:00,OpenMeteo,3,18.0
2026-05-28T09:40,Istanbul,93401,2026-05-28T22:00,OpenMeteo,3,17.9
2026-05-28T09:40,Istanbul,93401,2026-05-28T23:00,OpenMeteo,3,17.7
2026-05-28T09:40,Istanbul,93401,2026-05-29T00:00,OpenMeteo,3,17.5
2026-05-28T09:40,Istanbul,93401,2026-05-29T01:00,OpenMeteo,3,17.2
2026-05-28T09:40,Istanbul,93401,2026-05-29T02:00,OpenMeteo,3,16.9
2026-05-28T09:40,Istanbul,93401,2026-05-29T03:00,OpenMeteo,3,16.9
2026-05-28T09:40,Istanbul,93401,2026-05-29T04:00,OpenMeteo,3,17.0
2026-05-28T09:40,Istanbul,93401,2026-05-29T05:00,OpenMeteo,61,17.4
2026-05-28T09:40,Istanbul,93401,2026-05-29T06:00,OpenMeteo,61,17.7
2026-05-28T09:40,Istanbul,93401,2026-05-29T07:00,OpenMeteo,3,18.9
2026-05-28T09:40,Istanbul,93401,2026-05-29T08:00,OpenMeteo,2,20.4
2026-05-28T09:40,Istanbul,93401,2026-05-29T09:00,OpenMeteo,2,21.4
2026-05-28T09:40,Istanbul,93401,2026-05-29T10:00,OpenMeteo,1,21.9
2026-05-28T09:40,Istanbul,93401,2026-05-29T11:00,OpenMeteo,1,21.9
2026-05-28T09:40,Istanbul,93401,2026-05-29T12:00,OpenMeteo,1,22.0
2026-05-28T09:40,Istanbul,93401,2026-05-29T13:00,OpenMeteo,1,21.7
2026-05-28T09:40,Istanbul,93401,2026-05-29T14:00,OpenMeteo,0,21.4
2026-05-28T09:40,Istanbul,93401,2026-05-29T15:00,OpenMeteo,1,20.8
2026-05-28T09:40,Istanbul,93401,2026-05-29T16:00,OpenMeteo,1,20.0
2026-05-28T09:40,Istanbul,93401,2026-05-29T17:00,OpenMeteo,0,19.1
2026-05-28T09:40,Istanbul,93401,2026-05-29T18:00,OpenMeteo,1,18.2
2026-05-28T09:40,Istanbul,93401,2026-05-29T19:00,OpenMeteo,2,17.7
2026-05-28T09:40,Istanbul,93401,2026-05-29T20:00,OpenMeteo,3,17.0
2026-05-28T09:40,Istanbul,93401,2026-05-29T21:00,OpenMeteo,0,16.1
2026-05-28T09:40,Istanbul,93401,2026-05-29T22:00,OpenMeteo,1,15.3
2026-05-28T09:40,Istanbul,93401,2026-05-29T23:00,OpenMeteo,1,14.5
2026-05-28T09:40,Izmir,93501,2026-05-28T12:00,MGM,PB,30
2026-05-28T09:40,Izmir,93501,2026-05-28T15:00,MGM,PB,28
2026-05-28T09:40,Izmir,93501,2026-05-28T18:00,MGM,AB,25
2026-05-28T09:40,Izmir,93501,2026-05-28T21:00,MGM,A,23
2026-05-28T09:40,Izmir,93501,2026-05-28T00:00,OpenMeteo,2,20.0
2026-05-28T09:40,Izmir,93501,2026-05-28T01:00,OpenMeteo,2,20.0
2026-05-28T09:40,Izmir,93501,2026-05-28T02:00,OpenMeteo,2,19.6
2026-05-28T09:40,Izmir,93501,2026-05-28T03:00,OpenMeteo,1,18.5
2026-05-28T09:40,Izmir,93501,2026-05-28T04:00,OpenMeteo,1,18.8
2026-05-28T09:40,Izmir,93501,2026-05-28T05:00,OpenMeteo,3,21.0
2026-05-28T09:40,Izmir,93501,2026-05-28T06:00,OpenMeteo,3,22.8
2026-05-28T09:40,Izmir,93501,2026-05-28T07:00,OpenMeteo,3,24.5
2026-05-28T09:40,Izmir,93501,2026-05-28T08:00,OpenMeteo,3,26.0
2026-05-28T09:40,Izmir,93501,2026-05-28T09:00,OpenMeteo,2,27.5
2026-05-28T09:40,Izmir,93501,2026-05-28T10:00,OpenMeteo,2,28.1
2026-05-28T09:40,Izmir,93501,2026-05-28T11:00,OpenMeteo,2,28.8
2026-05-28T09:40,Izmir,93501,2026-05-28T12:00,OpenMeteo,1,29.2
2026-05-28T09:40,Izmir,93501,2026-05-28T13:00,OpenMeteo,0,29.2
2026-05-28T09:40,Izmir,93501,2026-05-28T14:00,OpenMeteo,0,28.8
2026-05-28T09:40,Izmir,93501,2026-05-28T15:00,OpenMeteo,0,27.8
2026-05-28T09:40,Izmir,93501,2026-05-28T16:00,OpenMeteo,0,26.8
2026-05-28T09:40,Izmir,93501,2026-05-28T17:00,OpenMeteo,3,25.7
2026-05-28T09:40,Izmir,93501,2026-05-28T18:00,OpenMeteo,1,24.6
2026-05-28T09:40,Izmir,93501,2026-05-28T19:00,OpenMeteo,3,23.6
2026-05-28T09:40,Izmir,93501,2026-05-28T20:00,OpenMeteo,3,22.5
2026-05-28T09:40,Izmir,93501,2026-05-28T21:00,OpenMeteo,3,21.8
2026-05-28T09:40,Izmir,93501,2026-05-28T22:00,OpenMeteo,1,20.5
2026-05-28T09:40,Izmir,93501,2026-05-28T23:00,OpenMeteo,1,19.4
2026-05-28T09:40,Izmir,93501,2026-05-29T00:00,OpenMeteo,2,18.7
2026-05-28T09:40,Izmir,93501,2026-05-29T01:00,OpenMeteo,1,18.4
2026-05-28T09:40,Izmir,93501,2026-05-29T02:00,OpenMeteo,1,18.2
2026-05-28T09:40,Izmir,93501,2026-05-29T03:00,OpenMeteo,1,17.8
2026-05-28T09:40,Izmir,93501,2026-05-29T04:00,OpenMeteo,0,18.2
2026-05-28T09:40,Izmir,93501,2026-05-29T05:00,OpenMeteo,1,21.6
2026-05-28T09:40,Izmir,93501,2026-05-29T06:00,OpenMeteo,1,23.8
2026-05-28T09:40,Izmir,93501,2026-05-29T07:00,OpenMeteo,2,25.4
2026-05-28T09:40,Izmir,93501,2026-05-29T08:00,OpenMeteo,1,26.6
2026-05-28T09:40,Izmir,93501,2026-05-29T09:00,OpenMeteo,1,27.9
2026-05-28T09:40,Izmir,93501,2026-05-29T10:00,OpenMeteo,2,28.8
2026-05-28T09:40,Izmir,93501,2026-05-29T11:00,OpenMeteo,1,29.7
2026-05-28T09:40,Izmir,93501,2026-05-29T12:00,OpenMeteo,2,30.2
2026-05-28T09:40,Izmir,93501,2026-05-29T13:00,OpenMeteo,1,29.8
2026-05-28T09:40,Izmir,93501,2026-05-29T14:00,OpenMeteo,3,29.0
2026-05-28T09:40,Izmir,93501,2026-05-29T15:00,OpenMeteo,2,28.4
2026-05-28T09:40,Izmir,93501,2026-05-29T16:00,OpenMeteo,1,27.2
2026-05-28T09:40,Izmir,93501,2026-05-29T17:00,OpenMeteo,1,25.5
2026-05-28T09:40,Izmir,93501,2026-05-29T18:00,OpenMeteo,0,23.6
2026-05-28T09:40,Izmir,93501,2026-05-29T19:00,OpenMeteo,0,22.6
2026-05-28T09:40,Izmir,93501,2026-05-29T20:00,OpenMeteo,0,21.6
2026-05-28T09:40,Izmir,93501,2026-05-29T21:00,OpenMeteo,0,20.7
2026-05-28T09:40,Izmir,93501,2026-05-29T22:00,OpenMeteo,0,19.6
2026-05-28T09:40,Izmir,93501,2026-05-29T23:00,OpenMeteo,0,18.9
2026-05-28T09:40,Ankara,90601,2026-05-28T12:00,MGM,KGY,25
2026-05-28T09:40,Ankara,90601,2026-05-28T15:00,MGM,KGY,18
2026-05-28T09:40,Ankara,90601,2026-05-28T18:00,MGM,GSY,16
2026-05-28T09:40,Ankara,90601,2026-05-28T21:00,MGM,GSY,15
2026-05-28T09:40,Trabzon,96101,2026-05-28T00:00,OpenMeteo,1,15.9
2026-05-28T09:40,Trabzon,96101,2026-05-28T01:00,OpenMeteo,0,15.8
2026-05-28T09:40,Trabzon,96101,2026-05-28T02:00,OpenMeteo,0,15.8
2026-05-28T09:40,Trabzon,96101,2026-05-28T03:00,OpenMeteo,0,16.1
2026-05-28T09:40,Trabzon,96101,2026-05-28T04:00,OpenMeteo,3,18.0
2026-05-28T09:40,Trabzon,96101,2026-05-28T05:00,OpenMeteo,3,19.9
2026-05-28T09:40,Trabzon,96101,2026-05-28T06:00,OpenMeteo,2,20.3
2026-05-28T09:40,Trabzon,96101,2026-05-28T07:00,OpenMeteo,3,21.0
2026-05-28T09:40,Trabzon,96101,2026-05-28T08:00,OpenMeteo,3,21.5
2026-05-28T09:40,Trabzon,96101,2026-05-28T09:00,OpenMeteo,3,21.4
2026-05-28T09:40,Trabzon,96101,2026-05-28T10:00,OpenMeteo,61,21.7
2026-05-28T09:40,Trabzon,96101,2026-05-28T11:00,OpenMeteo,61,21.5
2026-05-28T09:40,Trabzon,96101,2026-05-28T12:00,OpenMeteo,2,21.9
2026-05-28T09:40,Trabzon,96101,2026-05-28T13:00,OpenMeteo,3,22.3
2026-05-28T09:40,Trabzon,96101,2026-05-28T14:00,OpenMeteo,3,22.9
2026-05-28T09:40,Trabzon,96101,2026-05-28T15:00,OpenMeteo,3,23.1
2026-05-28T09:40,Trabzon,96101,2026-05-28T16:00,OpenMeteo,3,21.9
2026-05-28T09:40,Trabzon,96101,2026-05-28T17:00,OpenMeteo,3,21.5
2026-05-28T09:40,Trabzon,96101,2026-05-28T18:00,OpenMeteo,61,21.4
2026-05-28T09:40,Trabzon,96101,2026-05-28T19:00,OpenMeteo,3,20.9
2026-05-28T09:40,Trabzon,96101,2026-05-28T20:00,OpenMeteo,80,17.7
2026-05-28T09:40,Trabzon,96101,2026-05-28T21:00,OpenMeteo,61,18.0
2026-05-28T09:40,Trabzon,96101,2026-05-28T22:00,OpenMeteo,61,16.7
2026-05-28T09:40,Trabzon,96101,2026-05-28T23:00,OpenMeteo,80,17.0
2026-05-28T09:40,Trabzon,96101,2026-05-29T00:00,OpenMeteo,3,17.3
2026-05-28T09:40,Trabzon,96101,2026-05-29T01:00,OpenMeteo,3,17.1
2026-05-28T09:40,Trabzon,96101,2026-05-29T02:00,OpenMeteo,80,16.6
2026-05-28T09:40,Trabzon,96101,2026-05-29T03:00,OpenMeteo,3,16.5
2026-05-28T09:40,Trabzon,96101,2026-05-29T04:00,OpenMeteo,3,16.3
2026-05-28T09:40,Trabzon,96101,2026-05-29T05:00,OpenMeteo,61,16.4
2026-05-28T09:40,Trabzon,96101,2026-05-29T06:00,OpenMeteo,61,16.8
2026-05-28T09:40,Trabzon,96101,2026-05-29T07:00,OpenMeteo,61,16.7
2026-05-28T09:40,Trabzon,96101,2026-05-29T08:00,OpenMeteo,63,16.0
2026-05-28T09:40,Trabzon,96101,2026-05-29T09:00,OpenMeteo,61,16.0
2026-05-28T09:40,Trabzon,96101,2026-05-29T10:00,OpenMeteo,61,16.8
2026-05-28T09:40,Trabzon,96101,2026-05-29T11:00,OpenMeteo,3,17.7
2026-05-28T09:40,Trabzon,96101,2026-05-29T12:00,OpenMeteo,3,17.1
2026-05-28T09:40,Trabzon,96101,2026-05-29T13:00,OpenMeteo,61,16.6
2026-05-28T09:40,Trabzon,96101,2026-05-29T14:00,OpenMeteo,61,16.4
2026-05-28T09:40,Trabzon,96101,2026-05-29T15:00,OpenMeteo,3,16.2
2026-05-28T09:40,Trabzon,96101,2026-05-29T16:00,OpenMeteo,3,16.0
2026-05-28T09:40,Trabzon,96101,2026-05-29T17:00,OpenMeteo,2,16.0
2026-05-28T09:40,Trabzon,96101,2026-05-29T18:00,OpenMeteo,2,15.7
2026-05-28T09:40,Trabzon,96101,2026-05-29T19:00,OpenMeteo,2,14.7
2026-05-28T09:40,Trabzon,96101,2026-05-29T20:00,OpenMeteo,2,14.1
2026-05-28T09:40,Trabzon,96101,2026-05-29T21:00,OpenMeteo,2,13.7
2026-05-28T09:40,Trabzon,96101,2026-05-29T22:00,OpenMeteo,1,13.2
2026-05-28T09:40,Trabzon,96101,2026-05-29T23:00,OpenMeteo,80,13.0
2026-05-28T09:40,Erzurum,92501,2026-05-28T12:00,MGM,KGY,18
2026-05-28T09:40,Erzurum,92501,2026-05-28T15:00,MGM,KGY,16
2026-05-28T09:40,Erzurum,92501,2026-05-28T18:00,MGM,KGY,12
2026-05-28T09:40,Erzurum,92501,2026-05-28T21:00,MGM,KGY,10
2026-05-28T09:40,Erzurum,92501,2026-05-28T00:00,OpenMeteo,0,7.5
2026-05-28T09:40,Erzurum,92501,2026-05-28T01:00,OpenMeteo,1,7.5
2026-05-28T09:40,Erzurum,92501,2026-05-28T02:00,OpenMeteo,2,7.5
2026-05-28T09:40,Erzurum,92501,2026-05-28T03:00,OpenMeteo,0,7.2
2026-05-28T09:40,Erzurum,92501,2026-05-28T04:00,OpenMeteo,1,8.5
2026-05-28T09:40,Erzurum,92501,2026-05-28T05:00,OpenMeteo,2,10.0
2026-05-28T09:40,Erzurum,92501,2026-05-28T06:00,OpenMeteo,3,12.2
2026-05-28T09:40,Erzurum,92501,2026-05-28T07:00,OpenMeteo,61,13.2
2026-05-28T09:40,Erzurum,92501,2026-05-28T08:00,OpenMeteo,61,14.2
2026-05-28T09:40,Erzurum,92501,2026-05-28T09:00,OpenMeteo,3,14.5
2026-05-28T09:40,Erzurum,92501,2026-05-28T10:00,OpenMeteo,3,14.9
2026-05-28T09:40,Erzurum,92501,2026-05-28T11:00,OpenMeteo,3,15.0
2026-05-28T09:40,Erzurum,92501,2026-05-28T12:00,OpenMeteo,3,15.0
2026-05-28T09:40,Erzurum,92501,2026-05-28T13:00,OpenMeteo,80,14.2
2026-05-28T09:40,Erzurum,92501,2026-05-28T14:00,OpenMeteo,80,12.5
2026-05-28T09:40,Erzurum,92501,2026-05-28T15:00,OpenMeteo,80,12.2
2026-05-28T09:40,Erzurum,92501,2026-05-28T16:00,OpenMeteo,3,12.0
2026-05-28T09:40,Erzurum,92501,2026-05-28T17:00,OpenMeteo,3,11.1
2026-05-28T09:40,Erzurum,92501,2026-05-28T18:00,OpenMeteo,2,10.6
2026-05-28T09:40,Erzurum,92501,2026-05-28T19:00,OpenMeteo,3,10.5
2026-05-28T09:40,Erzurum,92501,2026-05-28T20:00,OpenMeteo,3,10.2
2026-05-28T09:40,Erzurum,92501,2026-05-28T21:00,OpenMeteo,80,9.5
2026-05-28T09:40,Erzurum,92501,2026-05-28T22:00,OpenMeteo,45,9.2
2026-05-28T09:40,Erzurum,92501,2026-05-28T23:00,OpenMeteo,45,9.1
2026-05-28T09:40,Erzurum,92501,2026-05-29T00:00,OpenMeteo,80,8.7
2026-05-28T09:40,Erzurum,92501,2026-05-29T01:00,OpenMeteo,45,8.7
2026-05-28T09:40,Erzurum,92501,2026-05-29T02:00,OpenMeteo,45,7.8
2026-05-28T09:40,Erzurum,92501,2026-05-29T03:00,OpenMeteo,45,8.0
2026-05-28T09:40,Erzurum,92501,2026-05-29T04:00,OpenMeteo,3,9.5
2026-05-28T09:40,Erzurum,92501,2026-05-29T05:00,OpenMeteo,3,11.2
2026-05-28T09:40,Erzurum,92501,2026-05-29T06:00,OpenMeteo,3,12.1
2026-05-28T09:40,Erzurum,92501,2026-05-29T07:00,OpenMeteo,3,13.0
2026-05-28T09:40,Erzurum,92501,2026-05-29T08:00,OpenMeteo,3,13.4
2026-05-28T09:40,Erzurum,92501,2026-05-29T09:00,OpenMeteo,80,13.5
2026-05-28T09:40,Erzurum,92501,2026-05-29T10:00,OpenMeteo,80,13.3
2026-05-28T09:40,Erzurum,92501,2026-05-29T11:00,OpenMeteo,3,14.2
2026-05-28T09:40,Erzurum,92501,2026-05-29T12:00,OpenMeteo,80,12.7
2026-05-28T09:40,Erzurum,92501,2026-05-29T13:00,OpenMeteo,3,12.9
2026-05-28T09:40,Erzurum,92501,2026-05-29T14:00,OpenMeteo,2,12.5
2026-05-28T09:40,Erzurum,92501,2026-05-29T15:00,OpenMeteo,3,11.4
2026-05-28T09:40,Erzurum,92501,2026-05-29T16:00,OpenMeteo,3,10.5
2026-05-28T09:40,Erzurum,92501,2026-05-29T17:00,OpenMeteo,2,9.3
2026-05-28T09:40,Erzurum,92501,2026-05-29T18:00,OpenMeteo,2,8.1
2026-05-28T09:40,Erzurum,92501,2026-05-29T19:00,OpenMeteo,2,7.0
2026-05-28T09:40,Erzurum,92501,2026-05-29T20:00,OpenMeteo,2,6.4
2026-05-28T09:40,Erzurum,92501,2026-05-29T21:00,OpenMeteo,2,5.8
2026-05-28T09:40,Erzurum,92501,2026-05-29T22:00,OpenMeteo,1,4.9
2026-05-28T09:40,Erzurum,92501,2026-05-29T23:00,OpenMeteo,0,4.2
2026-05-28T16:14,Istanbul,93401,2026-05-28T18:00,MGM,GSY,23
2026-05-28T16:14,Istanbul,93401,2026-05-28T21:00,MGM,GSY,21
2026-05-28T16:14,Istanbul,93401,2026-05-29T00:00,MGM,SY,19
2026-05-28T16:14,Istanbul,93401,2026-05-29T03:00,MGM,SY,17
2026-05-28T16:14,Istanbul,93401,2026-05-29T06:00,MGM,SY,19
2026-05-28T16:14,Istanbul,93401,2026-05-29T09:00,MGM,SY,21
2026-05-28T16:14,Istanbul,93401,2026-05-29T12:00,MGM,SY,23
2026-05-28T16:14,Istanbul,93401,2026-05-29T15:00,MGM,PB,23
2026-05-28T16:14,Istanbul,93401,2026-05-29T18:00,MGM,PB,20
2026-05-28T16:14,Istanbul,93401,2026-05-29T21:00,MGM,PB,19
2026-05-28T16:14,Istanbul,93401,2026-05-28T00:00,OpenMeteo,1,16.3
2026-05-28T16:14,Istanbul,93401,2026-05-28T01:00,OpenMeteo,0,16.9
2026-05-28T16:14,Istanbul,93401,2026-05-28T02:00,OpenMeteo,0,17.4
2026-05-28T16:14,Istanbul,93401,2026-05-28T03:00,OpenMeteo,0,17.1
2026-05-28T16:14,Istanbul,93401,2026-05-28T04:00,OpenMeteo,0,17.2
2026-05-28T16:14,Istanbul,93401,2026-05-28T05:00,OpenMeteo,1,18.6
2026-05-28T16:14,Istanbul,93401,2026-05-28T06:00,OpenMeteo,1,20.4
2026-05-28T16:14,Istanbul,93401,2026-05-28T07:00,OpenMeteo,2,21.3
2026-05-28T16:14,Istanbul,93401,2026-05-28T08:00,OpenMeteo,2,21.9
2026-05-28T16:14,Istanbul,93401,2026-05-28T09:00,OpenMeteo,2,22.4
2026-05-28T16:14,Istanbul,93401,2026-05-28T10:00,OpenMeteo,2,23.2
2026-05-28T16:14,Istanbul,93401,2026-05-28T11:00,OpenMeteo,1,23.6
2026-05-28T16:14,Istanbul,93401,2026-05-28T12:00,OpenMeteo,1,25.2
2026-05-28T16:14,Istanbul,93401,2026-05-28T13:00,OpenMeteo,1,25.5
2026-05-28T16:14,Istanbul,93401,2026-05-28T14:00,OpenMeteo,1,23.9
2026-05-28T16:14,Istanbul,93401,2026-05-28T15:00,OpenMeteo,3,21.9
2026-05-28T16:14,Istanbul,93401,2026-05-28T16:00,OpenMeteo,3,20.3
2026-05-28T16:14,Istanbul,93401,2026-05-28T17:00,OpenMeteo,3,19.2
2026-05-28T16:14,Istanbul,93401,2026-05-28T18:00,OpenMeteo,95,18.4
2026-05-28T16:14,Istanbul,93401,2026-05-28T19:00,OpenMeteo,80,18.4
2026-05-28T16:14,Istanbul,93401,2026-05-28T20:00,OpenMeteo,3,18.2
2026-05-28T16:14,Istanbul,93401,2026-05-28T21:00,OpenMeteo,3,18.0
2026-05-28T16:14,Istanbul,93401,2026-05-28T22:00,OpenMeteo,3,17.7
2026-05-28T16:14,Istanbul,93401,2026-05-28T23:00,OpenMeteo,3,17.6
2026-05-28T16:14,Istanbul,93401,2026-05-29T00:00,OpenMeteo,3,17.4
2026-05-28T16:14,Istanbul,93401,2026-05-29T01:00,OpenMeteo,3,17.1
2026-05-28T16:14,Istanbul,93401,2026-05-29T02:00,OpenMeteo,3,16.7
2026-05-28T16:14,Istanbul,93401,2026-05-29T03:00,OpenMeteo,3,16.4
2026-05-28T16:14,Istanbul,93401,2026-05-29T04:00,OpenMeteo,3,16.8
2026-05-28T16:14,Istanbul,93401,2026-05-29T05:00,OpenMeteo,3,17.5
2026-05-28T16:14,Istanbul,93401,2026-05-29T06:00,OpenMeteo,3,17.7
2026-05-28T16:14,Istanbul,93401,2026-05-29T07:00,OpenMeteo,61,16.7
2026-05-28T16:14,Istanbul,93401,2026-05-29T08:00,OpenMeteo,3,17.6
2026-05-28T16:14,Istanbul,93401,2026-05-29T09:00,OpenMeteo,2,18.8
2026-05-28T16:14,Istanbul,93401,2026-05-29T10:00,OpenMeteo,1,20.5
2026-05-28T16:14,Istanbul,93401,2026-05-29T11:00,OpenMeteo,0,21.6
2026-05-28T16:14,Istanbul,93401,2026-05-29T12:00,OpenMeteo,0,21.9
2026-05-28T16:14,Istanbul,93401,2026-05-29T13:00,OpenMeteo,0,21.2
2026-05-28T16:14,Istanbul,93401,2026-05-29T14:00,OpenMeteo,0,20.7
2026-05-28T16:14,Istanbul,93401,2026-05-29T15:00,OpenMeteo,0,20.2
2026-05-28T16:14,Istanbul,93401,2026-05-29T16:00,OpenMeteo,0,19.7
2026-05-28T16:14,Istanbul,93401,2026-05-29T17:00,OpenMeteo,0,18.7
2026-05-28T16:14,Istanbul,93401,2026-05-29T18:00,OpenMeteo,0,17.6
2026-05-28T16:14,Istanbul,93401,2026-05-29T19:00,OpenMeteo,2,16.8
2026-05-28T16:14,Istanbul,93401,2026-05-29T20:00,OpenMeteo,0,16.1
2026-05-28T16:14,Istanbul,93401,2026-05-29T21:00,OpenMeteo,0,15.2
2026-05-28T16:14,Istanbul,93401,2026-05-29T22:00,OpenMeteo,0,14.6
2026-05-28T16:14,Istanbul,93401,2026-05-29T23:00,OpenMeteo,0,14.5
2026-05-28T16:14,Izmir,93501,2026-05-28T18:00,MGM,PB,24
2026-05-28T16:14,Izmir,93501,2026-05-28T21:00,MGM,PB,23
2026-05-28T16:14,Izmir,93501,2026-05-29T00:00,MGM,PB,21
2026-05-28T16:14,Izmir,93501,2026-05-29T03:00,MGM,AB,19
2026-05-28T16:14,Izmir,93501,2026-05-29T06:00,MGM,AB,24
2026-05-28T16:14,Izmir,93501,2026-05-29T09:00,MGM,AB,28
2026-05-28T16:14,Izmir,93501,2026-05-29T12:00,MGM,AB,30
2026-05-28T16:14,Izmir,93501,2026-05-29T15:00,MGM,PB,27
2026-05-28T16:14,Izmir,93501,2026-05-29T18:00,MGM,PB,24
2026-05-28T16:14,Izmir,93501,2026-05-29T21:00,MGM,AB,22
2026-05-28T16:14,Izmir,93501,2026-05-28T00:00,OpenMeteo,2,20.0
2026-05-28T16:14,Izmir,93501,2026-05-28T01:00,OpenMeteo,2,20.0
2026-05-28T16:14,Izmir,93501,2026-05-28T02:00,OpenMeteo,2,19.6
2026-05-28T16:14,Izmir,93501,2026-05-28T03:00,OpenMeteo,1,18.5
2026-05-28T16:14,Izmir,93501,2026-05-28T04:00,OpenMeteo,1,18.8
2026-05-28T16:14,Izmir,93501,2026-05-28T05:00,OpenMeteo,3,21.0
2026-05-28T16:14,Izmir,93501,2026-05-28T06:00,OpenMeteo,3,23.4
2026-05-28T16:14,Izmir,93501,2026-05-28T07:00,OpenMeteo,3,24.8
2026-05-28T16:14,Izmir,93501,2026-05-28T08:00,OpenMeteo,2,26.6
2026-05-28T16:14,Izmir,93501,2026-05-28T09:00,OpenMeteo,3,28.1
2026-05-28T16:14,Izmir,93501,2026-05-28T10:00,OpenMeteo,2,28.4
2026-05-28T16:14,Izmir,93501,2026-05-28T11:00,OpenMeteo,1,29.2
2026-05-28T16:14,Izmir,93501,2026-05-28T12:00,OpenMeteo,1,29.5
2026-05-28T16:14,Izmir,93501,2026-05-28T13:00,OpenMeteo,1,29.4
2026-05-28T16:14,Izmir,93501,2026-05-28T14:00,OpenMeteo,3,29.1
2026-05-28T16:14,Izmir,93501,2026-05-28T15:00,OpenMeteo,3,28.3
2026-05-28T16:14,Izmir,93501,2026-05-28T16:00,OpenMeteo,3,27.0
2026-05-28T16:14,Izmir,93501,2026-05-28T17:00,OpenMeteo,3,26.2
2026-05-28T16:14,Izmir,93501,2026-05-28T18:00,OpenMeteo,3,25.2
2026-05-28T16:14,Izmir,93501,2026-05-28T19:00,OpenMeteo,3,24.4
2026-05-28T16:14,Izmir,93501,2026-05-28T20:00,OpenMeteo,3,22.7
2026-05-28T16:14,Izmir,93501,2026-05-28T21:00,OpenMeteo,3,21.8
2026-05-28T16:14,Izmir,93501,2026-05-28T22:00,OpenMeteo,0,20.9
2026-05-28T16:14,Izmir,93501,2026-05-28T23:00,OpenMeteo,0,20.0
2026-05-28T16:14,Izmir,93501,2026-05-29T00:00,OpenMeteo,3,19.0
2026-05-28T16:14,Izmir,93501,2026-05-29T01:00,OpenMeteo,3,18.4
2026-05-28T16:14,Izmir,93501,2026-05-29T02:00,OpenMeteo,0,18.0
2026-05-28T16:14,Izmir,93501,2026-05-29T03:00,OpenMeteo,0,17.7
2026-05-28T16:14,Izmir,93501,2026-05-29T04:00,OpenMeteo,0,18.5
2026-05-28T16:14,Izmir,93501,2026-05-29T05:00,OpenMeteo,1,21.7
2026-05-28T16:14,Izmir,93501,2026-05-29T06:00,OpenMeteo,2,23.8
2026-05-28T16:14,Izmir,93501,2026-05-29T07:00,OpenMeteo,1,25.1
2026-05-28T16:14,Izmir,93501,2026-05-29T08:00,OpenMeteo,1,26.4
2026-05-28T16:14,Izmir,93501,2026-05-29T09:00,OpenMeteo,2,27.5
2026-05-28T16:14,Izmir,93501,2026-05-29T10:00,OpenMeteo,2,28.5
2026-05-28T16:14,Izmir,93501,2026-05-29T11:00,OpenMeteo,2,29.0
2026-05-28T16:14,Izmir,93501,2026-05-29T12:00,OpenMeteo,2,28.9
2026-05-28T16:14,Izmir,93501,2026-05-29T13:00,OpenMeteo,2,28.9
2026-05-28T16:14,Izmir,93501,2026-05-29T14:00,OpenMeteo,1,28.2
2026-05-28T16:14,Izmir,93501,2026-05-29T15:00,OpenMeteo,1,27.1
2026-05-28T16:14,Izmir,93501,2026-05-29T16:00,OpenMeteo,0,25.9
2026-05-28T16:14,Izmir,93501,2026-05-29T17:00,OpenMeteo,0,24.3
2026-05-28T16:14,Izmir,93501,2026-05-29T18:00,OpenMeteo,0,22.5
2026-05-28T16:14,Izmir,93501,2026-05-29T19:00,OpenMeteo,0,21.5
2026-05-28T16:14,Izmir,93501,2026-05-29T20:00,OpenMeteo,0,20.6
2026-05-28T16:14,Izmir,93501,2026-05-29T21:00,OpenMeteo,0,19.9
2026-05-28T16:14,Izmir,93501,2026-05-29T22:00,OpenMeteo,0,18.9
2026-05-28T16:14,Izmir,93501,2026-05-29T23:00,OpenMeteo,0,17.7
2026-05-28T16:14,Antalya,90701,2026-05-28T18:00,MGM,PB,25
2026-05-28T16:14,Antalya,90701,2026-05-28T21:00,MGM,PB,23
2026-05-28T16:14,Antalya,90701,2026-05-29T00:00,MGM,AB,21
2026-05-28T16:14,Antalya,90701,2026-05-29T03:00,MGM,AB,19
2026-05-28T16:14,Antalya,90701,2026-05-29T06:00,MGM,PB,25
2026-05-28T16:14,Antalya,90701,2026-05-29T09:00,MGM,PB,28
2026-05-28T16:14,Antalya,90701,2026-05-29T12:00,MGM,PB,30
2026-05-28T16:14,Antalya,90701,2026-05-29T15:00,MGM,PB,28
2026-05-28T16:14,Antalya,90701,2026-05-29T18:00,MGM,AB,25
2026-05-28T16:14,Antalya,90701,2026-05-29T21:00,MGM,AB,24
2026-05-28T16:14,Antalya,90701,2026-05-28T00:00,OpenMeteo,0,21.0
2026-05-28T16:14,Antalya,90701,2026-05-28T01:00,OpenMeteo,0,20.5
2026-05-28T16:14,Antalya,90701,2026-05-28T02:00,OpenMeteo,0,20.2
2026-05-28T16:14,Antalya,90701,2026-05-28T03:00,OpenMeteo,1,20.0
2026-05-28T16:14,Antalya,90701,2026-05-28T04:00,OpenMeteo,0,20.4
2026-05-28T16:14,Antalya,90701,2026-05-28T05:00,OpenMeteo,1,22.3
2026-05-28T16:14,Antalya,90701,2026-05-28T06:00,OpenMeteo,1,24.5
2026-05-28T16:14,Antalya,90701,2026-05-28T07:00,OpenMeteo,1,25.3
2026-05-28T16:14,Antalya,90701,2026-05-28T08:00,OpenMeteo,1,26.2
2026-05-28T16:14,Antalya,90701,2026-05-28T09:00,OpenMeteo,1,26.4
2026-05-28T16:14,Antalya,90701,2026-05-28T10:00,OpenMeteo,1,26.5
2026-05-28T16:14,Antalya,90701,2026-05-28T11:00,OpenMeteo,1,26.4
2026-05-28T16:14,Antalya,90701,2026-05-28T12:00,OpenMeteo,1,26.4
2026-05-28T16:14,Antalya,90701,2026-05-28T13:00,OpenMeteo,1,25.9
2026-05-28T16:14,Antalya,90701,2026-05-28T14:00,OpenMeteo,3,26.2
2026-05-28T16:14,Antalya,90701,2026-05-28T15:00,OpenMeteo,3,25.4
2026-05-28T16:14,Antalya,90701,2026-05-28T16:00,OpenMeteo,3,24.7
2026-05-28T16:14,Antalya,90701,2026-05-28T17:00,OpenMeteo,2,23.8
2026-05-28T16:14,Antalya,90701,2026-05-28T18:00,OpenMeteo,3,22.8
2026-05-28T16:14,Antalya,90701,2026-05-28T19:00,OpenMeteo,2,22.2
2026-05-28T16:14,Antalya,90701,2026-05-28T20:00,OpenMeteo,2,21.7
2026-05-28T16:14,Antalya,90701,2026-05-28T21:00,OpenMeteo,1,21.2
2026-05-28T16:14,Antalya,90701,2026-05-28T22:00,OpenMeteo,2,20.6
2026-05-28T16:14,Antalya,90701,2026-05-28T23:00,OpenMeteo,2,20.2
2026-05-28T16:14,Antalya,90701,2026-05-29T00:00,OpenMeteo,1,19.8
2026-05-28T16:14,Antalya,90701,2026-05-29T01:00,OpenMeteo,0,19.5
2026-05-28T16:14,Antalya,90701,2026-05-29T02:00,OpenMeteo,0,19.2
2026-05-28T16:14,Antalya,90701,2026-05-29T03:00,OpenMeteo,0,19.6
2026-05-28T16:14,Antalya,90701,2026-05-29T04:00,OpenMeteo,0,20.9
2026-05-28T16:14,Antalya,90701,2026-05-29T05:00,OpenMeteo,0,23.7
2026-05-28T16:14,Antalya,90701,2026-05-29T06:00,OpenMeteo,0,26.1
2026-05-28T16:14,Antalya,90701,2026-05-29T07:00,OpenMeteo,0,27.5
2026-05-28T16:14,Antalya,90701,2026-05-29T08:00,OpenMeteo,0,28.7
2026-05-28T16:14,Antalya,90701,2026-05-29T09:00,OpenMeteo,1,29.6
2026-05-28T16:14,Antalya,90701,2026-05-29T10:00,OpenMeteo,2,29.2
2026-05-28T16:14,Antalya,90701,2026-05-29T11:00,OpenMeteo,0,27.8
2026-05-28T16:14,Antalya,90701,2026-05-29T12:00,OpenMeteo,1,28.2
2026-05-28T16:14,Antalya,90701,2026-05-29T13:00,OpenMeteo,3,28.4
2026-05-28T16:14,Antalya,90701,2026-05-29T14:00,OpenMeteo,2,28.0
2026-05-28T16:14,Antalya,90701,2026-05-29T15:00,OpenMeteo,2,27.5
2026-05-28T16:14,Antalya,90701,2026-05-29T16:00,OpenMeteo,2,28.0
2026-05-28T16:14,Antalya,90701,2026-05-29T17:00,OpenMeteo,2,28.1
2026-05-28T16:14,Antalya,90701,2026-05-29T18:00,OpenMeteo,1,25.2
2026-05-28T16:14,Antalya,90701,2026-05-29T19:00,OpenMeteo,1,24.5
2026-05-28T16:14,Antalya,90701,2026-05-29T20:00,OpenMeteo,2,24.1
2026-05-28T16:14,Antalya,90701,2026-05-29T21:00,OpenMeteo,2,23.0
2026-05-28T16:14,Antalya,90701,2026-05-29T22:00,OpenMeteo,2,23.5
2026-05-28T16:14,Antalya,90701,2026-05-29T23:00,OpenMeteo,1,23.2
2026-05-28T16:14,Gaziantep,92701,2026-05-28T00:00,OpenMeteo,3,20.4
2026-05-28T16:14,Gaziantep,92701,2026-05-28T01:00,OpenMeteo,3,20.0
2026-05-28T16:14,Gaziantep,92701,2026-05-28T02:00,OpenMeteo,3,19.7
2026-05-28T16:14,Gaziantep,92701,2026-05-28T03:00,OpenMeteo,2,19.4
2026-05-28T16:14,Gaziantep,92701,2026-05-28T04:00,OpenMeteo,1,20.1
2026-05-28T16:14,Gaziantep,92701,2026-05-28T05:00,OpenMeteo,3,21.5
2026-05-28T16:14,Gaziantep,92701,2026-05-28T06:00,OpenMeteo,3,23.2
2026-05-28T16:14,Gaziantep,92701,2026-05-28T07:00,OpenMeteo,3,24.5
2026-05-28T16:14,Gaziantep,92701,2026-05-28T08:00,OpenMeteo,3,25.8
2026-05-28T16:14,Gaziantep,92701,2026-05-28T09:00,OpenMeteo,3,27.7
2026-05-28T16:14,Gaziantep,92701,2026-05-28T10:00,OpenMeteo,1,28.4
2026-05-28T16:14,Gaziantep,92701,2026-05-28T11:00,OpenMeteo,1,29.2
2026-05-28T16:14,Gaziantep,92701,2026-05-28T12:00,OpenMeteo,0,29.4
2026-05-28T16:14,Gaziantep,92701,2026-05-28T13:00,OpenMeteo,1,28.2
2026-05-28T16:14,Gaziantep,92701,2026-05-28T14:00,OpenMeteo,0,26.3
2026-05-28T16:14,Gaziantep,92701,2026-05-28T15:00,OpenMeteo,1,24.4
2026-05-28T16:14,Gaziantep,92701,2026-05-28T16:00,OpenMeteo,1,21.9
2026-05-28T16:14,Gaziantep,92701,2026-05-28T17:00,OpenMeteo,0,19.8
2026-05-28T16:14,Gaziantep,92701,2026-05-28T18:00,OpenMeteo,3,18.4
2026-05-28T16:14,Gaziantep,92701,2026-05-28T19:00,OpenMeteo,3,17.7
2026-05-28T16:14,Gaziantep,92701,2026-05-28T20:00,OpenMeteo,1,17.0
2026-05-28T16:14,Gaziantep,92701,2026-05-28T21:00,OpenMeteo,0,16.3
2026-05-28T16:14,Gaziantep,92701,2026-05-28T22:00,OpenMeteo,1,15.7
2026-05-28T16:14,Gaziantep,92701,2026-05-28T23:00,OpenMeteo,0,15.6
2026-05-28T16:14,Gaziantep,92701,2026-05-29T00:00,OpenMeteo,0,15.2
2026-05-28T16:14,Gaziantep,92701,2026-05-29T01:00,OpenMeteo,3,14.7
2026-05-28T16:14,Gaziantep,92701,2026-05-29T02:00,OpenMeteo,3,14.4
2026-05-28T16:14,Gaziantep,92701,2026-05-29T03:00,OpenMeteo,0,14.6
2026-05-28T16:14,Gaziantep,92701,2026-05-29T04:00,OpenMeteo,3,15.8
2026-05-28T16:14,Gaziantep,92701,2026-05-29T05:00,OpenMeteo,3,17.3
2026-05-28T16:14,Gaziantep,92701,2026-05-29T06:00,OpenMeteo,2,18.8
2026-05-28T16:14,Gaziantep,92701,2026-05-29T07:00,OpenMeteo,1,21.0
2026-05-28T16:14,Gaziantep,92701,2026-05-29T08:00,OpenMeteo,2,22.1
2026-05-28T16:14,Gaziantep,92701,2026-05-29T09:00,OpenMeteo,1,22.8
2026-05-28T16:14,Gaziantep,92701,2026-05-29T10:00,OpenMeteo,3,23.0
2026-05-28T16:14,Gaziantep,92701,2026-05-29T11:00,OpenMeteo,1,23.3
2026-05-28T16:14,Gaziantep,92701,2026-05-29T12:00,OpenMeteo,2,23.5
2026-05-28T16:14,Gaziantep,92701,2026-05-29T13:00,OpenMeteo,3,22.9
2026-05-28T16:14,Gaziantep,92701,2026-05-29T14:00,OpenMeteo,3,22.2
2026-05-28T16:14,Gaziantep,92701,2026-05-29T15:00,OpenMeteo,3,21.1
2026-05-28T16:14,Gaziantep,92701,2026-05-29T16:00,OpenMeteo,3,20.2
2026-05-28T16:14,Gaziantep,92701,2026-05-29T17:00,OpenMeteo,3,18.8
2026-05-28T16:14,Gaziantep,92701,2026-05-29T18:00,OpenMeteo,3,18.1
2026-05-28T16:14,Gaziantep,92701,2026-05-29T19:00,OpenMeteo,3,17.7
2026-05-28T16:14,Gaziantep,92701,2026-05-29T20:00,OpenMeteo,3,17.2
2026-05-28T16:14,Gaziantep,92701,2026-05-29T21:00,OpenMeteo,3,16.9
2026-05-28T16:14,Gaziantep,92701,2026-05-29T22:00,OpenMeteo,3,16.7
2026-05-28T16:14,Gaziantep,92701,2026-05-29T23:00,OpenMeteo,2,16.4
2026-05-28T20:31,Istanbul,93401,2026-05-28T21:00,MGM,GSY,21
2026-05-28T20:31,Istanbul,93401,2026-05-29T00:00,MGM,SY,19
2026-05-28T20:31,Istanbul,93401,2026-05-29T03:00,MGM,SY,17
2026-05-28T20:31,Istanbul,93401,2026-05-29T06:00,MGM,SY,19
2026-05-28T20:31,Istanbul,93401,2026-05-29T09:00,MGM,SY,21
2026-05-28T20:31,Istanbul,93401,2026-05-29T12:00,MGM,SY,23
2026-05-28T20:31,Istanbul,93401,2026-05-29T15:00,MGM,PB,23
2026-05-28T20:31,Istanbul,93401,2026-05-29T18:00,MGM,PB,20
2026-05-28T20:31,Istanbul,93401,2026-05-29T21:00,MGM,PB,19
2026-05-28T20:31,Istanbul,93401,2026-05-28T00:00,OpenMeteo,1,16.3
2026-05-28T20:31,Istanbul,93401,2026-05-28T01:00,OpenMeteo,0,16.9
2026-05-28T20:31,Istanbul,93401,2026-05-28T02:00,OpenMeteo,0,17.4
2026-05-28T20:31,Istanbul,93401,2026-05-28T03:00,OpenMeteo,0,17.1
2026-05-28T20:31,Istanbul,93401,2026-05-28T04:00,OpenMeteo,0,17.2
2026-05-28T20:31,Istanbul,93401,2026-05-28T05:00,OpenMeteo,1,18.6
2026-05-28T20:31,Istanbul,93401,2026-05-28T06:00,OpenMeteo,1,20.4
2026-05-28T20:31,Istanbul,93401,2026-05-28T07:00,OpenMeteo,2,21.3
2026-05-28T20:31,Istanbul,93401,2026-05-28T08:00,OpenMeteo,2,21.9
2026-05-28T20:31,Istanbul,93401,2026-05-28T09:00,OpenMeteo,2,22.4
2026-05-28T20:31,Istanbul,93401,2026-05-28T10:00,OpenMeteo,2,23.2
2026-05-28T20:31,Istanbul,93401,2026-05-28T11:00,OpenMeteo,1,23.6
2026-05-28T20:31,Istanbul,93401,2026-05-28T12:00,OpenMeteo,1,25.6
2026-05-28T20:31,Istanbul,93401,2026-05-28T13:00,OpenMeteo,1,26.1
2026-05-28T20:31,Istanbul,93401,2026-05-28T14:00,OpenMeteo,1,24.3
2026-05-28T20:31,Istanbul,93401,2026-05-28T15:00,OpenMeteo,3,22.9
2026-05-28T20:31,Istanbul,93401,2026-05-28T16:00,OpenMeteo,3,21.2
2026-05-28T20:31,Istanbul,93401,2026-05-28T17:00,OpenMeteo,95,19.7
2026-05-28T20:31,Istanbul,93401,2026-05-28T18:00,OpenMeteo,95,19.1
2026-05-28T20:31,Istanbul,93401,2026-05-28T19:00,OpenMeteo,80,18.9
2026-05-28T20:31,Istanbul,93401,2026-05-28T20:00,OpenMeteo,3,18.7
2026-05-28T20:31,Istanbul,93401,2026-05-28T21:00,OpenMeteo,3,18.3
2026-05-28T20:31,Istanbul,93401,2026-05-28T22:00,OpenMeteo,3,18.3
2026-05-28T20:31,Istanbul,93401,2026-05-28T23:00,OpenMeteo,3,17.8
2026-05-28T20:31,Istanbul,93401,2026-05-29T00:00,OpenMeteo,3,17.5
2026-05-28T20:31,Istanbul,93401,2026-05-29T01:00,OpenMeteo,2,17.2
2026-05-28T20:31,Istanbul,93401,2026-05-29T02:00,OpenMeteo,2,16.7
2026-05-28T20:31,Istanbul,93401,2026-05-29T03:00,OpenMeteo,2,16.4
2026-05-28T20:31,Istanbul,93401,2026-05-29T04:00,OpenMeteo,3,16.9
2026-05-28T20:31,Istanbul,93401,2026-05-29T05:00,OpenMeteo,3,18.1
2026-05-28T20:31,Istanbul,93401,2026-05-29T06:00,OpenMeteo,3,18.6
2026-05-28T20:31,Istanbul,93401,2026-05-29T07:00,OpenMeteo,3,17.2
2026-05-28T20:31,Istanbul,93401,2026-05-29T08:00,OpenMeteo,3,17.3
2026-05-28T20:31,Istanbul,93401,2026-05-29T09:00,OpenMeteo,3,18.0
2026-05-28T20:31,Istanbul,93401,2026-05-29T10:00,OpenMeteo,2,19.2
2026-05-28T20:31,Istanbul,93401,2026-05-29T11:00,OpenMeteo,1,20.7
2026-05-28T20:31,Istanbul,93401,2026-05-29T12:00,OpenMeteo,0,20.7
2026-05-28T20:31,Istanbul,93401,2026-05-29T13:00,OpenMeteo,0,20.6
2026-05-28T20:31,Istanbul,93401,2026-05-29T14:00,OpenMeteo,0,20.3
2026-05-28T20:31,Istanbul,93401,2026-05-29T15:00,OpenMeteo,0,19.7
2026-05-28T20:31,Istanbul,93401,2026-05-29T16:00,OpenMeteo,0,18.8
2026-05-28T20:31,Istanbul,93401,2026-05-29T17:00,OpenMeteo,0,17.9
2026-05-28T20:31,Istanbul,93401,2026-05-29T18:00,OpenMeteo,0,16.9
2026-05-28T20:31,Istanbul,93401,2026-05-29T19:00,OpenMeteo,0,16.2
2026-05-28T20:31,Istanbul,93401,2026-05-29T20:00,OpenMeteo,0,15.4
2026-05-28T20:31,Istanbul,93401,2026-05-29T21:00,OpenMeteo,1,14.9
2026-05-28T20:31,Istanbul,93401,2026-05-29T22:00,OpenMeteo,2,14.8
2026-05-28T20:31,Istanbul,93401,2026-05-29T23:00,OpenMeteo,0,14.2
2026-05-28T20:31,Izmir,93501,2026-05-28T21:00,MGM,PB,23
2026-05-28T20:31,Izmir,93501,2026-05-29T00:00,MGM,PB,21
2026-05-28T20:31,Izmir,93501,2026-05-29T03:00,MGM,AB,19
2026-05-28T20:31,Izmir,93501,2026-05-29T06:00,MGM,AB,24
2026-05-28T20:31,Izmir,93501,2026-05-29T09:00,MGM,AB,28
2026-05-28T20:31,Izmir,93501,2026-05-29T12:00,MGM,AB,30
2026-05-28T20:31,Izmir,93501,2026-05-29T15:00,MGM,PB,27
2026-05-28T20:31,Izmir,93501,2026-05-29T18:00,MGM,PB,24
2026-05-28T20:31,Izmir,93501,2026-05-29T21:00,MGM,AB,22
2026-05-28T20:31,Izmir,93501,2026-05-28T00:00,OpenMeteo,2,20.0
2026-05-28T20:31,Izmir,93501,2026-05-28T01:00,OpenMeteo,2,20.0
2026-05-28T20:31,Izmir,93501,2026-05-28T02:00,OpenMeteo,2,19.6
2026-05-28T20:31,Izmir,93501,2026-05-28T03:00,OpenMeteo,1,18.5
2026-05-28T20:31,Izmir,93501,2026-05-28T04:00,OpenMeteo,1,18.8
2026-05-28T20:31,Izmir,93501,2026-05-28T05:00,OpenMeteo,3,21.0
2026-05-28T20:31,Izmir,93501,2026-05-28T06:00,OpenMeteo,3,23.4
2026-05-28T20:31,Izmir,93501,2026-05-28T07:00,OpenMeteo,3,24.8
2026-05-28T20:31,Izmir,93501,2026-05-28T08:00,OpenMeteo,2,26.6
2026-05-28T20:31,Izmir,93501,2026-05-28T09:00,OpenMeteo,3,28.1
2026-05-28T20:31,Izmir,93501,2026-05-28T10:00,OpenMeteo,2,28.4
2026-05-28T20:31,Izmir,93501,2026-05-28T11:00,OpenMeteo,1,29.2
2026-05-28T20:31,Izmir,93501,2026-05-28T12:00,OpenMeteo,1,29.7
2026-05-28T20:31,Izmir,93501,2026-05-28T13:00,OpenMeteo,0,29.5
2026-05-28T20:31,Izmir,93501,2026-05-28T14:00,OpenMeteo,2,29.1
2026-05-28T20:31,Izmir,93501,2026-05-28T15:00,OpenMeteo,3,28.1
2026-05-28T20:31,Izmir,93501,2026-05-28T16:00,OpenMeteo,3,26.9
2026-05-28T20:31,Izmir,93501,2026-05-28T17:00,OpenMeteo,3,26.1
2026-05-28T20:31,Izmir,93501,2026-05-28T18:00,OpenMeteo,2,24.9
2026-05-28T20:31,Izmir,93501,2026-05-28T19:00,OpenMeteo,3,23.9
2026-05-28T20:31,Izmir,93501,2026-05-28T20:00,OpenMeteo,3,22.8
2026-05-28T20:31,Izmir,93501,2026-05-28T21:00,OpenMeteo,1,21.4
2026-05-28T20:31,Izmir,93501,2026-05-28T22:00,OpenMeteo,3,20.2
2026-05-28T20:31,Izmir,93501,2026-05-28T23:00,OpenMeteo,3,19.8
2026-05-28T20:31,Izmir,93501,2026-05-29T00:00,OpenMeteo,3,19.7
2026-05-28T20:31,Izmir,93501,2026-05-29T01:00,OpenMeteo,3,19.1
2026-05-28T20:31,Izmir,93501,2026-05-29T02:00,OpenMeteo,3,18.4
2026-05-28T20:31,Izmir,93501,2026-05-29T03:00,OpenMeteo,3,18.1
2026-05-28T20:31,Izmir,93501,2026-05-29T04:00,OpenMeteo,3,18.8
2026-05-28T20:31,Izmir,93501,2026-05-29T05:00,OpenMeteo,3,21.5
2026-05-28T20:31,Izmir,93501,2026-05-29T06:00,OpenMeteo,3,23.4
2026-05-28T20:31,Izmir,93501,2026-05-29T07:00,OpenMeteo,3,25.0
2026-05-28T20:31,Izmir,93501,2026-05-29T08:00,OpenMeteo,3,26.3
2026-05-28T20:31,Izmir,93501,2026-05-29T09:00,OpenMeteo,3,27.6
2026-05-28T20:31,Izmir,93501,2026-05-29T10:00,OpenMeteo,2,28.4
2026-05-28T20:31,Izmir,93501,2026-05-29T11:00,OpenMeteo,2,28.5
2026-05-28T20:31,Izmir,93501,2026-05-29T12:00,OpenMeteo,1,28.8
2026-05-28T20:31,Izmir,93501,2026-05-29T13:00,OpenMeteo,1,28.9
2026-05-28T20:31,Izmir,93501,2026-05-29T14:00,OpenMeteo,0,28.3
2026-05-28T20:31,Izmir,93501,2026-05-29T15:00,OpenMeteo,0,26.7
2026-05-28T20:31,Izmir,93501,2026-05-29T16:00,OpenMeteo,0,25.4
2026-05-28T20:31,Izmir,93501,2026-05-29T17:00,OpenMeteo,0,23.7
2026-05-28T20:31,Izmir,93501,2026-05-29T18:00,OpenMeteo,0,22.0
2026-05-28T20:31,Izmir,93501,2026-05-29T19:00,OpenMeteo,0,20.9
2026-05-28T20:31,Izmir,93501,2026-05-29T20:00,OpenMeteo,0,20.1
2026-05-28T20:31,Izmir,93501,2026-05-29T21:00,OpenMeteo,0,19.7
2026-05-28T20:31,Izmir,93501,2026-05-29T22:00,OpenMeteo,0,19.5
2026-05-28T20:31,Izmir,93501,2026-05-29T23:00,OpenMeteo,0,18.7
2026-05-28T20:31,Antalya,90701,2026-05-28T21:00,MGM,PB,23
2026-05-28T20:31,Antalya,90701,2026-05-29T00:00,MGM,AB,21
2026-05-28T20:31,Antalya,90701,2026-05-29T03:00,MGM,AB,20
2026-05-28T20:31,Antalya,90701,2026-05-29T06:00,MGM,PB,25
2026-05-28T20:31,Antalya,90701,2026-05-29T09:00,MGM,PB,28
2026-05-28T20:31,Antalya,90701,2026-05-29T12:00,MGM,PB,30
2026-05-28T20:31,Antalya,90701,2026-05-29T15:00,MGM,PB,28
2026-05-28T20:31,Antalya,90701,2026-05-29T18:00,MGM,AB,25
2026-05-28T20:31,Antalya,90701,2026-05-29T21:00,MGM,AB,24
2026-05-28T20:31,Antalya,90701,2026-05-28T00:00,OpenMeteo,0,21.0
2026-05-28T20:31,Antalya,90701,2026-05-28T01:00,OpenMeteo,0,20.5
2026-05-28T20:31,Antalya,90701,2026-05-28T02:00,OpenMeteo,0,20.2
2026-05-28T20:31,Antalya,90701,2026-05-28T03:00,OpenMeteo,1,20.0
2026-05-28T20:31,Antalya,90701,2026-05-28T04:00,OpenMeteo,0,20.4
2026-05-28T20:31,Antalya,90701,2026-05-28T05:00,OpenMeteo,1,22.3
2026-05-28T20:31,Antalya,90701,2026-05-28T06:00,OpenMeteo,1,24.5
2026-05-28T20:31,Antalya,90701,2026-05-28T07:00,OpenMeteo,1,25.3
2026-05-28T20:31,Antalya,90701,2026-05-28T08:00,OpenMeteo,1,26.2
2026-05-28T20:31,Antalya,90701,2026-05-28T09:00,OpenMeteo,1,26.4
2026-05-28T20:31,Antalya,90701,2026-05-28T10:00,OpenMeteo,1,26.5
2026-05-28T20:31,Antalya,90701,2026-05-28T11:00,OpenMeteo,1,26.4
2026-05-28T20:31,Antalya,90701,2026-05-28T12:00,OpenMeteo,1,26.3
2026-05-28T20:31,Antalya,90701,2026-05-28T13:00,OpenMeteo,1,25.9
2026-05-28T20:31,Antalya,90701,2026-05-28T14:00,OpenMeteo,3,25.8
2026-05-28T20:31,Antalya,90701,2026-05-28T15:00,OpenMeteo,2,24.4
2026-05-28T20:31,Antalya,90701,2026-05-28T16:00,OpenMeteo,3,23.6
2026-05-28T20:31,Antalya,90701,2026-05-28T17:00,OpenMeteo,80,23.2
2026-05-28T20:31,Antalya,90701,2026-05-28T18:00,OpenMeteo,3,22.9
2026-05-28T20:31,Antalya,90701,2026-05-28T19:00,OpenMeteo,3,22.2
2026-05-28T20:31,Antalya,90701,2026-05-28T20:00,OpenMeteo,3,21.4
2026-05-28T20:31,Antalya,90701,2026-05-28T21:00,OpenMeteo,1,20.9
2026-05-28T20:31,Antalya,90701,2026-05-28T22:00,OpenMeteo,0,20.5
2026-05-28T20:31,Antalya,90701,2026-05-28T23:00,OpenMeteo,1,20.1
2026-05-28T20:31,Antalya,90701,2026-05-29T00:00,OpenMeteo,0,19.5
2026-05-28T20:31,Antalya,90701,2026-05-29T01:00,OpenMeteo,0,18.9
2026-05-28T20:31,Antalya,90701,2026-05-29T02:00,OpenMeteo,0,18.7
2026-05-28T20:31,Antalya,90701,2026-05-29T03:00,OpenMeteo,0,18.9
2026-05-28T20:31,Antalya,90701,2026-05-29T04:00,OpenMeteo,0,19.9
2026-05-28T20:31,Antalya,90701,2026-05-29T05:00,OpenMeteo,0,22.4
2026-05-28T20:31,Antalya,90701,2026-05-29T06:00,OpenMeteo,0,25.2
2026-05-28T20:31,Antalya,90701,2026-05-29T07:00,OpenMeteo,0,27.3
2026-05-28T20:31,Antalya,90701,2026-05-29T08:00,OpenMeteo,0,27.8
2026-05-28T20:31,Antalya,90701,2026-05-29T09:00,OpenMeteo,0,27.8
2026-05-28T20:31,Antalya,90701,2026-05-29T10:00,OpenMeteo,1,26.9
2026-05-28T20:31,Antalya,90701,2026-05-29T11:00,OpenMeteo,0,27.6
2026-05-28T20:31,Antalya,90701,2026-05-29T12:00,OpenMeteo,1,28.0
2026-05-28T20:31,Antalya,90701,2026-05-29T13:00,OpenMeteo,1,28.1
2026-05-28T20:31,Antalya,90701,2026-05-29T14:00,OpenMeteo,1,28.1
2026-05-28T20:31,Antalya,90701,2026-05-29T15:00,OpenMeteo,1,27.5
2026-05-28T20:31,Antalya,90701,2026-05-29T16:00,OpenMeteo,2,26.7
2026-05-28T20:31,Antalya,90701,2026-05-29T17:00,OpenMeteo,2,25.3
2026-05-28T20:31,Antalya,90701,2026-05-29T18:00,OpenMeteo,2,24.2
2026-05-28T20:31,Antalya,90701,2026-05-29T19:00,OpenMeteo,1,23.5
2026-05-28T20:31,Antalya,90701,2026-05-29T20:00,OpenMeteo,2,23.1
2026-05-28T20:31,Antalya,90701,2026-05-29T21:00,OpenMeteo,2,22.7
2026-05-28T20:31,Antalya,90701,2026-05-29T22:00,OpenMeteo,1,23.0
2026-05-28T20:31,Antalya,90701,2026-05-29T23:00,OpenMeteo,1,22.9
2026-05-28T20:31,Ankara,90601,2026-05-28T21:00,MGM,GSY,15
2026-05-28T20:31,Ankara,90601,2026-05-29T00:00,MGM,PB,14
2026-05-28T20:31,Ankara,90601,2026-05-29T03:00,MGM,PB,12
2026-05-28T20:31,Ankara,90601,2026-05-29T06:00,MGM,GSY,16
2026-05-28T20:31,Ankara,90601,2026-05-29T09:00,MGM,GSY,17
2026-05-28T20:31,Ankara,90601,2026-05-29T12:00,MGM,CB,18
2026-05-28T20:31,Ankara,90601,2026-05-29T15:00,MGM,GSY,16
2026-05-28T20:31,Ankara,90601,2026-05-29T18:00,MGM,PB,13
2026-05-28T20:31,Ankara,90601,2026-05-29T21:00,MGM,PB,10
2026-05-28T20:31,Trabzon,96101,2026-05-28T21:00,MGM,GSY,20
2026-05-28T20:31,Trabzon,96101,2026-05-29T00:00,MGM,GSY,19
2026-05-28T20:31,Trabzon,96101,2026-05-29T03:00,MGM,GSY,17
2026-05-28T20:31,Trabzon,96101,2026-05-29T06:00,MGM,KGY,18
2026-05-28T20:31,Trabzon,96101,2026-05-29T09:00,MGM,KGY,19
2026-05-28T20:31,Trabzon,96101,2026-05-29T12:00,MGM,KGY,20
2026-05-28T20:31,Trabzon,96101,2026-05-29T15:00,MGM,KGY,19
2026-05-28T20:31,Trabzon,96101,2026-05-29T18:00,MGM,KGY,18
2026-05-28T20:31,Trabzon,96101,2026-05-29T21:00,MGM,GSY,18
2026-05-28T20:31,Erzurum,92501,2026-05-28T21:00,MGM,GSY,10
2026-05-28T20:31,Erzurum,92501,2026-05-29T00:00,MGM,GSY,9
2026-05-28T20:31,Erzurum,92501,2026-05-29T03:00,MGM,GSY,6
2026-05-28T20:31,Erzurum,92501,2026-05-29T06:00,MGM,GSY,13
2026-05-28T20:31,Erzurum,92501,2026-05-29T09:00,MGM,GSY,15
2026-05-28T20:31,Erzurum,92501,2026-05-29T12:00,MGM,GSY,12
2026-05-28T20:31,Erzurum,92501,2026-05-29T15:00,MGM,GSY,10
2026-05-28T20:31,Erzurum,92501,2026-05-29T18:00,MGM,PB,8
2026-05-28T20:31,Erzurum,92501,2026-05-29T21:00,MGM,PB,6
2026-05-28T20:31,Erzurum,92501,2026-05-28T00:00,OpenMeteo,0,7.5
2026-05-28T20:31,Erzurum,92501,2026-05-28T01:00,OpenMeteo,1,7.5
2026-05-28T20:31,Erzurum,92501,2026-05-28T02:00,OpenMeteo,2,7.5
2026-05-28T20:31,Erzurum,92501,2026-05-28T03:00,OpenMeteo,0,7.2
2026-05-28T20:31,Erzurum,92501,2026-05-28T04:00,OpenMeteo,1,8.5
2026-05-28T20:31,Erzurum,92501,2026-05-28T05:00,OpenMeteo,2,10.0
2026-05-28T20:31,Erzurum,92501,2026-05-28T06:00,OpenMeteo,3,12.6
2026-05-28T20:31,Erzurum,92501,2026-05-28T07:00,OpenMeteo,3,13.8
2026-05-28T20:31,Erzurum,92501,2026-05-28T08:00,OpenMeteo,3,14.7
2026-05-28T20:31,Erzurum,92501,2026-05-28T09:00,OpenMeteo,1,15.0
2026-05-28T20:31,Erzurum,92501,2026-05-28T10:00,OpenMeteo,3,15.6
2026-05-28T20:31,Erzurum,92501,2026-05-28T11:00,OpenMeteo,3,15.4
2026-05-28T20:31,Erzurum,92501,2026-05-28T12:00,OpenMeteo,3,16.9
2026-05-28T20:31,Erzurum,92501,2026-05-28T13:00,OpenMeteo,3,16.6
2026-05-28T20:31,Erzurum,92501,2026-05-28T14:00,OpenMeteo,2,17.0
2026-05-28T20:31,Erzurum,92501,2026-05-28T15:00,OpenMeteo,3,16.0
2026-05-28T20:31,Erzurum,92501,2026-05-28T16:00,OpenMeteo,1,15.0
2026-05-28T20:31,Erzurum,92501,2026-05-28T17:00,OpenMeteo,2,13.2
2026-05-28T20:31,Erzurum,92501,2026-05-28T18:00,OpenMeteo,80,12.1
2026-05-28T20:31,Erzurum,92501,2026-05-28T19:00,OpenMeteo,80,11.1
2026-05-28T20:31,Erzurum,92501,2026-05-28T20:00,OpenMeteo,80,10.5
2026-05-28T20:31,Erzurum,92501,2026-05-28T21:00,OpenMeteo,80,10.2
2026-05-28T20:31,Erzurum,92501,2026-05-28T22:00,OpenMeteo,80,9.8
2026-05-28T20:31,Erzurum,92501,2026-05-28T23:00,OpenMeteo,95,9.5
2026-05-28T20:31,Erzurum,92501,2026-05-29T00:00,OpenMeteo,3,9.4
2026-05-28T20:31,Erzurum,92501,2026-05-29T01:00,OpenMeteo,45,9.0
2026-05-28T20:31,Erzurum,92501,2026-05-29T02:00,OpenMeteo,45,8.6
2026-05-28T20:31,Erzurum,92501,2026-05-29T03:00,OpenMeteo,45,8.5
2026-05-28T20:31,Erzurum,92501,2026-05-29T04:00,OpenMeteo,45,9.7
2026-05-28T20:31,Erzurum,92501,2026-05-29T05:00,OpenMeteo,2,11.2
2026-05-28T20:31,Erzurum,92501,2026-05-29T06:00,OpenMeteo,1,12.9
2026-05-28T20:31,Erzurum,92501,2026-05-29T07:00,OpenMeteo,2,14.2
2026-05-28T20:31,Erzurum,92501,2026-05-29T08:00,OpenMeteo,3,14.1
2026-05-28T20:31,Erzurum,92501,2026-05-29T09:00,OpenMeteo,80,13.8
2026-05-28T20:31,Erzurum,92501,2026-05-29T10:00,OpenMeteo,80,13.5
2026-05-28T20:31,Erzurum,92501,2026-05-29T11:00,OpenMeteo,3,13.6
2026-05-28T20:31,Erzurum,92501,2026-05-29T12:00,OpenMeteo,3,13.9
2026-05-28T20:31,Erzurum,92501,2026-05-29T13:00,OpenMeteo,80,13.0
2026-05-28T20:31,Erzurum,92501,2026-05-29T14:00,OpenMeteo,2,13.3
2026-05-28T20:31,Erzurum,92501,2026-05-29T15:00,OpenMeteo,3,12.5
2026-05-28T20:31,Erzurum,92501,2026-05-29T16:00,OpenMeteo,3,11.2
2026-05-28T20:31,Erzurum,92501,2026-05-29T17:00,OpenMeteo,2,10.2
2026-05-28T20:31,Erzurum,92501,2026-05-29T18:00,OpenMeteo,1,9.0
2026-05-28T20:31,Erzurum,92501,2026-05-29T19:00,OpenMeteo,3,7.8
2026-05-28T20:31,Erzurum,92501,2026-05-29T20:00,OpenMeteo,2,7.3
2026-05-28T20:31,Erzurum,92501,2026-05-29T21:00,OpenMeteo,3,6.9
2026-05-28T20:31,Erzurum,92501,2026-05-29T22:00,OpenMeteo,3,6.5
2026-05-28T20:31,Erzurum,92501,2026-05-29T23:00,OpenMeteo,3,5.9
2026-05-28T20:31,Gaziantep,92701,2026-05-28T00:00,OpenMeteo,3,20.4
2026-05-28T20:31,Gaziantep,92701,2026-05-28T01:00,OpenMeteo,3,20.0
2026-05-28T20:31,Gaziantep,92701,2026-05-28T02:00,OpenMeteo,3,19.7
2026-05-28T20:31,Gaziantep,92701,2026-05-28T03:00,OpenMeteo,2,19.4
2026-05-28T20:31,Gaziantep,92701,2026-05-28T04:00,OpenMeteo,1,20.1
2026-05-28T20:31,Gaziantep,92701,2026-05-28T05:00,OpenMeteo,3,21.5
2026-05-28T20:31,Gaziantep,92701,2026-05-28T06:00,OpenMeteo,3,23.2
2026-05-28T20:31,Gaziantep,92701,2026-05-28T07:00,OpenMeteo,3,24.5
2026-05-28T20:31,Gaziantep,92701,2026-05-28T08:00,OpenMeteo,3,25.8
2026-05-28T20:31,Gaziantep,92701,2026-05-28T09:00,OpenMeteo,3,27.7
2026-05-28T20:31,Gaziantep,92701,2026-05-28T10:00,OpenMeteo,1,28.4
2026-05-28T20:31,Gaziantep,92701,2026-05-28T11:00,OpenMeteo,1,29.2
2026-05-28T20:31,Gaziantep,92701,2026-05-28T12:00,OpenMeteo,0,29.1
2026-05-28T20:31,Gaziantep,92701,2026-05-28T13:00,OpenMeteo,1,28.2
2026-05-28T20:31,Gaziantep,92701,2026-05-28T14:00,OpenMeteo,0,26.0
2026-05-28T20:31,Gaziantep,92701,2026-05-28T15:00,OpenMeteo,0,24.8
2026-05-28T20:31,Gaziantep,92701,2026-05-28T16:00,OpenMeteo,3,22.5
2026-05-28T20:31,Gaziantep,92701,2026-05-28T17:00,OpenMeteo,3,20.3
2026-05-28T20:31,Gaziantep,92701,2026-05-28T18:00,OpenMeteo,3,18.8
2026-05-28T20:31,Gaziantep,92701,2026-05-28T19:00,OpenMeteo,3,17.7
2026-05-28T20:31,Gaziantep,92701,2026-05-28T20:00,OpenMeteo,1,16.9
2026-05-28T20:31,Gaziantep,92701,2026-05-28T21:00,OpenMeteo,0,16.1
2026-05-28T20:31,Gaziantep,92701,2026-05-28T22:00,OpenMeteo,0,15.7
2026-05-28T20:31,Gaziantep,92701,2026-05-28T23:00,OpenMeteo,0,15.5
2026-05-28T20:31,Gaziantep,92701,2026-05-29T00:00,OpenMeteo,3,15.2
2026-05-28T20:31,Gaziantep,92701,2026-05-29T01:00,OpenMeteo,3,15.0
2026-05-28T20:31,Gaziantep,92701,2026-05-29T02:00,OpenMeteo,0,14.7
2026-05-28T20:31,Gaziantep,92701,2026-05-29T03:00,OpenMeteo,0,14.6
2026-05-28T20:31,Gaziantep,92701,2026-05-29T04:00,OpenMeteo,1,15.8
2026-05-28T20:31,Gaziantep,92701,2026-05-29T05:00,OpenMeteo,3,17.3
2026-05-28T20:31,Gaziantep,92701,2026-05-29T06:00,OpenMeteo,1,19.1
2026-05-28T20:31,Gaziantep,92701,2026-05-29T07:00,OpenMeteo,1,20.8
2026-05-28T20:31,Gaziantep,92701,2026-05-29T08:00,OpenMeteo,2,22.0
2026-05-28T20:31,Gaziantep,92701,2026-05-29T09:00,OpenMeteo,1,23.1
2026-05-28T20:31,Gaziantep,92701,2026-05-29T10:00,OpenMeteo,2,23.4
2026-05-28T20:31,Gaziantep,92701,2026-05-29T11:00,OpenMeteo,2,23.8
2026-05-28T20:31,Gaziantep,92701,2026-05-29T12:00,OpenMeteo,3,23.8
2026-05-28T20:31,Gaziantep,92701,2026-05-29T13:00,OpenMeteo,0,23.6
2026-05-28T20:31,Gaziantep,92701,2026-05-29T14:00,OpenMeteo,3,22.9
2026-05-28T20:31,Gaziantep,92701,2026-05-29T15:00,OpenMeteo,3,21.3
2026-05-28T20:31,Gaziantep,92701,2026-05-29T16:00,OpenMeteo,3,20.0
2026-05-28T20:31,Gaziantep,92701,2026-05-29T17:00,OpenMeteo,3,18.7
2026-05-28T20:31,Gaziantep,92701,2026-05-29T18:00,OpenMeteo,3,18.0
2026-05-28T20:31,Gaziantep,92701,2026-05-29T19:00,OpenMeteo,3,17.5
2026-05-28T20:31,Gaziantep,92701,2026-05-29T20:00,OpenMeteo,3,17.0
2026-05-28T20:31,Gaziantep,92701,2026-05-29T21:00,OpenMeteo,3,16.8
2026-05-28T20:31,Gaziantep,92701,2026-05-29T22:00,OpenMeteo,3,16.8
2026-05-28T20:31,Gaziantep,92701,2026-05-29T23:00,OpenMeteo,3,16.5
2026-05-28T22:43,Istanbul,93401,2026-05-29T00:00,MGM,SY,19
2026-05-28T22:43,Istanbul,93401,2026-05-29T03:00,MGM,SY,17
2026-05-28T22:43,Istanbul,93401,2026-05-29T06:00,MGM,SY,19
2026-05-28T22:43,Istanbul,93401,2026-05-29T09:00,MGM,SY,21
2026-05-28T22:43,Istanbul,93401,2026-05-29T12:00,MGM,SY,23
2026-05-28T22:43,Istanbul,93401,2026-05-29T15:00,MGM,PB,23
2026-05-28T22:43,Istanbul,93401,2026-05-29T18:00,MGM,PB,20
2026-05-28T22:43,Istanbul,93401,2026-05-29T21:00,MGM,PB,19
2026-05-28T22:43,Istanbul,93401,2026-05-28T00:00,OpenMeteo,1,16.3
2026-05-28T22:43,Istanbul,93401,2026-05-28T01:00,OpenMeteo,0,16.9
2026-05-28T22:43,Istanbul,93401,2026-05-28T02:00,OpenMeteo,0,17.4
2026-05-28T22:43,Istanbul,93401,2026-05-28T03:00,OpenMeteo,0,17.1
2026-05-28T22:43,Istanbul,93401,2026-05-28T04:00,OpenMeteo,0,17.2
2026-05-28T22:43,Istanbul,93401,2026-05-28T05:00,OpenMeteo,1,18.6
2026-05-28T22:43,Istanbul,93401,2026-05-28T06:00,OpenMeteo,1,20.4
2026-05-28T22:43,Istanbul,93401,2026-05-28T07:00,OpenMeteo,2,21.3
2026-05-28T22:43,Istanbul,93401,2026-05-28T08:00,OpenMeteo,2,21.9
2026-05-28T22:43,Istanbul,93401,2026-05-28T09:00,OpenMeteo,2,22.4
2026-05-28T22:43,Istanbul,93401,2026-05-28T10:00,OpenMeteo,2,23.2
2026-05-28T22:43,Istanbul,93401,2026-05-28T11:00,OpenMeteo,1,23.6
2026-05-28T22:43,Istanbul,93401,2026-05-28T12:00,OpenMeteo,1,25.6
2026-05-28T22:43,Istanbul,93401,2026-05-28T13:00,OpenMeteo,1,26.1
2026-05-28T22:43,Istanbul,93401,2026-05-28T14:00,OpenMeteo,1,24.3
2026-05-28T22:43,Istanbul,93401,2026-05-28T15:00,OpenMeteo,3,22.9
2026-05-28T22:43,Istanbul,93401,2026-05-28T16:00,OpenMeteo,3,21.2
2026-05-28T22:43,Istanbul,93401,2026-05-28T17:00,OpenMeteo,95,19.7
2026-05-28T22:43,Istanbul,93401,2026-05-28T18:00,OpenMeteo,95,19.3
2026-05-28T22:43,Istanbul,93401,2026-05-28T19:00,OpenMeteo,80,19.2
2026-05-28T22:43,Istanbul,93401,2026-05-28T20:00,OpenMeteo,3,18.9
2026-05-28T22:43,Istanbul,93401,2026-05-28T21:00,OpenMeteo,3,18.4
2026-05-28T22:43,Istanbul,93401,2026-05-28T22:00,OpenMeteo,3,18.2
2026-05-28T22:43,Istanbul,93401,2026-05-28T23:00,OpenMeteo,3,17.6
2026-05-28T22:43,Istanbul,93401,2026-05-29T00:00,OpenMeteo,3,17.4
2026-05-28T22:43,Istanbul,93401,2026-05-29T01:00,OpenMeteo,2,17.0
2026-05-28T22:43,Istanbul,93401,2026-05-29T02:00,OpenMeteo,2,16.9
2026-05-28T22:43,Istanbul,93401,2026-05-29T03:00,OpenMeteo,2,16.7
2026-05-28T22:43,Istanbul,93401,2026-05-29T04:00,OpenMeteo,3,17.0
2026-05-28T22:43,Istanbul,93401,2026-05-29T05:00,OpenMeteo,3,17.9
2026-05-28T22:43,Istanbul,93401,2026-05-29T06:00,OpenMeteo,3,17.9
2026-05-28T22:43,Istanbul,93401,2026-05-29T07:00,OpenMeteo,3,16.9
2026-05-28T22:43,Istanbul,93401,2026-05-29T08:00,OpenMeteo,3,17.3
2026-05-28T22:43,Istanbul,93401,2026-05-29T09:00,OpenMeteo,3,18.3
2026-05-28T22:43,Istanbul,93401,2026-05-29T10:00,OpenMeteo,1,19.4
2026-05-28T22:43,Istanbul,93401,2026-05-29T11:00,OpenMeteo,1,20.9
2026-05-28T22:43,Istanbul,93401,2026-05-29T12:00,OpenMeteo,0,20.9
2026-05-28T22:43,Istanbul,93401,2026-05-29T13:00,OpenMeteo,0,20.9
2026-05-28T22:43,Istanbul,93401,2026-05-29T14:00,OpenMeteo,0,20.5
2026-05-28T22:43,Istanbul,93401,2026-05-29T15:00,OpenMeteo,0,19.8
2026-05-28T22:43,Istanbul,93401,2026-05-29T16:00,OpenMeteo,0,19.1
2026-05-28T22:43,Istanbul,93401,2026-05-29T17:00,OpenMeteo,0,18.1
2026-05-28T22:43,Istanbul,93401,2026-05-29T18:00,OpenMeteo,0,17.1
2026-05-28T22:43,Istanbul,93401,2026-05-29T19:00,OpenMeteo,0,16.4
2026-05-28T22:43,Istanbul,93401,2026-05-29T20:00,OpenMeteo,0,15.7
2026-05-28T22:43,Istanbul,93401,2026-05-29T21:00,OpenMeteo,0,15.1
2026-05-28T22:43,Istanbul,93401,2026-05-29T22:00,OpenMeteo,1,14.5
2026-05-28T22:43,Istanbul,93401,2026-05-29T23:00,OpenMeteo,1,14.3
2026-05-28T22:43,Izmir,93501,2026-05-29T00:00,MGM,PB,21
2026-05-28T22:43,Izmir,93501,2026-05-29T03:00,MGM,AB,19
2026-05-28T22:43,Izmir,93501,2026-05-29T06:00,MGM,AB,24
2026-05-28T22:43,Izmir,93501,2026-05-29T09:00,MGM,AB,28
2026-05-28T22:43,Izmir,93501,2026-05-29T12:00,MGM,AB,30
2026-05-28T22:43,Izmir,93501,2026-05-29T15:00,MGM,PB,27
2026-05-28T22:43,Izmir,93501,2026-05-29T18:00,MGM,PB,24
2026-05-28T22:43,Izmir,93501,2026-05-29T21:00,MGM,AB,22
2026-05-28T22:43,Izmir,93501,2026-05-28T00:00,OpenMeteo,2,20.0
2026-05-28T22:43,Izmir,93501,2026-05-28T01:00,OpenMeteo,2,20.0
2026-05-28T22:43,Izmir,93501,2026-05-28T02:00,OpenMeteo,2,19.6
2026-05-28T22:43,Izmir,93501,2026-05-28T03:00,OpenMeteo,1,18.5
2026-05-28T22:43,Izmir,93501,2026-05-28T04:00,OpenMeteo,1,18.8
2026-05-28T22:43,Izmir,93501,2026-05-28T05:00,OpenMeteo,3,21.0
2026-05-28T22:43,Izmir,93501,2026-05-28T06:00,OpenMeteo,3,23.4
2026-05-28T22:43,Izmir,93501,2026-05-28T07:00,OpenMeteo,3,24.8
2026-05-28T22:43,Izmir,93501,2026-05-28T08:00,OpenMeteo,2,26.6
2026-05-28T22:43,Izmir,93501,2026-05-28T09:00,OpenMeteo,3,28.1
2026-05-28T22:43,Izmir,93501,2026-05-28T10:00,OpenMeteo,2,28.4
2026-05-28T22:43,Izmir,93501,2026-05-28T11:00,OpenMeteo,1,29.2
2026-05-28T22:43,Izmir,93501,2026-05-28T12:00,OpenMeteo,1,29.7
2026-05-28T22:43,Izmir,93501,2026-05-28T13:00,OpenMeteo,0,29.5
2026-05-28T22:43,Izmir,93501,2026-05-28T14:00,OpenMeteo,2,29.1
2026-05-28T22:43,Izmir,93501,2026-05-28T15:00,OpenMeteo,3,28.1
2026-05-28T22:43,Izmir,93501,2026-05-28T16:00,OpenMeteo,3,26.9
2026-05-28T22:43,Izmir,93501,2026-05-28T17:00,OpenMeteo,3,26.1
2026-05-28T22:43,Izmir,93501,2026-05-28T18:00,OpenMeteo,2,25.1
2026-05-28T22:43,Izmir,93501,2026-05-28T19:00,OpenMeteo,3,24.4
2026-05-28T22:43,Izmir,93501,2026-05-28T20:00,OpenMeteo,3,23.7
2026-05-28T22:43,Izmir,93501,2026-05-28T21:00,OpenMeteo,1,22.2
2026-05-28T22:43,Izmir,93501,2026-05-28T22:00,OpenMeteo,1,20.6
2026-05-28T22:43,Izmir,93501,2026-05-28T23:00,OpenMeteo,1,19.4
2026-05-28T22:43,Izmir,93501,2026-05-29T00:00,OpenMeteo,2,18.6
2026-05-28T22:43,Izmir,93501,2026-05-29T01:00,OpenMeteo,2,17.9
2026-05-28T22:43,Izmir,93501,2026-05-29T02:00,OpenMeteo,1,18.0
2026-05-28T22:43,Izmir,93501,2026-05-29T03:00,OpenMeteo,3,17.5
2026-05-28T22:43,Izmir,93501,2026-05-29T04:00,OpenMeteo,3,18.1
2026-05-28T22:43,Izmir,93501,2026-05-29T05:00,OpenMeteo,3,21.5
2026-05-28T22:43,Izmir,93501,2026-05-29T06:00,OpenMeteo,3,23.2
2026-05-28T22:43,Izmir,93501,2026-05-29T07:00,OpenMeteo,3,25.1
2026-05-28T22:43,Izmir,93501,2026-05-29T08:00,OpenMeteo,2,26.6
2026-05-28T22:43,Izmir,93501,2026-05-29T09:00,OpenMeteo,3,27.9
2026-05-28T22:43,Izmir,93501,2026-05-29T10:00,OpenMeteo,2,28.6
2026-05-28T22:43,Izmir,93501,2026-05-29T11:00,OpenMeteo,1,28.3
2026-05-28T22:43,Izmir,93501,2026-05-29T12:00,OpenMeteo,1,28.8
2026-05-28T22:43,Izmir,93501,2026-05-29T13:00,OpenMeteo,1,28.7
2026-05-28T22:43,Izmir,93501,2026-05-29T14:00,OpenMeteo,1,27.8
2026-05-28T22:43,Izmir,93501,2026-05-29T15:00,OpenMeteo,0,26.6
2026-05-28T22:43,Izmir,93501,2026-05-29T16:00,OpenMeteo,0,25.0
2026-05-28T22:43,Izmir,93501,2026-05-29T17:00,OpenMeteo,0,23.4
2026-05-28T22:43,Izmir,93501,2026-05-29T18:00,OpenMeteo,0,21.7
2026-05-28T22:43,Izmir,93501,2026-05-29T19:00,OpenMeteo,0,20.8
2026-05-28T22:43,Izmir,93501,2026-05-29T20:00,OpenMeteo,0,19.9
2026-05-28T22:43,Izmir,93501,2026-05-29T21:00,OpenMeteo,0,19.0
2026-05-28T22:43,Izmir,93501,2026-05-29T22:00,OpenMeteo,0,18.1
2026-05-28T22:43,Izmir,93501,2026-05-29T23:00,OpenMeteo,0,17.1
2026-05-28T22:43,Antalya,90701,2026-05-29T00:00,MGM,AB,21
2026-05-28T22:43,Antalya,90701,2026-05-29T03:00,MGM,AB,20
2026-05-28T22:43,Antalya,90701,2026-05-29T06:00,MGM,PB,25
2026-05-28T22:43,Antalya,90701,2026-05-29T09:00,MGM,PB,28
2026-05-28T22:43,Antalya,90701,2026-05-29T12:00,MGM,PB,30
2026-05-28T22:43,Antalya,90701,2026-05-29T15:00,MGM,PB,28
2026-05-28T22:43,Antalya,90701,2026-05-29T18:00,MGM,AB,25
2026-05-28T22:43,Antalya,90701,2026-05-29T21:00,MGM,AB,24
2026-05-28T22:43,Antalya,90701,2026-05-28T00:00,OpenMeteo,0,21.0
2026-05-28T22:43,Antalya,90701,2026-05-28T01:00,OpenMeteo,0,20.5
2026-05-28T22:43,Antalya,90701,2026-05-28T02:00,OpenMeteo,0,20.2
2026-05-28T22:43,Antalya,90701,2026-05-28T03:00,OpenMeteo,1,20.0
2026-05-28T22:43,Antalya,90701,2026-05-28T04:00,OpenMeteo,0,20.4
2026-05-28T22:43,Antalya,90701,2026-05-28T05:00,OpenMeteo,1,22.3
2026-05-28T22:43,Antalya,90701,2026-05-28T06:00,OpenMeteo,1,24.5
2026-05-28T22:43,Antalya,90701,2026-05-28T07:00,OpenMeteo,1,25.3
2026-05-28T22:43,Antalya,90701,2026-05-28T08:00,OpenMeteo,1,26.2
2026-05-28T22:43,Antalya,90701,2026-05-28T09:00,OpenMeteo,1,26.4
2026-05-28T22:43,Antalya,90701,2026-05-28T10:00,OpenMeteo,1,26.5
2026-05-28T22:43,Antalya,90701,2026-05-28T11:00,OpenMeteo,1,26.4
2026-05-28T22:43,Antalya,90701,2026-05-28T12:00,OpenMeteo,1,26.3
2026-05-28T22:43,Antalya,90701,2026-05-28T13:00,OpenMeteo,1,25.9
2026-05-28T22:43,Antalya,90701,2026-05-28T14:00,OpenMeteo,3,25.8
2026-05-28T22:43,Antalya,90701,2026-05-28T15:00,OpenMeteo,2,24.4
2026-05-28T22:43,Antalya,90701,2026-05-28T16:00,OpenMeteo,3,23.6
2026-05-28T22:43,Antalya,90701,2026-05-28T17:00,OpenMeteo,80,23.2
2026-05-28T22:43,Antalya,90701,2026-05-28T18:00,OpenMeteo,3,23.1
2026-05-28T22:43,Antalya,90701,2026-05-28T19:00,OpenMeteo,1,22.6
2026-05-28T22:43,Antalya,90701,2026-05-28T20:00,OpenMeteo,3,21.8
2026-05-28T22:43,Antalya,90701,2026-05-28T21:00,OpenMeteo,1,21.0
2026-05-28T22:43,Antalya,90701,2026-05-28T22:00,OpenMeteo,0,20.3
2026-05-28T22:43,Antalya,90701,2026-05-28T23:00,OpenMeteo,1,19.8
2026-05-28T22:43,Antalya,90701,2026-05-29T00:00,OpenMeteo,0,19.5
2026-05-28T22:43,Antalya,90701,2026-05-29T01:00,OpenMeteo,0,19.6
2026-05-28T22:43,Antalya,90701,2026-05-29T02:00,OpenMeteo,0,19.8
2026-05-28T22:43,Antalya,90701,2026-05-29T03:00,OpenMeteo,0,19.9
2026-05-28T22:43,Antalya,90701,2026-05-29T04:00,OpenMeteo,0,20.6
2026-05-28T22:43,Antalya,90701,2026-05-29T05:00,OpenMeteo,0,22.9
2026-05-28T22:43,Antalya,90701,2026-05-29T06:00,OpenMeteo,0,25.5
2026-05-28T22:43,Antalya,90701,2026-05-29T07:00,OpenMeteo,0,27.3
2026-05-28T22:43,Antalya,90701,2026-05-29T08:00,OpenMeteo,0,28.6
2026-05-28T22:43,Antalya,90701,2026-05-29T09:00,OpenMeteo,2,28.1
2026-05-28T22:43,Antalya,90701,2026-05-29T10:00,OpenMeteo,0,27.1
2026-05-28T22:43,Antalya,90701,2026-05-29T11:00,OpenMeteo,1,27.8
2026-05-28T22:43,Antalya,90701,2026-05-29T12:00,OpenMeteo,1,28.1
2026-05-28T22:43,Antalya,90701,2026-05-29T13:00,OpenMeteo,2,28.0
2026-05-28T22:43,Antalya,90701,2026-05-29T14:00,OpenMeteo,1,27.9
2026-05-28T22:43,Antalya,90701,2026-05-29T15:00,OpenMeteo,1,27.5
2026-05-28T22:43,Antalya,90701,2026-05-29T16:00,OpenMeteo,1,26.9
2026-05-28T22:43,Antalya,90701,2026-05-29T17:00,OpenMeteo,2,25.5
2026-05-28T22:43,Antalya,90701,2026-05-29T18:00,OpenMeteo,1,24.3
2026-05-28T22:43,Antalya,90701,2026-05-29T19:00,OpenMeteo,1,24.0
2026-05-28T22:43,Antalya,90701,2026-05-29T20:00,OpenMeteo,1,24.1
2026-05-28T22:43,Antalya,90701,2026-05-29T21:00,OpenMeteo,0,24.0
2026-05-28T22:43,Antalya,90701,2026-05-29T22:00,OpenMeteo,0,23.4
2026-05-28T22:43,Antalya,90701,2026-05-29T23:00,OpenMeteo,0,22.9
2026-05-28T22:43,Trabzon,96101,2026-05-29T00:00,MGM,GSY,19
2026-05-28T22:43,Trabzon,96101,2026-05-29T03:00,MGM,GSY,17
2026-05-28T22:43,Trabzon,96101,2026-05-29T06:00,MGM,KGY,18
2026-05-28T22:43,Trabzon,96101,2026-05-29T09:00,MGM,KGY,19
2026-05-28T22:43,Trabzon,96101,2026-05-29T12:00,MGM,KGY,20
2026-05-28T22:43,Trabzon,96101,2026-05-29T15:00,MGM,KGY,19
2026-05-28T22:43,Trabzon,96101,2026-05-29T18:00,MGM,KGY,18
2026-05-28T22:43,Trabzon,96101,2026-05-29T21:00,MGM,GSY,18
2026-05-28T22:43,Erzurum,92501,2026-05-29T00:00,MGM,GSY,9
2026-05-28T22:43,Erzurum,92501,2026-05-29T03:00,MGM,GSY,6
2026-05-28T22:43,Erzurum,92501,2026-05-29T06:00,MGM,GSY,13
2026-05-28T22:43,Erzurum,92501,2026-05-29T09:00,MGM,GSY,15
2026-05-28T22:43,Erzurum,92501,2026-05-29T12:00,MGM,GSY,12
2026-05-28T22:43,Erzurum,92501,2026-05-29T15:00,MGM,GSY,10
2026-05-28T22:43,Erzurum,92501,2026-05-29T18:00,MGM,PB,8
2026-05-28T22:43,Erzurum,92501,2026-05-29T21:00,MGM,PB,6
2026-05-28T22:43,Gaziantep,92701,2026-05-29T00:00,MGM,PB,15
2026-05-28T22:43,Gaziantep,92701,2026-05-29T03:00,MGM,PB,14
2026-05-28T22:43,Gaziantep,92701,2026-05-29T06:00,MGM,GSY,20
2026-05-28T22:43,Gaziantep,92701,2026-05-29T09:00,MGM,GSY,22
2026-05-28T22:43,Gaziantep,92701,2026-05-29T12:00,MGM,GSY,25
2026-05-28T22:43,Gaziantep,92701,2026-05-29T15:00,MGM,GSY,22
2026-05-28T22:43,Gaziantep,92701,2026-05-29T18:00,MGM,PB,19
2026-05-28T22:43,Gaziantep,92701,2026-05-29T21:00,MGM,PB,17
2026-05-28T22:43,Gaziantep,92701,2026-05-28T00:00,OpenMeteo,3,20.4
2026-05-28T22:43,Gaziantep,92701,2026-05-28T01:00,OpenMeteo,3,20.0
2026-05-28T22:43,Gaziantep,92701,2026-05-28T02:00,OpenMeteo,3,19.7
2026-05-28T22:43,Gaziantep,92701,2026-05-28T03:00,OpenMeteo,2,19.4
2026-05-28T22:43,Gaziantep,92701,2026-05-28T04:00,OpenMeteo,1,20.1
2026-05-28T22:43,Gaziantep,92701,2026-05-28T05:00,OpenMeteo,3,21.5
2026-05-28T22:43,Gaziantep,92701,2026-05-28T06:00,OpenMeteo,3,23.2
2026-05-28T22:43,Gaziantep,92701,2026-05-28T07:00,OpenMeteo,3,24.5
2026-05-28T22:43,Gaziantep,92701,2026-05-28T08:00,OpenMeteo,3,25.8
2026-05-28T22:43,Gaziantep,92701,2026-05-28T09:00,OpenMeteo,3,27.7
2026-05-28T22:43,Gaziantep,92701,2026-05-28T10:00,OpenMeteo,1,28.4
2026-05-28T22:43,Gaziantep,92701,2026-05-28T11:00,OpenMeteo,1,29.2
2026-05-28T22:43,Gaziantep,92701,2026-05-28T12:00,OpenMeteo,0,29.1
2026-05-28T22:43,Gaziantep,92701,2026-05-28T13:00,OpenMeteo,1,28.2
2026-05-28T22:43,Gaziantep,92701,2026-05-28T14:00,OpenMeteo,0,26.0
2026-05-28T22:43,Gaziantep,92701,2026-05-28T15:00,OpenMeteo,0,24.8
2026-05-28T22:43,Gaziantep,92701,2026-05-28T16:00,OpenMeteo,3,22.5
2026-05-28T22:43,Gaziantep,92701,2026-05-28T17:00,OpenMeteo,3,20.3
2026-05-28T22:43,Gaziantep,92701,2026-05-28T18:00,OpenMeteo,3,18.9
2026-05-28T22:43,Gaziantep,92701,2026-05-28T19:00,OpenMeteo,3,17.8
2026-05-28T22:43,Gaziantep,92701,2026-05-28T20:00,OpenMeteo,0,17.0
2026-05-28T22:43,Gaziantep,92701,2026-05-28T21:00,OpenMeteo,0,16.3
2026-05-28T22:43,Gaziantep,92701,2026-05-28T22:00,OpenMeteo,0,15.8
2026-05-28T22:43,Gaziantep,92701,2026-05-28T23:00,OpenMeteo,0,15.5
2026-05-28T22:43,Gaziantep,92701,2026-05-29T00:00,OpenMeteo,0,15.1
2026-05-28T22:43,Gaziantep,92701,2026-05-29T01:00,OpenMeteo,3,14.9
2026-05-28T22:43,Gaziantep,92701,2026-05-29T02:00,OpenMeteo,2,14.6
2026-05-28T22:43,Gaziantep,92701,2026-05-29T03:00,OpenMeteo,0,14.6
2026-05-28T22:43,Gaziantep,92701,2026-05-29T04:00,OpenMeteo,2,15.7
2026-05-28T22:43,Gaziantep,92701,2026-05-29T05:00,OpenMeteo,2,17.3
2026-05-28T22:43,Gaziantep,92701,2026-05-29T06:00,OpenMeteo,1,19.0
2026-05-28T22:43,Gaziantep,92701,2026-05-29T07:00,OpenMeteo,1,20.7
2026-05-28T22:43,Gaziantep,92701,2026-05-29T08:00,OpenMeteo,2,21.7
2026-05-28T22:43,Gaziantep,92701,2026-05-29T09:00,OpenMeteo,2,22.8
2026-05-28T22:43,Gaziantep,92701,2026-05-29T10:00,OpenMeteo,2,23.3
2026-05-28T22:43,Gaziantep,92701,2026-05-29T11:00,OpenMeteo,3,23.8
2026-05-28T22:43,Gaziantep,92701,2026-05-29T12:00,OpenMeteo,3,23.9
2026-05-28T22:43,Gaziantep,92701,2026-05-29T13:00,OpenMeteo,0,23.8
2026-05-28T22:43,Gaziantep,92701,2026-05-29T14:00,OpenMeteo,1,23.0
2026-05-28T22:43,Gaziantep,92701,2026-05-29T15:00,OpenMeteo,3,21.5
2026-05-28T22:43,Gaziantep,92701,2026-05-29T16:00,OpenMeteo,3,20.0
2026-05-28T22:43,Gaziantep,92701,2026-05-29T17:00,OpenMeteo,3,18.7
2026-05-28T22:43,Gaziantep,92701,2026-05-29T18:00,OpenMeteo,3,18.0
2026-05-28T22:43,Gaziantep,92701,2026-05-29T19:00,OpenMeteo,3,17.5
2026-05-28T22:43,Gaziantep,92701,2026-05-29T20:00,OpenMeteo,3,17.2
2026-05-28T22:43,Gaziantep,92701,2026-05-29T21:00,OpenMeteo,3,16.9
2026-05-28T22:43,Gaziantep,92701,2026-05-29T22:00,OpenMeteo,3,16.7
2026-05-28T22:43,Gaziantep,92701,2026-05-29T23:00,OpenMeteo,2,16.4
2026-05-29T04:13,Istanbul,93401,2026-05-29T06:00,MGM,SY,19
2026-05-29T04:13,Istanbul,93401,2026-05-29T09:00,MGM,SY,21
2026-05-29T04:13,Istanbul,93401,2026-05-29T12:00,MGM,SY,23
2026-05-29T04:13,Istanbul,93401,2026-05-29T15:00,MGM,PB,23
2026-05-29T04:13,Istanbul,93401,2026-05-29T18:00,MGM,PB,20
2026-05-29T04:13,Istanbul,93401,2026-05-29T21:00,MGM,PB,19
2026-05-29T04:13,Istanbul,93401,2026-05-29T00:00,OpenMeteo,3,17.1
2026-05-29T04:13,Istanbul,93401,2026-05-29T01:00,OpenMeteo,3,17.0
2026-05-29T04:13,Istanbul,93401,2026-05-29T02:00,OpenMeteo,2,16.8
2026-05-29T04:13,Istanbul,93401,2026-05-29T03:00,OpenMeteo,2,16.5
2026-05-29T04:13,Istanbul,93401,2026-05-29T04:00,OpenMeteo,3,16.9
2026-05-29T04:13,Istanbul,93401,2026-05-29T05:00,OpenMeteo,3,18.3
2026-05-29T04:13,Istanbul,93401,2026-05-29T06:00,OpenMeteo,3,17.1
2026-05-29T04:13,Istanbul,93401,2026-05-29T07:00,OpenMeteo,3,16.6
2026-05-29T04:13,Istanbul,93401,2026-05-29T08:00,OpenMeteo,3,17.1
2026-05-29T04:13,Istanbul,93401,2026-05-29T09:00,OpenMeteo,3,18.1
2026-05-29T04:13,Istanbul,93401,2026-05-29T10:00,OpenMeteo,1,19.7
2026-05-29T04:13,Istanbul,93401,2026-05-29T11:00,OpenMeteo,1,20.7
2026-05-29T04:13,Istanbul,93401,2026-05-29T12:00,OpenMeteo,0,21.0
2026-05-29T04:13,Istanbul,93401,2026-05-29T13:00,OpenMeteo,0,21.0
2026-05-29T04:13,Istanbul,93401,2026-05-29T14:00,OpenMeteo,0,20.5
2026-05-29T04:13,Istanbul,93401,2026-05-29T15:00,OpenMeteo,0,20.0
2026-05-29T04:13,Istanbul,93401,2026-05-29T16:00,OpenMeteo,0,19.1
2026-05-29T04:13,Istanbul,93401,2026-05-29T17:00,OpenMeteo,0,18.1
2026-05-29T04:13,Istanbul,93401,2026-05-29T18:00,OpenMeteo,1,17.1
2026-05-29T04:13,Istanbul,93401,2026-05-29T19:00,OpenMeteo,1,16.5
2026-05-29T04:13,Istanbul,93401,2026-05-29T20:00,OpenMeteo,0,15.8
2026-05-29T04:13,Istanbul,93401,2026-05-29T21:00,OpenMeteo,0,15.1
2026-05-29T04:13,Istanbul,93401,2026-05-29T22:00,OpenMeteo,0,14.6
2026-05-29T04:13,Istanbul,93401,2026-05-29T23:00,OpenMeteo,1,14.4
2026-05-29T04:13,Istanbul,93401,2026-05-30T00:00,OpenMeteo,1,14.3
2026-05-29T04:13,Istanbul,93401,2026-05-30T01:00,OpenMeteo,0,14.3
2026-05-29T04:13,Istanbul,93401,2026-05-30T02:00,OpenMeteo,1,14.3
2026-05-29T04:13,Istanbul,93401,2026-05-30T03:00,OpenMeteo,1,14.3
2026-05-29T04:13,Istanbul,93401,2026-05-30T04:00,OpenMeteo,0,14.9
2026-05-29T04:13,Istanbul,93401,2026-05-30T05:00,OpenMeteo,0,16.8
2026-05-29T04:13,Istanbul,93401,2026-05-30T06:00,OpenMeteo,0,18.4
2026-05-29T04:13,Istanbul,93401,2026-05-30T07:00,OpenMeteo,2,19.5
2026-05-29T04:13,Istanbul,93401,2026-05-30T08:00,OpenMeteo,1,20.2
2026-05-29T04:13,Istanbul,93401,2026-05-30T09:00,OpenMeteo,3,20.4
2026-05-29T04:13,Istanbul,93401,2026-05-30T10:00,OpenMeteo,1,20.9
2026-05-29T04:13,Istanbul,93401,2026-05-30T11:00,OpenMeteo,1,21.1
2026-05-29T04:13,Istanbul,93401,2026-05-30T12:00,OpenMeteo,2,21.3
2026-05-29T04:13,Istanbul,93401,2026-05-30T13:00,OpenMeteo,1,21.6
2026-05-29T04:13,Istanbul,93401,2026-05-30T14:00,OpenMeteo,1,21.5
2026-05-29T04:13,Istanbul,93401,2026-05-30T15:00,OpenMeteo,2,21.4
2026-05-29T04:13,Istanbul,93401,2026-05-30T16:00,OpenMeteo,1,20.9
2026-05-29T04:13,Istanbul,93401,2026-05-30T17:00,OpenMeteo,1,20.2
2026-05-29T04:13,Istanbul,93401,2026-05-30T18:00,OpenMeteo,1,19.4
2026-05-29T04:13,Istanbul,93401,2026-05-30T19:00,OpenMeteo,3,18.9
2026-05-29T04:13,Istanbul,93401,2026-05-30T20:00,OpenMeteo,1,18.5
2026-05-29T04:13,Istanbul,93401,2026-05-30T21:00,OpenMeteo,1,18.1
2026-05-29T04:13,Istanbul,93401,2026-05-30T22:00,OpenMeteo,2,18.0
2026-05-29T04:13,Istanbul,93401,2026-05-30T23:00,OpenMeteo,1,17.9
2026-05-29T04:13,Izmir,93501,2026-05-29T06:00,MGM,AB,24
2026-05-29T04:13,Izmir,93501,2026-05-29T09:00,MGM,AB,28
2026-05-29T04:13,Izmir,93501,2026-05-29T12:00,MGM,AB,30
2026-05-29T04:13,Izmir,93501,2026-05-29T15:00,MGM,PB,27
2026-05-29T04:13,Izmir,93501,2026-05-29T18:00,MGM,PB,24
2026-05-29T04:13,Izmir,93501,2026-05-29T21:00,MGM,AB,22
2026-05-29T04:13,Izmir,93501,2026-05-29T00:00,OpenMeteo,1,18.5
2026-05-29T04:13,Izmir,93501,2026-05-29T01:00,OpenMeteo,0,17.8
2026-05-29T04:13,Izmir,93501,2026-05-29T02:00,OpenMeteo,1,17.5
2026-05-29T04:13,Izmir,93501,2026-05-29T03:00,OpenMeteo,1,17.2
2026-05-29T04:13,Izmir,93501,2026-05-29T04:00,OpenMeteo,1,18.0
2026-05-29T04:13,Izmir,93501,2026-05-29T05:00,OpenMeteo,1,21.4
2026-05-29T04:13,Izmir,93501,2026-05-29T06:00,OpenMeteo,2,23.5
2026-05-29T04:13,Izmir,93501,2026-05-29T07:00,OpenMeteo,3,25.2
2026-05-29T04:13,Izmir,93501,2026-05-29T08:00,OpenMeteo,2,26.4
2026-05-29T04:13,Izmir,93501,2026-05-29T09:00,OpenMeteo,3,27.6
2026-05-29T04:13,Izmir,93501,2026-05-29T10:00,OpenMeteo,2,28.2
2026-05-29T04:13,Izmir,93501,2026-05-29T11:00,OpenMeteo,1,28.6
2026-05-29T04:13,Izmir,93501,2026-05-29T12:00,OpenMeteo,2,29.0
2026-05-29T04:13,Izmir,93501,2026-05-29T13:00,OpenMeteo,1,28.4
2026-05-29T04:13,Izmir,93501,2026-05-29T14:00,OpenMeteo,0,27.8
2026-05-29T04:13,Izmir,93501,2026-05-29T15:00,OpenMeteo,0,26.6
2026-05-29T04:13,Izmir,93501,2026-05-29T16:00,OpenMeteo,0,25.1
2026-05-29T04:13,Izmir,93501,2026-05-29T17:00,OpenMeteo,0,23.4
2026-05-29T04:13,Izmir,93501,2026-05-29T18:00,OpenMeteo,0,21.6
2026-05-29T04:13,Izmir,93501,2026-05-29T19:00,OpenMeteo,0,20.4
2026-05-29T04:13,Izmir,93501,2026-05-29T20:00,OpenMeteo,0,19.4
2026-05-29T04:13,Izmir,93501,2026-05-29T21:00,OpenMeteo,0,18.4
2026-05-29T04:13,Izmir,93501,2026-05-29T22:00,OpenMeteo,0,17.4
2026-05-29T04:13,Izmir,93501,2026-05-29T23:00,OpenMeteo,0,16.5
2026-05-29T04:13,Izmir,93501,2026-05-30T00:00,OpenMeteo,0,15.8
2026-05-29T04:13,Izmir,93501,2026-05-30T01:00,OpenMeteo,0,15.2
2026-05-29T04:13,Izmir,93501,2026-05-30T02:00,OpenMeteo,0,14.6
2026-05-29T04:13,Izmir,93501,2026-05-30T03:00,OpenMeteo,0,14.0
2026-05-29T04:13,Izmir,93501,2026-05-30T04:00,OpenMeteo,0,14.6
2026-05-29T04:13,Izmir,93501,2026-05-30T05:00,OpenMeteo,0,18.0
2026-05-29T04:13,Izmir,93501,2026-05-30T06:00,OpenMeteo,0,22.0
2026-05-29T04:13,Izmir,93501,2026-05-30T07:00,OpenMeteo,0,23.8
2026-05-29T04:13,Izmir,93501,2026-05-30T08:00,OpenMeteo,0,25.0
2026-05-29T04:13,Izmir,93501,2026-05-30T09:00,OpenMeteo,0,26.3
2026-05-29T04:13,Izmir,93501,2026-05-30T10:00,OpenMeteo,0,27.5
2026-05-29T04:13,Izmir,93501,2026-05-30T11:00,OpenMeteo,0,28.1
2026-05-29T04:13,Izmir,93501,2026-05-30T12:00,OpenMeteo,0,28.5
2026-05-29T04:13,Izmir,93501,2026-05-30T13:00,OpenMeteo,0,29.0
2026-05-29T04:13,Izmir,93501,2026-05-30T14:00,OpenMeteo,0,28.9
2026-05-29T04:13,Izmir,93501,2026-05-30T15:00,OpenMeteo,0,27.9
2026-05-29T04:13,Izmir,93501,2026-05-30T16:00,OpenMeteo,0,26.3
2026-05-29T04:13,Izmir,93501,2026-05-30T17:00,OpenMeteo,0,24.9
2026-05-29T04:13,Izmir,93501,2026-05-30T18:00,OpenMeteo,0,23.0
2026-05-29T04:13,Izmir,93501,2026-05-30T19:00,OpenMeteo,0,20.9
2026-05-29T04:13,Izmir,93501,2026-05-30T20:00,OpenMeteo,0,17.8
2026-05-29T04:13,Izmir,93501,2026-05-30T21:00,OpenMeteo,0,16.4
2026-05-29T04:13,Izmir,93501,2026-05-30T22:00,OpenMeteo,0,15.5
2026-05-29T04:13,Izmir,93501,2026-05-30T23:00,OpenMeteo,0,14.9
2026-05-29T04:13,Antalya,90701,2026-05-29T06:00,MGM,PB,25
2026-05-29T04:13,Antalya,90701,2026-05-29T09:00,MGM,PB,28
2026-05-29T04:13,Antalya,90701,2026-05-29T12:00,MGM,PB,30
2026-05-29T04:13,Antalya,90701,2026-05-29T15:00,MGM,PB,28
2026-05-29T04:13,Antalya,90701,2026-05-29T18:00,MGM,AB,25
2026-05-29T04:13,Antalya,90701,2026-05-29T21:00,MGM,AB,24
2026-05-29T04:13,Antalya,90701,2026-05-29T00:00,OpenMeteo,0,19.8
2026-05-29T04:13,Antalya,90701,2026-05-29T01:00,OpenMeteo,0,19.7
2026-05-29T04:13,Antalya,90701,2026-05-29T02:00,OpenMeteo,0,20.2
2026-05-29T04:13,Antalya,90701,2026-05-29T03:00,OpenMeteo,0,20.4
2026-05-29T04:13,Antalya,90701,2026-05-29T04:00,OpenMeteo,0,21.3
2026-05-29T04:13,Antalya,90701,2026-05-29T05:00,OpenMeteo,0,23.3
2026-05-29T04:13,Antalya,90701,2026-05-29T06:00,OpenMeteo,0,25.7
2026-05-29T04:13,Antalya,90701,2026-05-29T07:00,OpenMeteo,0,27.3
2026-05-29T04:13,Antalya,90701,2026-05-29T08:00,OpenMeteo,0,28.7
2026-05-29T04:13,Antalya,90701,2026-05-29T09:00,OpenMeteo,0,29.3
2026-05-29T04:13,Antalya,90701,2026-05-29T10:00,OpenMeteo,2,27.4
2026-05-29T04:13,Antalya,90701,2026-05-29T11:00,OpenMeteo,2,27.5
2026-05-29T04:13,Antalya,90701,2026-05-29T12:00,OpenMeteo,0,27.9
2026-05-29T04:13,Antalya,90701,2026-05-29T13:00,OpenMeteo,1,28.0
2026-05-29T04:13,Antalya,90701,2026-05-29T14:00,OpenMeteo,2,27.9
2026-05-29T04:13,Antalya,90701,2026-05-29T15:00,OpenMeteo,2,27.9
2026-05-29T04:13,Antalya,90701,2026-05-29T16:00,OpenMeteo,2,28.7
2026-05-29T04:13,Antalya,90701,2026-05-29T17:00,OpenMeteo,3,27.1
2026-05-29T04:13,Antalya,90701,2026-05-29T18:00,OpenMeteo,0,25.0
2026-05-29T04:13,Antalya,90701,2026-05-29T19:00,OpenMeteo,0,24.6
2026-05-29T04:13,Antalya,90701,2026-05-29T20:00,OpenMeteo,1,24.8
2026-05-29T04:13,Antalya,90701,2026-05-29T21:00,OpenMeteo,0,24.3
2026-05-29T04:13,Antalya,90701,2026-05-29T22:00,OpenMeteo,0,23.5
2026-05-29T04:13,Antalya,90701,2026-05-29T23:00,OpenMeteo,0,23.0
2026-05-29T04:13,Antalya,90701,2026-05-30T00:00,OpenMeteo,0,22.4
2026-05-29T04:13,Antalya,90701,2026-05-30T01:00,OpenMeteo,0,22.0
2026-05-29T04:13,Antalya,90701,2026-05-30T02:00,OpenMeteo,0,21.5
2026-05-29T04:13,Antalya,90701,2026-05-30T03:00,OpenMeteo,0,21.1
2026-05-29T04:13,Antalya,90701,2026-05-30T04:00,OpenMeteo,0,21.7
2026-05-29T04:13,Antalya,90701,2026-05-30T05:00,OpenMeteo,0,22.7
2026-05-29T04:13,Antalya,90701,2026-05-30T06:00,OpenMeteo,0,24.2
2026-05-29T04:13,Antalya,90701,2026-05-30T07:00,OpenMeteo,0,25.8
2026-05-29T04:13,Antalya,90701,2026-05-30T08:00,OpenMeteo,0,27.2
2026-05-29T04:13,Antalya,90701,2026-05-30T09:00,OpenMeteo,0,28.5
2026-05-29T04:13,Antalya,90701,2026-05-30T10:00,OpenMeteo,0,29.6
2026-05-29T04:13,Antalya,90701,2026-05-30T11:00,OpenMeteo,0,30.4
2026-05-29T04:13,Antalya,90701,2026-05-30T12:00,OpenMeteo,0,29.8
2026-05-29T04:13,Antalya,90701,2026-05-30T13:00,OpenMeteo,0,27.2
2026-05-29T04:13,Antalya,90701,2026-05-30T14:00,OpenMeteo,0,26.5
2026-05-29T04:13,Antalya,90701,2026-05-30T15:00,OpenMeteo,0,25.7
2026-05-29T04:13,Antalya,90701,2026-05-30T16:00,OpenMeteo,0,25.1
2026-05-29T04:13,Antalya,90701,2026-05-30T17:00,OpenMeteo,0,24.4
2026-05-29T04:13,Antalya,90701,2026-05-30T18:00,OpenMeteo,0,23.5
2026-05-29T04:13,Antalya,90701,2026-05-30T19:00,OpenMeteo,0,22.6
2026-05-29T04:13,Antalya,90701,2026-05-30T20:00,OpenMeteo,0,21.3
2026-05-29T04:13,Antalya,90701,2026-05-30T21:00,OpenMeteo,0,20.2
2026-05-29T04:13,Antalya,90701,2026-05-30T22:00,OpenMeteo,0,19.4
2026-05-29T04:13,Antalya,90701,2026-05-30T23:00,OpenMeteo,0,18.8
2026-05-29T04:13,Ankara,90601,2026-05-29T06:00,MGM,GSY,16
2026-05-29T04:13,Ankara,90601,2026-05-29T09:00,MGM,GSY,17
2026-05-29T04:13,Ankara,90601,2026-05-29T12:00,MGM,CB,18
2026-05-29T04:13,Ankara,90601,2026-05-29T15:00,MGM,GSY,16
2026-05-29T04:13,Ankara,90601,2026-05-29T18:00,MGM,PB,13
2026-05-29T04:13,Ankara,90601,2026-05-29T21:00,MGM,PB,10
2026-05-29T04:13,Ankara,90601,2026-05-29T00:00,OpenMeteo,2,14.3
2026-05-29T04:13,Ankara,90601,2026-05-29T01:00,OpenMeteo,2,14.0
2026-05-29T04:13,Ankara,90601,2026-05-29T02:00,OpenMeteo,2,13.6
2026-05-29T04:13,Ankara,90601,2026-05-29T03:00,OpenMeteo,45,13.3
2026-05-29T04:13,Ankara,90601,2026-05-29T04:00,OpenMeteo,80,13.6
2026-05-29T04:13,Ankara,90601,2026-05-29T05:00,OpenMeteo,2,14.2
2026-05-29T04:13,Ankara,90601,2026-05-29T06:00,OpenMeteo,3,15.1
2026-05-29T04:13,Ankara,90601,2026-05-29T07:00,OpenMeteo,3,15.6
2026-05-29T04:13,Ankara,90601,2026-05-29T08:00,OpenMeteo,3,16.0
2026-05-29T04:13,Ankara,90601,2026-05-29T09:00,OpenMeteo,2,17.4
2026-05-29T04:13,Ankara,90601,2026-05-29T10:00,OpenMeteo,3,18.2
2026-05-29T04:13,Ankara,90601,2026-05-29T11:00,OpenMeteo,3,18.3
2026-05-29T04:13,Ankara,90601,2026-05-29T12:00,OpenMeteo,3,16.4
2026-05-29T04:13,Ankara,90601,2026-05-29T13:00,OpenMeteo,3,15.0
2026-05-29T04:13,Ankara,90601,2026-05-29T14:00,OpenMeteo,2,14.4
2026-05-29T04:13,Ankara,90601,2026-05-29T15:00,OpenMeteo,1,14.6
2026-05-29T04:13,Ankara,90601,2026-05-29T16:00,OpenMeteo,0,13.8
2026-05-29T04:13,Ankara,90601,2026-05-29T17:00,OpenMeteo,0,12.6
2026-05-29T04:13,Ankara,90601,2026-05-29T18:00,OpenMeteo,0,11.3
2026-05-29T04:13,Ankara,90601,2026-05-29T19:00,OpenMeteo,0,10.3
2026-05-29T04:13,Ankara,90601,2026-05-29T20:00,OpenMeteo,0,9.3
2026-05-29T04:13,Ankara,90601,2026-05-29T21:00,OpenMeteo,0,8.4
2026-05-29T04:13,Ankara,90601,2026-05-29T22:00,OpenMeteo,0,7.5
2026-05-29T04:13,Ankara,90601,2026-05-29T23:00,OpenMeteo,0,7.0
2026-05-29T04:13,Ankara,90601,2026-05-30T00:00,OpenMeteo,0,6.4
2026-05-29T04:13,Ankara,90601,2026-05-30T01:00,OpenMeteo,0,5.6
2026-05-29T04:13,Ankara,90601,2026-05-30T02:00,OpenMeteo,0,5.0
2026-05-29T04:13,Ankara,90601,2026-05-30T03:00,OpenMeteo,0,4.8
2026-05-29T04:13,Ankara,90601,2026-05-30T04:00,OpenMeteo,0,6.1
2026-05-29T04:13,Ankara,90601,2026-05-30T05:00,OpenMeteo,0,8.6
2026-05-29T04:13,Ankara,90601,2026-05-30T06:00,OpenMeteo,0,10.7
2026-05-29T04:13,Ankara,90601,2026-05-30T07:00,OpenMeteo,0,12.7
2026-05-29T04:13,Ankara,90601,2026-05-30T08:00,OpenMeteo,1,14.5
2026-05-29T04:13,Ankara,90601,2026-05-30T09:00,OpenMeteo,2,15.3
2026-05-29T04:13,Ankara,90601,2026-05-30T10:00,OpenMeteo,2,16.1
2026-05-29T04:13,Ankara,90601,2026-05-30T11:00,OpenMeteo,2,16.6
2026-05-29T04:13,Ankara,90601,2026-05-30T12:00,OpenMeteo,2,17.6
2026-05-29T04:13,Ankara,90601,2026-05-30T13:00,OpenMeteo,2,17.8
2026-05-29T04:13,Ankara,90601,2026-05-30T14:00,OpenMeteo,2,18.0
2026-05-29T04:13,Ankara,90601,2026-05-30T15:00,OpenMeteo,1,17.9
2026-05-29T04:13,Ankara,90601,2026-05-30T16:00,OpenMeteo,1,17.3
2026-05-29T04:13,Ankara,90601,2026-05-30T17:00,OpenMeteo,1,16.1
2026-05-29T04:13,Ankara,90601,2026-05-30T18:00,OpenMeteo,0,14.4
2026-05-29T04:13,Ankara,90601,2026-05-30T19:00,OpenMeteo,1,13.6
2026-05-29T04:13,Ankara,90601,2026-05-30T20:00,OpenMeteo,0,11.5
2026-05-29T04:13,Ankara,90601,2026-05-30T21:00,OpenMeteo,0,9.7
2026-05-29T04:13,Ankara,90601,2026-05-30T22:00,OpenMeteo,0,8.8
2026-05-29T04:13,Ankara,90601,2026-05-30T23:00,OpenMeteo,0,8.1
2026-05-29T04:13,Erzurum,92501,2026-05-29T06:00,MGM,GSY,13
2026-05-29T04:13,Erzurum,92501,2026-05-29T09:00,MGM,GSY,15
2026-05-29T04:13,Erzurum,92501,2026-05-29T12:00,MGM,GSY,12
2026-05-29T04:13,Erzurum,92501,2026-05-29T15:00,MGM,GSY,10
2026-05-29T04:13,Erzurum,92501,2026-05-29T18:00,MGM,PB,8
2026-05-29T04:13,Erzurum,92501,2026-05-29T21:00,MGM,PB,6
2026-05-29T04:13,Gaziantep,92701,2026-05-29T06:00,MGM,GSY,20
2026-05-29T04:13,Gaziantep,92701,2026-05-29T09:00,MGM,GSY,22
2026-05-29T04:13,Gaziantep,92701,2026-05-29T12:00,MGM,GSY,25
2026-05-29T04:13,Gaziantep,92701,2026-05-29T15:00,MGM,GSY,22
2026-05-29T04:13,Gaziantep,92701,2026-05-29T18:00,MGM,PB,19
2026-05-29T04:13,Gaziantep,92701,2026-05-29T21:00,MGM,PB,17
2026-05-29T10:05,Istanbul,93401,2026-05-29T12:00,MGM,CB,23
2026-05-29T10:05,Istanbul,93401,2026-05-29T15:00,MGM,PB,23
2026-05-29T10:05,Istanbul,93401,2026-05-29T18:00,MGM,PB,18
2026-05-29T10:05,Istanbul,93401,2026-05-29T21:00,MGM,PB,17
2026-05-29T10:05,Istanbul,93401,2026-05-30T00:00,MGM,AB,16
2026-05-29T10:05,Istanbul,93401,2026-05-30T03:00,MGM,AB,15
2026-05-29T10:05,Istanbul,93401,2026-05-30T06:00,MGM,AB,19
2026-05-29T10:05,Istanbul,93401,2026-05-30T09:00,MGM,PB,20
2026-05-29T10:05,Istanbul,93401,2026-05-30T12:00,MGM,PB,22
2026-05-29T10:05,Istanbul,93401,2026-05-30T15:00,MGM,PB,23
2026-05-29T10:05,Istanbul,93401,2026-05-30T18:00,MGM,AB,21
2026-05-29T10:05,Istanbul,93401,2026-05-30T21:00,MGM,AB,20
2026-05-29T10:05,Istanbul,93401,2026-05-29T00:00,OpenMeteo,3,17.1
2026-05-29T10:05,Istanbul,93401,2026-05-29T01:00,OpenMeteo,3,17.0
2026-05-29T10:05,Istanbul,93401,2026-05-29T02:00,OpenMeteo,2,16.8
2026-05-29T10:05,Istanbul,93401,2026-05-29T03:00,OpenMeteo,2,16.7
2026-05-29T10:05,Istanbul,93401,2026-05-29T04:00,OpenMeteo,3,17.1
2026-05-29T10:05,Istanbul,93401,2026-05-29T05:00,OpenMeteo,3,18.3
2026-05-29T10:05,Istanbul,93401,2026-05-29T06:00,OpenMeteo,3,16.8
2026-05-29T10:05,Istanbul,93401,2026-05-29T07:00,OpenMeteo,61,16.5
2026-05-29T10:05,Istanbul,93401,2026-05-29T08:00,OpenMeteo,3,16.9
2026-05-29T10:05,Istanbul,93401,2026-05-29T09:00,OpenMeteo,2,18.1
2026-05-29T10:05,Istanbul,93401,2026-05-29T10:00,OpenMeteo,1,20.0
2026-05-29T10:05,Istanbul,93401,2026-05-29T11:00,OpenMeteo,1,20.5
2026-05-29T10:05,Istanbul,93401,2026-05-29T12:00,OpenMeteo,0,21.2
2026-05-29T10:05,Istanbul,93401,2026-05-29T13:00,OpenMeteo,0,21.2
2026-05-29T10:05,Istanbul,93401,2026-05-29T14:00,OpenMeteo,0,20.6
2026-05-29T10:05,Istanbul,93401,2026-05-29T15:00,OpenMeteo,0,20.1
2026-05-29T10:05,Istanbul,93401,2026-05-29T16:00,OpenMeteo,0,19.3
2026-05-29T10:05,Istanbul,93401,2026-05-29T17:00,OpenMeteo,0,18.2
2026-05-29T10:05,Istanbul,93401,2026-05-29T18:00,OpenMeteo,1,17.2
2026-05-29T10:05,Istanbul,93401,2026-05-29T19:00,OpenMeteo,1,16.6
2026-05-29T10:05,Istanbul,93401,2026-05-29T20:00,OpenMeteo,1,15.8
2026-05-29T10:05,Istanbul,93401,2026-05-29T21:00,OpenMeteo,0,15.1
2026-05-29T10:05,Istanbul,93401,2026-05-29T22:00,OpenMeteo,0,14.6
2026-05-29T10:05,Istanbul,93401,2026-05-29T23:00,OpenMeteo,0,14.5
2026-05-29T10:05,Istanbul,93401,2026-05-30T00:00,OpenMeteo,0,14.4
2026-05-29T10:05,Istanbul,93401,2026-05-30T01:00,OpenMeteo,0,14.3
2026-05-29T10:05,Istanbul,93401,2026-05-30T02:00,OpenMeteo,0,14.3
2026-05-29T10:05,Istanbul,93401,2026-05-30T03:00,OpenMeteo,0,14.5
2026-05-29T10:05,Istanbul,93401,2026-05-30T04:00,OpenMeteo,1,15.3
2026-05-29T10:05,Istanbul,93401,2026-05-30T05:00,OpenMeteo,2,17.1
2026-05-29T10:05,Istanbul,93401,2026-05-30T06:00,OpenMeteo,1,18.7
2026-05-29T10:05,Istanbul,93401,2026-05-30T07:00,OpenMeteo,0,19.8
2026-05-29T10:05,Istanbul,93401,2026-05-30T08:00,OpenMeteo,0,20.3
2026-05-29T10:05,Istanbul,93401,2026-05-30T09:00,OpenMeteo,2,20.2
2026-05-29T10:05,Istanbul,93401,2026-05-30T10:00,OpenMeteo,2,20.6
2026-05-29T10:05,Istanbul,93401,2026-05-30T11:00,OpenMeteo,2,21.2
2026-05-29T10:05,Istanbul,93401,2026-05-30T12:00,OpenMeteo,1,21.5
2026-05-29T10:05,Istanbul,93401,2026-05-30T13:00,OpenMeteo,1,21.6
2026-05-29T10:05,Istanbul,93401,2026-05-30T14:00,OpenMeteo,1,21.5
2026-05-29T10:05,Istanbul,93401,2026-05-30T15:00,OpenMeteo,1,21.3
2026-05-29T10:05,Istanbul,93401,2026-05-30T16:00,OpenMeteo,1,20.9
2026-05-29T10:05,Istanbul,93401,2026-05-30T17:00,OpenMeteo,1,20.3
2026-05-29T10:05,Istanbul,93401,2026-05-30T18:00,OpenMeteo,2,19.5
2026-05-29T10:05,Istanbul,93401,2026-05-30T19:00,OpenMeteo,1,19.2
2026-05-29T10:05,Istanbul,93401,2026-05-30T20:00,OpenMeteo,1,18.6
2026-05-29T10:05,Istanbul,93401,2026-05-30T21:00,OpenMeteo,1,18.4
2026-05-29T10:05,Istanbul,93401,2026-05-30T22:00,OpenMeteo,2,18.2
2026-05-29T10:05,Istanbul,93401,2026-05-30T23:00,OpenMeteo,2,18.2
2026-05-29T10:05,Izmir,93501,2026-05-29T12:00,MGM,PB,29
2026-05-29T10:05,Izmir,93501,2026-05-29T15:00,MGM,PB,28
2026-05-29T10:05,Izmir,93501,2026-05-29T18:00,MGM,PB,23
2026-05-29T10:05,Izmir,93501,2026-05-29T21:00,MGM,PB,21
2026-05-29T10:05,Izmir,93501,2026-05-30T00:00,MGM,AB,18
2026-05-29T10:05,Izmir,93501,2026-05-30T03:00,MGM,AB,16
2026-05-29T10:05,Izmir,93501,2026-05-30T06:00,MGM,AB,22
2026-05-29T10:05,Izmir,93501,2026-05-30T09:00,MGM,AB,26
2026-05-29T10:05,Izmir,93501,2026-05-30T12:00,MGM,AB,29
2026-05-29T10:05,Izmir,93501,2026-05-30T15:00,MGM,AB,28
2026-05-29T10:05,Izmir,93501,2026-05-30T18:00,MGM,AB,23
2026-05-29T10:05,Izmir,93501,2026-05-30T21:00,MGM,AB,22
2026-05-29T10:05,Izmir,93501,2026-05-29T00:00,OpenMeteo,1,18.5
2026-05-29T10:05,Izmir,93501,2026-05-29T01:00,OpenMeteo,0,17.8
2026-05-29T10:05,Izmir,93501,2026-05-29T02:00,OpenMeteo,1,17.5
2026-05-29T10:05,Izmir,93501,2026-05-29T03:00,OpenMeteo,1,17.2
2026-05-29T10:05,Izmir,93501,2026-05-29T04:00,OpenMeteo,1,18.1
2026-05-29T10:05,Izmir,93501,2026-05-29T05:00,OpenMeteo,1,21.3
2026-05-29T10:05,Izmir,93501,2026-05-29T06:00,OpenMeteo,3,23.4
2026-05-29T10:05,Izmir,93501,2026-05-29T07:00,OpenMeteo,2,25.1
2026-05-29T10:05,Izmir,93501,2026-05-29T08:00,OpenMeteo,2,26.5
2026-05-29T10:05,Izmir,93501,2026-05-29T09:00,OpenMeteo,1,27.7
2026-05-29T10:05,Izmir,93501,2026-05-29T10:00,OpenMeteo,1,28.3
2026-05-29T10:05,Izmir,93501,2026-05-29T11:00,OpenMeteo,2,29.0
2026-05-29T10:05,Izmir,93501,2026-05-29T12:00,OpenMeteo,1,29.3
2026-05-29T10:05,Izmir,93501,2026-05-29T13:00,OpenMeteo,1,28.8
2026-05-29T10:05,Izmir,93501,2026-05-29T14:00,OpenMeteo,0,28.1
2026-05-29T10:05,Izmir,93501,2026-05-29T15:00,OpenMeteo,0,27.2
2026-05-29T10:05,Izmir,93501,2026-05-29T16:00,OpenMeteo,0,25.7
2026-05-29T10:05,Izmir,93501,2026-05-29T17:00,OpenMeteo,0,23.7
2026-05-29T10:05,Izmir,93501,2026-05-29T18:00,OpenMeteo,0,21.8
2026-05-29T10:05,Izmir,93501,2026-05-29T19:00,OpenMeteo,0,20.6
2026-05-29T10:05,Izmir,93501,2026-05-29T20:00,OpenMeteo,0,19.6
2026-05-29T10:05,Izmir,93501,2026-05-29T21:00,OpenMeteo,0,18.4
2026-05-29T10:05,Izmir,93501,2026-05-29T22:00,OpenMeteo,0,17.4
2026-05-29T10:05,Izmir,93501,2026-05-29T23:00,OpenMeteo,0,16.4
2026-05-29T10:05,Izmir,93501,2026-05-30T00:00,OpenMeteo,0,15.7
2026-05-29T10:05,Izmir,93501,2026-05-30T01:00,OpenMeteo,0,15.0
2026-05-29T10:05,Izmir,93501,2026-05-30T02:00,OpenMeteo,0,14.3
2026-05-29T10:05,Izmir,93501,2026-05-30T03:00,OpenMeteo,0,13.7
2026-05-29T10:05,Izmir,93501,2026-05-30T04:00,OpenMeteo,0,14.5
2026-05-29T10:05,Izmir,93501,2026-05-30T05:00,OpenMeteo,0,18.2
2026-05-29T10:05,Izmir,93501,2026-05-30T06:00,OpenMeteo,0,22.2
2026-05-29T10:05,Izmir,93501,2026-05-30T07:00,OpenMeteo,0,23.8
2026-05-29T10:05,Izmir,93501,2026-05-30T08:00,OpenMeteo,0,25.1
2026-05-29T10:05,Izmir,93501,2026-05-30T09:00,OpenMeteo,0,26.5
2026-05-29T10:05,Izmir,93501,2026-05-30T10:00,OpenMeteo,0,27.7
2026-05-29T10:05,Izmir,93501,2026-05-30T11:00,OpenMeteo,0,28.4
2026-05-29T10:05,Izmir,93501,2026-05-30T12:00,OpenMeteo,0,28.7
2026-05-29T10:05,Izmir,93501,2026-05-30T13:00,OpenMeteo,0,28.9
2026-05-29T10:05,Izmir,93501,2026-05-30T14:00,OpenMeteo,0,28.9
2026-05-29T10:05,Izmir,93501,2026-05-30T15:00,OpenMeteo,0,27.7
2026-05-29T10:05,Izmir,93501,2026-05-30T16:00,OpenMeteo,0,26.1
2026-05-29T10:05,Izmir,93501,2026-05-30T17:00,OpenMeteo,0,24.7
2026-05-29T10:05,Izmir,93501,2026-05-30T18:00,OpenMeteo,0,22.7
2026-05-29T10:05,Izmir,93501,2026-05-30T19:00,OpenMeteo,0,21.7
2026-05-29T10:05,Izmir,93501,2026-05-30T20:00,OpenMeteo,0,17.9
2026-05-29T10:05,Izmir,93501,2026-05-30T21:00,OpenMeteo,0,16.3
2026-05-29T10:05,Izmir,93501,2026-05-30T22:00,OpenMeteo,0,15.5
2026-05-29T10:05,Izmir,93501,2026-05-30T23:00,OpenMeteo,0,14.7
2026-05-29T10:05,Antalya,90701,2026-05-29T00:00,OpenMeteo,0,19.8
2026-05-29T10:05,Antalya,90701,2026-05-29T01:00,OpenMeteo,0,19.7
2026-05-29T10:05,Antalya,90701,2026-05-29T02:00,OpenMeteo,0,20.2
2026-05-29T10:05,Antalya,90701,2026-05-29T03:00,OpenMeteo,0,20.7
2026-05-29T10:05,Antalya,90701,2026-05-29T04:00,OpenMeteo,0,21.6
2026-05-29T10:05,Antalya,90701,2026-05-29T05:00,OpenMeteo,0,23.7
2026-05-29T10:05,Antalya,90701,2026-05-29T06:00,OpenMeteo,0,26.0
2026-05-29T10:05,Antalya,90701,2026-05-29T07:00,OpenMeteo,0,27.5
2026-05-29T10:05,Antalya,90701,2026-05-29T08:00,OpenMeteo,2,28.8
2026-05-29T10:05,Antalya,90701,2026-05-29T09:00,OpenMeteo,2,29.9
2026-05-29T10:05,Antalya,90701,2026-05-29T10:00,OpenMeteo,2,29.5
2026-05-29T10:05,Antalya,90701,2026-05-29T11:00,OpenMeteo,1,28.6
2026-05-29T10:05,Antalya,90701,2026-05-29T12:00,OpenMeteo,2,28.2
2026-05-29T10:05,Antalya,90701,2026-05-29T13:00,OpenMeteo,1,28.7
2026-05-29T10:05,Antalya,90701,2026-05-29T14:00,OpenMeteo,0,28.5
2026-05-29T10:05,Antalya,90701,2026-05-29T15:00,OpenMeteo,0,28.7
2026-05-29T10:05,Antalya,90701,2026-05-29T16:00,OpenMeteo,1,29.2
2026-05-29T10:05,Antalya,90701,2026-05-29T17:00,OpenMeteo,2,29.2
2026-05-29T10:05,Antalya,90701,2026-05-29T18:00,OpenMeteo,1,27.2
2026-05-29T10:05,Antalya,90701,2026-05-29T19:00,OpenMeteo,1,26.0
2026-05-29T10:05,Antalya,90701,2026-05-29T20:00,OpenMeteo,1,25.2
2026-05-29T10:05,Antalya,90701,2026-05-29T21:00,OpenMeteo,0,24.4
2026-05-29T10:05,Antalya,90701,2026-05-29T22:00,OpenMeteo,0,23.6
2026-05-29T10:05,Antalya,90701,2026-05-29T23:00,OpenMeteo,0,23.0
2026-05-29T10:05,Antalya,90701,2026-05-30T00:00,OpenMeteo,0,22.5
2026-05-29T10:05,Antalya,90701,2026-05-30T01:00,OpenMeteo,0,22.0
2026-05-29T10:05,Antalya,90701,2026-05-30T02:00,OpenMeteo,0,21.6
2026-05-29T10:05,Antalya,90701,2026-05-30T03:00,OpenMeteo,0,21.1
2026-05-29T10:05,Antalya,90701,2026-05-30T04:00,OpenMeteo,0,21.6
2026-05-29T10:05,Antalya,90701,2026-05-30T05:00,OpenMeteo,0,22.7
2026-05-29T10:05,Antalya,90701,2026-05-30T06:00,OpenMeteo,0,24.3
2026-05-29T10:05,Antalya,90701,2026-05-30T07:00,OpenMeteo,0,25.9
2026-05-29T10:05,Antalya,90701,2026-05-30T08:00,OpenMeteo,0,27.3
2026-05-29T10:05,Antalya,90701,2026-05-30T09:00,OpenMeteo,0,28.6
2026-05-29T10:05,Antalya,90701,2026-05-30T10:00,OpenMeteo,0,29.7
2026-05-29T10:05,Antalya,90701,2026-05-30T11:00,OpenMeteo,0,30.5
2026-05-29T10:05,Antalya,90701,2026-05-30T12:00,OpenMeteo,0,29.0
2026-05-29T10:05,Antalya,90701,2026-05-30T13:00,OpenMeteo,0,27.6
2026-05-29T10:05,Antalya,90701,2026-05-30T14:00,OpenMeteo,0,26.4
2026-05-29T10:05,Antalya,90701,2026-05-30T15:00,OpenMeteo,0,25.9
2026-05-29T10:05,Antalya,90701,2026-05-30T16:00,OpenMeteo,0,25.5
2026-05-29T10:05,Antalya,90701,2026-05-30T17:00,OpenMeteo,0,24.8
2026-05-29T10:05,Antalya,90701,2026-05-30T18:00,OpenMeteo,0,23.6
2026-05-29T10:05,Antalya,90701,2026-05-30T19:00,OpenMeteo,0,22.8
2026-05-29T10:05,Antalya,90701,2026-05-30T20:00,OpenMeteo,0,21.6
2026-05-29T10:05,Antalya,90701,2026-05-30T21:00,OpenMeteo,0,20.5
2026-05-29T10:05,Antalya,90701,2026-05-30T22:00,OpenMeteo,0,19.7
2026-05-29T10:05,Antalya,90701,2026-05-30T23:00,OpenMeteo,0,19.1
2026-05-29T10:05,Ankara,90601,2026-05-29T12:00,MGM,SY,18
2026-05-29T10:05,Ankara,90601,2026-05-29T15:00,MGM,CB,16
2026-05-29T10:05,Ankara,90601,2026-05-29T18:00,MGM,PB,14
2026-05-29T10:05,Ankara,90601,2026-05-29T21:00,MGM,PB,11
2026-05-29T10:05,Ankara,90601,2026-05-30T00:00,MGM,PB,9
2026-05-29T10:05,Ankara,90601,2026-05-30T03:00,MGM,AB,6
2026-05-29T10:05,Ankara,90601,2026-05-30T06:00,MGM,AB,12
2026-05-29T10:05,Ankara,90601,2026-05-30T09:00,MGM,AB,16
2026-05-29T10:05,Ankara,90601,2026-05-30T12:00,MGM,AB,20
2026-05-29T10:05,Ankara,90601,2026-05-30T15:00,MGM,AB,18
2026-05-29T10:05,Ankara,90601,2026-05-30T18:00,MGM,AB,16
2026-05-29T10:05,Ankara,90601,2026-05-30T21:00,MGM,AB,13
2026-05-29T10:05,Erzurum,92501,2026-05-29T12:00,MGM,GSY,11
2026-05-29T10:05,Erzurum,92501,2026-05-29T15:00,MGM,GSY,12
2026-05-29T10:05,Erzurum,92501,2026-05-29T18:00,MGM,GSY,9
2026-05-29T10:05,Erzurum,92501,2026-05-29T21:00,MGM,GSY,8
2026-05-29T10:05,Erzurum,92501,2026-05-30T00:00,MGM,SY,6
2026-05-29T10:05,Erzurum,92501,2026-05-30T03:00,MGM,SY,4
2026-05-29T10:05,Erzurum,92501,2026-05-30T06:00,MGM,GSY,9
2026-05-29T10:05,Erzurum,92501,2026-05-30T09:00,MGM,GSY,11
2026-05-29T10:05,Erzurum,92501,2026-05-30T12:00,MGM,SY,13
2026-05-29T10:05,Erzurum,92501,2026-05-30T15:00,MGM,SY,14
2026-05-29T10:05,Erzurum,92501,2026-05-30T18:00,MGM,PB,8
2026-05-29T10:05,Erzurum,92501,2026-05-30T21:00,MGM,PB,5
2026-05-29T10:05,Gaziantep,92701,2026-05-29T12:00,MGM,GSY,26
2026-05-29T10:05,Gaziantep,92701,2026-05-29T15:00,MGM,GSY,22
2026-05-29T10:05,Gaziantep,92701,2026-05-29T18:00,MGM,PB,19
2026-05-29T10:05,Gaziantep,92701,2026-05-29T21:00,MGM,PB,17
2026-05-29T10:05,Gaziantep,92701,2026-05-30T00:00,MGM,PB,15
2026-05-29T10:05,Gaziantep,92701,2026-05-30T03:00,MGM,PB,14
2026-05-29T10:05,Gaziantep,92701,2026-05-30T06:00,MGM,PB,20
2026-05-29T10:05,Gaziantep,92701,2026-05-30T09:00,MGM,PB,23
2026-05-29T10:05,Gaziantep,92701,2026-05-30T12:00,MGM,PB,26
2026-05-29T10:05,Gaziantep,92701,2026-05-30T15:00,MGM,PB,24
2026-05-29T10:05,Gaziantep,92701,2026-05-30T18:00,MGM,PB,19
2026-05-29T10:05,Gaziantep,92701,2026-05-30T21:00,MGM,PB,17
2026-05-29T10:05,Gaziantep,92701,2026-05-29T00:00,OpenMeteo,0,15.4
2026-05-29T10:05,Gaziantep,92701,2026-05-29T01:00,OpenMeteo,0,15.2
2026-05-29T10:05,Gaziantep,92701,2026-05-29T02:00,OpenMeteo,0,15.0
2026-05-29T10:05,Gaziantep,92701,2026-05-29T03:00,OpenMeteo,0,15.2
2026-05-29T10:05,Gaziantep,92701,2026-05-29T04:00,OpenMeteo,2,16.2
2026-05-29T10:05,Gaziantep,92701,2026-05-29T05:00,OpenMeteo,1,17.6
2026-05-29T10:05,Gaziantep,92701,2026-05-29T06:00,OpenMeteo,1,19.2
2026-05-29T10:05,Gaziantep,92701,2026-05-29T07:00,OpenMeteo,1,20.9
2026-05-29T10:05,Gaziantep,92701,2026-05-29T08:00,OpenMeteo,2,21.8
2026-05-29T10:05,Gaziantep,92701,2026-05-29T09:00,OpenMeteo,2,22.5
2026-05-29T10:05,Gaziantep,92701,2026-05-29T10:00,OpenMeteo,2,23.1
2026-05-29T10:05,Gaziantep,92701,2026-05-29T11:00,OpenMeteo,3,23.8
2026-05-29T10:05,Gaziantep,92701,2026-05-29T12:00,OpenMeteo,0,23.7
2026-05-29T10:05,Gaziantep,92701,2026-05-29T13:00,OpenMeteo,3,23.4
2026-05-29T10:05,Gaziantep,92701,2026-05-29T14:00,OpenMeteo,3,22.5
2026-05-29T10:05,Gaziantep,92701,2026-05-29T15:00,OpenMeteo,3,21.1
2026-05-29T10:05,Gaziantep,92701,2026-05-29T16:00,OpenMeteo,3,19.9
2026-05-29T10:05,Gaziantep,92701,2026-05-29T17:00,OpenMeteo,3,18.6
2026-05-29T10:05,Gaziantep,92701,2026-05-29T18:00,OpenMeteo,3,17.7
2026-05-29T10:05,Gaziantep,92701,2026-05-29T19:00,OpenMeteo,3,17.2
2026-05-29T10:05,Gaziantep,92701,2026-05-29T20:00,OpenMeteo,3,16.9
2026-05-29T10:05,Gaziantep,92701,2026-05-29T21:00,OpenMeteo,2,16.5
2026-05-29T10:05,Gaziantep,92701,2026-05-29T22:00,OpenMeteo,1,16.5
2026-05-29T10:05,Gaziantep,92701,2026-05-29T23:00,OpenMeteo,1,16.1
2026-05-29T10:05,Gaziantep,92701,2026-05-30T00:00,OpenMeteo,1,15.5
2026-05-29T10:05,Gaziantep,92701,2026-05-30T01:00,OpenMeteo,1,14.9
2026-05-29T10:05,Gaziantep,92701,2026-05-30T02:00,OpenMeteo,0,14.6
2026-05-29T10:05,Gaziantep,92701,2026-05-30T03:00,OpenMeteo,0,14.4
2026-05-29T10:05,Gaziantep,92701,2026-05-30T04:00,OpenMeteo,0,15.7
2026-05-29T10:05,Gaziantep,92701,2026-05-30T05:00,OpenMeteo,0,17.4
2026-05-29T10:05,Gaziantep,92701,2026-05-30T06:00,OpenMeteo,0,18.8
2026-05-29T10:05,Gaziantep,92701,2026-05-30T07:00,OpenMeteo,0,20.1
2026-05-29T10:05,Gaziantep,92701,2026-05-30T08:00,OpenMeteo,1,21.4
2026-05-29T10:05,Gaziantep,92701,2026-05-30T09:00,OpenMeteo,1,22.4
2026-05-29T10:05,Gaziantep,92701,2026-05-30T10:00,OpenMeteo,1,23.2
2026-05-29T10:05,Gaziantep,92701,2026-05-30T11:00,OpenMeteo,0,24.0
2026-05-29T10:05,Gaziantep,92701,2026-05-30T12:00,OpenMeteo,1,24.6
2026-05-29T10:05,Gaziantep,92701,2026-05-30T13:00,OpenMeteo,0,24.7
2026-05-29T10:05,Gaziantep,92701,2026-05-30T14:00,OpenMeteo,0,24.1
2026-05-29T10:05,Gaziantep,92701,2026-05-30T15:00,OpenMeteo,0,23.3
2026-05-29T10:05,Gaziantep,92701,2026-05-30T16:00,OpenMeteo,0,22.0
2026-05-29T10:05,Gaziantep,92701,2026-05-30T17:00,OpenMeteo,0,20.3
2026-05-29T10:05,Gaziantep,92701,2026-05-30T18:00,OpenMeteo,0,18.9
2026-05-29T10:05,Gaziantep,92701,2026-05-30T19:00,OpenMeteo,0,17.9
2026-05-29T10:05,Gaziantep,92701,2026-05-30T20:00,OpenMeteo,0,17.1
2026-05-29T10:05,Gaziantep,92701,2026-05-30T21:00,OpenMeteo,0,16.1
2026-05-29T10:05,Gaziantep,92701,2026-05-30T22:00,OpenMeteo,0,15.6
2026-05-29T10:05,Gaziantep,92701,2026-05-30T23:00,OpenMeteo,0,14.7
2026-05-29T15:56,Istanbul,93401,2026-05-29T18:00,MGM,PB,18
2026-05-29T15:56,Istanbul,93401,2026-05-29T21:00,MGM,PB,17
2026-05-29T15:56,Istanbul,93401,2026-05-30T00:00,MGM,AB,16
2026-05-29T15:56,Istanbul,93401,2026-05-30T03:00,MGM,AB,15
2026-05-29T15:56,Istanbul,93401,2026-05-30T06:00,MGM,AB,19
2026-05-29T15:56,Istanbul,93401,2026-05-30T09:00,MGM,PB,20
2026-05-29T15:56,Istanbul,93401,2026-05-30T12:00,MGM,PB,22
2026-05-29T15:56,Istanbul,93401,2026-05-30T15:00,MGM,PB,23
2026-05-29T15:56,Istanbul,93401,2026-05-30T18:00,MGM,AB,21
2026-05-29T15:56,Istanbul,93401,2026-05-30T21:00,MGM,AB,20
2026-05-29T15:56,Istanbul,93401,2026-05-29T00:00,OpenMeteo,3,17.1
2026-05-29T15:56,Istanbul,93401,2026-05-29T01:00,OpenMeteo,3,17.0
2026-05-29T15:56,Istanbul,93401,2026-05-29T02:00,OpenMeteo,2,16.8
2026-05-29T15:56,Istanbul,93401,2026-05-29T03:00,OpenMeteo,2,16.7
2026-05-29T15:56,Istanbul,93401,2026-05-29T04:00,OpenMeteo,3,17.1
2026-05-29T15:56,Istanbul,93401,2026-05-29T05:00,OpenMeteo,3,18.3
2026-05-29T15:56,Istanbul,93401,2026-05-29T06:00,OpenMeteo,3,16.8
2026-05-29T15:56,Istanbul,93401,2026-05-29T07:00,OpenMeteo,61,16.5
2026-05-29T15:56,Istanbul,93401,2026-05-29T08:00,OpenMeteo,3,16.9
2026-05-29T15:56,Istanbul,93401,2026-05-29T09:00,OpenMeteo,2,17.6
2026-05-29T15:56,Istanbul,93401,2026-05-29T10:00,OpenMeteo,2,19.4
2026-05-29T15:56,Istanbul,93401,2026-05-29T11:00,OpenMeteo,2,20.0
2026-05-29T15:56,Istanbul,93401,2026-05-29T12:00,OpenMeteo,1,20.7
2026-05-29T15:56,Istanbul,93401,2026-05-29T13:00,OpenMeteo,0,20.9
2026-05-29T15:56,Istanbul,93401,2026-05-29T14:00,OpenMeteo,0,20.5
2026-05-29T15:56,Istanbul,93401,2026-05-29T15:00,OpenMeteo,0,20.0
2026-05-29T15:56,Istanbul,93401,2026-05-29T16:00,OpenMeteo,0,19.2
2026-05-29T15:56,Istanbul,93401,2026-05-29T17:00,OpenMeteo,1,18.1
2026-05-29T15:56,Istanbul,93401,2026-05-29T18:00,OpenMeteo,1,17.1
2026-05-29T15:56,Istanbul,93401,2026-05-29T19:00,OpenMeteo,0,16.4
2026-05-29T15:56,Istanbul,93401,2026-05-29T20:00,OpenMeteo,0,15.7
2026-05-29T15:56,Istanbul,93401,2026-05-29T21:00,OpenMeteo,0,15.0
2026-05-29T15:56,Istanbul,93401,2026-05-29T22:00,OpenMeteo,0,14.4
2026-05-29T15:56,Istanbul,93401,2026-05-29T23:00,OpenMeteo,0,14.1
2026-05-29T15:56,Istanbul,93401,2026-05-30T00:00,OpenMeteo,1,14.0
2026-05-29T15:56,Istanbul,93401,2026-05-30T01:00,OpenMeteo,0,13.9
2026-05-29T15:56,Istanbul,93401,2026-05-30T02:00,OpenMeteo,0,13.8
2026-05-29T15:56,Istanbul,93401,2026-05-30T03:00,OpenMeteo,0,13.9
2026-05-29T15:56,Istanbul,93401,2026-05-30T04:00,OpenMeteo,0,14.6
2026-05-29T15:56,Istanbul,93401,2026-05-30T05:00,OpenMeteo,0,16.4
2026-05-29T15:56,Istanbul,93401,2026-05-30T06:00,OpenMeteo,2,18.1
2026-05-29T15:56,Istanbul,93401,2026-05-30T07:00,OpenMeteo,2,19.2
2026-05-29T15:56,Istanbul,93401,2026-05-30T08:00,OpenMeteo,0,19.9
2026-05-29T15:56,Istanbul,93401,2026-05-30T09:00,OpenMeteo,0,20.3
2026-05-29T15:56,Istanbul,93401,2026-05-30T10:00,OpenMeteo,2,20.7
2026-05-29T15:56,Istanbul,93401,2026-05-30T11:00,OpenMeteo,1,21.1
2026-05-29T15:56,Istanbul,93401,2026-05-30T12:00,OpenMeteo,1,21.4
2026-05-29T15:56,Istanbul,93401,2026-05-30T13:00,OpenMeteo,0,21.5
2026-05-29T15:56,Istanbul,93401,2026-05-30T14:00,OpenMeteo,0,21.2
2026-05-29T15:56,Istanbul,93401,2026-05-30T15:00,OpenMeteo,0,21.0
2026-05-29T15:56,Istanbul,93401,2026-05-30T16:00,OpenMeteo,1,20.9
2026-05-29T15:56,Istanbul,93401,2026-05-30T17:00,OpenMeteo,1,20.3
2026-05-29T15:56,Istanbul,93401,2026-05-30T18:00,OpenMeteo,2,19.5
2026-05-29T15:56,Istanbul,93401,2026-05-30T19:00,OpenMeteo,1,19.2
2026-05-29T15:56,Istanbul,93401,2026-05-30T20:00,OpenMeteo,1,18.6
2026-05-29T15:56,Istanbul,93401,2026-05-30T21:00,OpenMeteo,1,18.4
2026-05-29T15:56,Istanbul,93401,2026-05-30T22:00,OpenMeteo,2,18.2
2026-05-29T15:56,Istanbul,93401,2026-05-30T23:00,OpenMeteo,2,18.2
2026-05-29T15:56,Izmir,93501,2026-05-29T18:00,MGM,PB,23
2026-05-29T15:56,Izmir,93501,2026-05-29T21:00,MGM,PB,21
2026-05-29T15:56,Izmir,93501,2026-05-30T00:00,MGM,AB,18
2026-05-29T15:56,Izmir,93501,2026-05-30T03:00,MGM,AB,16
2026-05-29T15:56,Izmir,93501,2026-05-30T06:00,MGM,AB,22
2026-05-29T15:56,Izmir,93501,2026-05-30T09:00,MGM,AB,26
2026-05-29T15:56,Izmir,93501,2026-05-30T12:00,MGM,AB,29
2026-05-29T15:56,Izmir,93501,2026-05-30T15:00,MGM,AB,28
2026-05-29T15:56,Izmir,93501,2026-05-30T18:00,MGM,AB,23
2026-05-29T15:56,Izmir,93501,2026-05-30T21:00,MGM,AB,22
2026-05-29T15:56,Izmir,93501,2026-05-29T00:00,OpenMeteo,1,18.5
2026-05-29T15:56,Izmir,93501,2026-05-29T01:00,OpenMeteo,0,17.8
2026-05-29T15:56,Izmir,93501,2026-05-29T02:00,OpenMeteo,1,17.5
2026-05-29T15:56,Izmir,93501,2026-05-29T03:00,OpenMeteo,1,17.2
2026-05-29T15:56,Izmir,93501,2026-05-29T04:00,OpenMeteo,1,18.1
2026-05-29T15:56,Izmir,93501,2026-05-29T05:00,OpenMeteo,1,21.3
2026-05-29T15:56,Izmir,93501,2026-05-29T06:00,OpenMeteo,3,23.4
2026-05-29T15:56,Izmir,93501,2026-05-29T07:00,OpenMeteo,2,25.1
2026-05-29T15:56,Izmir,93501,2026-05-29T08:00,OpenMeteo,2,26.5
2026-05-29T15:56,Izmir,93501,2026-05-29T09:00,OpenMeteo,1,27.4
2026-05-29T15:56,Izmir,93501,2026-05-29T10:00,OpenMeteo,1,28.0
2026-05-29T15:56,Izmir,93501,2026-05-29T11:00,OpenMeteo,1,28.4
2026-05-29T15:56,Izmir,93501,2026-05-29T12:00,OpenMeteo,2,29.1
2026-05-29T15:56,Izmir,93501,2026-05-29T13:00,OpenMeteo,1,28.7
2026-05-29T15:56,Izmir,93501,2026-05-29T14:00,OpenMeteo,1,28.2
2026-05-29T15:56,Izmir,93501,2026-05-29T15:00,OpenMeteo,0,27.2
2026-05-29T15:56,Izmir,93501,2026-05-29T16:00,OpenMeteo,0,25.7
2026-05-29T15:56,Izmir,93501,2026-05-29T17:00,OpenMeteo,0,23.7
2026-05-29T15:56,Izmir,93501,2026-05-29T18:00,OpenMeteo,0,21.7
2026-05-29T15:56,Izmir,93501,2026-05-29T19:00,OpenMeteo,0,20.6
2026-05-29T15:56,Izmir,93501,2026-05-29T20:00,OpenMeteo,0,19.5
2026-05-29T15:56,Izmir,93501,2026-05-29T21:00,OpenMeteo,0,18.3
2026-05-29T15:56,Izmir,93501,2026-05-29T22:00,OpenMeteo,0,17.3
2026-05-29T15:56,Izmir,93501,2026-05-29T23:00,OpenMeteo,0,16.3
2026-05-29T15:56,Izmir,93501,2026-05-30T00:00,OpenMeteo,0,15.5
2026-05-29T15:56,Izmir,93501,2026-05-30T01:00,OpenMeteo,0,14.8
2026-05-29T15:56,Izmir,93501,2026-05-30T02:00,OpenMeteo,0,14.1
2026-05-29T15:56,Izmir,93501,2026-05-30T03:00,OpenMeteo,0,13.5
2026-05-29T15:56,Izmir,93501,2026-05-30T04:00,OpenMeteo,0,14.3
2026-05-29T15:56,Izmir,93501,2026-05-30T05:00,OpenMeteo,0,17.9
2026-05-29T15:56,Izmir,93501,2026-05-30T06:00,OpenMeteo,0,21.7
2026-05-29T15:56,Izmir,93501,2026-05-30T07:00,OpenMeteo,0,23.5
2026-05-29T15:56,Izmir,93501,2026-05-30T08:00,OpenMeteo,0,24.9
2026-05-29T15:56,Izmir,93501,2026-05-30T09:00,OpenMeteo,0,26.2
2026-05-29T15:56,Izmir,93501,2026-05-30T10:00,OpenMeteo,0,27.5
2026-05-29T15:56,Izmir,93501,2026-05-30T11:00,OpenMeteo,0,28.5
2026-05-29T15:56,Izmir,93501,2026-05-30T12:00,OpenMeteo,0,29.0
2026-05-29T15:56,Izmir,93501,2026-05-30T13:00,OpenMeteo,1,29.1
2026-05-29T15:56,Izmir,93501,2026-05-30T14:00,OpenMeteo,0,28.7
2026-05-29T15:56,Izmir,93501,2026-05-30T15:00,OpenMeteo,0,27.2
2026-05-29T15:56,Izmir,93501,2026-05-30T16:00,OpenMeteo,0,26.1
2026-05-29T15:56,Izmir,93501,2026-05-30T17:00,OpenMeteo,0,24.7
2026-05-29T15:56,Izmir,93501,2026-05-30T18:00,OpenMeteo,0,22.7
2026-05-29T15:56,Izmir,93501,2026-05-30T19:00,OpenMeteo,0,21.7
2026-05-29T15:56,Izmir,93501,2026-05-30T20:00,OpenMeteo,0,17.9
2026-05-29T15:56,Izmir,93501,2026-05-30T21:00,OpenMeteo,0,16.3
2026-05-29T15:56,Izmir,93501,2026-05-30T22:00,OpenMeteo,0,15.5
2026-05-29T15:56,Izmir,93501,2026-05-30T23:00,OpenMeteo,0,14.7
2026-05-29T15:56,Antalya,90701,2026-05-29T00:00,OpenMeteo,0,19.8
2026-05-29T15:56,Antalya,90701,2026-05-29T01:00,OpenMeteo,0,19.7
2026-05-29T15:56,Antalya,90701,2026-05-29T02:00,OpenMeteo,0,20.2
2026-05-29T15:56,Antalya,90701,2026-05-29T03:00,OpenMeteo,0,20.7
2026-05-29T15:56,Antalya,90701,2026-05-29T04:00,OpenMeteo,0,21.6
2026-05-29T15:56,Antalya,90701,2026-05-29T05:00,OpenMeteo,0,23.7
2026-05-29T15:56,Antalya,90701,2026-05-29T06:00,OpenMeteo,0,26.0
2026-05-29T15:56,Antalya,90701,2026-05-29T07:00,OpenMeteo,0,27.5
2026-05-29T15:56,Antalya,90701,2026-05-29T08:00,OpenMeteo,2,28.8
2026-05-29T15:56,Antalya,90701,2026-05-29T09:00,OpenMeteo,2,29.7
2026-05-29T15:56,Antalya,90701,2026-05-29T10:00,OpenMeteo,3,28.7
2026-05-29T15:56,Antalya,90701,2026-05-29T11:00,OpenMeteo,1,27.6
2026-05-29T15:56,Antalya,90701,2026-05-29T12:00,OpenMeteo,1,28.4
2026-05-29T15:56,Antalya,90701,2026-05-29T13:00,OpenMeteo,1,28.3
2026-05-29T15:56,Antalya,90701,2026-05-29T14:00,OpenMeteo,0,28.1
2026-05-29T15:56,Antalya,90701,2026-05-29T15:00,OpenMeteo,0,28.8
2026-05-29T15:56,Antalya,90701,2026-05-29T16:00,OpenMeteo,1,29.6
2026-05-29T15:56,Antalya,90701,2026-05-29T17:00,OpenMeteo,2,28.9
2026-05-29T15:56,Antalya,90701,2026-05-29T18:00,OpenMeteo,1,26.8
2026-05-29T15:56,Antalya,90701,2026-05-29T19:00,OpenMeteo,0,25.9
2026-05-29T15:56,Antalya,90701,2026-05-29T20:00,OpenMeteo,0,25.1
2026-05-29T15:56,Antalya,90701,2026-05-29T21:00,OpenMeteo,0,24.4
2026-05-29T15:56,Antalya,90701,2026-05-29T22:00,OpenMeteo,0,23.6
2026-05-29T15:56,Antalya,90701,2026-05-29T23:00,OpenMeteo,0,23.0
2026-05-29T15:56,Antalya,90701,2026-05-30T00:00,OpenMeteo,0,22.4
2026-05-29T15:56,Antalya,90701,2026-05-30T01:00,OpenMeteo,0,21.9
2026-05-29T15:56,Antalya,90701,2026-05-30T02:00,OpenMeteo,0,21.4
2026-05-29T15:56,Antalya,90701,2026-05-30T03:00,OpenMeteo,0,21.0
2026-05-29T15:56,Antalya,90701,2026-05-30T04:00,OpenMeteo,0,21.4
2026-05-29T15:56,Antalya,90701,2026-05-30T05:00,OpenMeteo,0,22.5
2026-05-29T15:56,Antalya,90701,2026-05-30T06:00,OpenMeteo,0,24.2
2026-05-29T15:56,Antalya,90701,2026-05-30T07:00,OpenMeteo,0,25.8
2026-05-29T15:56,Antalya,90701,2026-05-30T08:00,OpenMeteo,0,27.2
2026-05-29T15:56,Antalya,90701,2026-05-30T09:00,OpenMeteo,0,28.5
2026-05-29T15:56,Antalya,90701,2026-05-30T10:00,OpenMeteo,0,29.6
2026-05-29T15:56,Antalya,90701,2026-05-30T11:00,OpenMeteo,0,29.6
2026-05-29T15:56,Antalya,90701,2026-05-30T12:00,OpenMeteo,0,27.5
2026-05-29T15:56,Antalya,90701,2026-05-30T13:00,OpenMeteo,0,26.8
2026-05-29T15:56,Antalya,90701,2026-05-30T14:00,OpenMeteo,0,25.8
2026-05-29T15:56,Antalya,90701,2026-05-30T15:00,OpenMeteo,0,25.1
2026-05-29T15:56,Antalya,90701,2026-05-30T16:00,OpenMeteo,0,25.5
2026-05-29T15:56,Antalya,90701,2026-05-30T17:00,OpenMeteo,0,24.8
2026-05-29T15:56,Antalya,90701,2026-05-30T18:00,OpenMeteo,0,23.6
2026-05-29T15:56,Antalya,90701,2026-05-30T19:00,OpenMeteo,0,22.8
2026-05-29T15:56,Antalya,90701,2026-05-30T20:00,OpenMeteo,0,21.6
2026-05-29T15:56,Antalya,90701,2026-05-30T21:00,OpenMeteo,0,20.5
2026-05-29T15:56,Antalya,90701,2026-05-30T22:00,OpenMeteo,0,19.7
2026-05-29T15:56,Antalya,90701,2026-05-30T23:00,OpenMeteo,0,19.1
2026-05-29T15:56,Trabzon,96101,2026-05-29T18:00,MGM,KGY,16
2026-05-29T15:56,Trabzon,96101,2026-05-29T21:00,MGM,KGY,15
2026-05-29T15:56,Trabzon,96101,2026-05-30T00:00,MGM,SY,14
2026-05-29T15:56,Trabzon,96101,2026-05-30T03:00,MGM,SY,13
2026-05-29T15:56,Trabzon,96101,2026-05-30T06:00,MGM,SY,15
2026-05-29T15:56,Trabzon,96101,2026-05-30T09:00,MGM,SY,16
2026-05-29T15:56,Trabzon,96101,2026-05-30T12:00,MGM,SY,17
2026-05-29T15:56,Trabzon,96101,2026-05-30T15:00,MGM,SY,16
2026-05-29T15:56,Trabzon,96101,2026-05-30T18:00,MGM,PB,15
2026-05-29T15:56,Trabzon,96101,2026-05-30T21:00,MGM,PB,14
2026-05-29T15:56,Erzurum,92501,2026-05-29T18:00,MGM,GSY,9
2026-05-29T15:56,Erzurum,92501,2026-05-29T21:00,MGM,GSY,8
2026-05-29T15:56,Erzurum,92501,2026-05-30T00:00,MGM,SY,6
2026-05-29T15:56,Erzurum,92501,2026-05-30T03:00,MGM,SY,4
2026-05-29T15:56,Erzurum,92501,2026-05-30T06:00,MGM,GSY,9
2026-05-29T15:56,Erzurum,92501,2026-05-30T09:00,MGM,GSY,11
2026-05-29T15:56,Erzurum,92501,2026-05-30T12:00,MGM,SY,13
2026-05-29T15:56,Erzurum,92501,2026-05-30T15:00,MGM,SY,14
2026-05-29T15:56,Erzurum,92501,2026-05-30T18:00,MGM,PB,8
2026-05-29T15:56,Erzurum,92501,2026-05-30T21:00,MGM,PB,5
2026-05-29T15:56,Gaziantep,92701,2026-05-29T18:00,MGM,PB,19
2026-05-29T15:56,Gaziantep,92701,2026-05-29T21:00,MGM,PB,17
2026-05-29T15:56,Gaziantep,92701,2026-05-30T00:00,MGM,PB,15
2026-05-29T15:56,Gaziantep,92701,2026-05-30T03:00,MGM,PB,14
2026-05-29T15:56,Gaziantep,92701,2026-05-30T06:00,MGM,PB,20
2026-05-29T15:56,Gaziantep,92701,2026-05-30T09:00,MGM,PB,23
2026-05-29T15:56,Gaziantep,92701,2026-05-30T12:00,MGM,PB,26
2026-05-29T15:56,Gaziantep,92701,2026-05-30T15:00,MGM,PB,24
2026-05-29T15:56,Gaziantep,92701,2026-05-30T18:00,MGM,PB,19
2026-05-29T15:56,Gaziantep,92701,2026-05-30T21:00,MGM,PB,17
2026-05-29T15:56,Gaziantep,92701,2026-05-29T00:00,OpenMeteo,0,15.4
2026-05-29T15:56,Gaziantep,92701,2026-05-29T01:00,OpenMeteo,0,15.2
2026-05-29T15:56,Gaziantep,92701,2026-05-29T02:00,OpenMeteo,0,15.0
2026-05-29T15:56,Gaziantep,92701,2026-05-29T03:00,OpenMeteo,0,15.2
2026-05-29T15:56,Gaziantep,92701,2026-05-29T04:00,OpenMeteo,2,16.2
2026-05-29T15:56,Gaziantep,92701,2026-05-29T05:00,OpenMeteo,1,17.6
2026-05-29T15:56,Gaziantep,92701,2026-05-29T06:00,OpenMeteo,1,19.2
2026-05-29T15:56,Gaziantep,92701,2026-05-29T07:00,OpenMeteo,1,20.9
2026-05-29T15:56,Gaziantep,92701,2026-05-29T08:00,OpenMeteo,2,21.8
2026-05-29T15:56,Gaziantep,92701,2026-05-29T09:00,OpenMeteo,2,22.4
2026-05-29T15:56,Gaziantep,92701,2026-05-29T10:00,OpenMeteo,1,23.1
2026-05-29T15:56,Gaziantep,92701,2026-05-29T11:00,OpenMeteo,3,23.6
2026-05-29T15:56,Gaziantep,92701,2026-05-29T12:00,OpenMeteo,2,23.7
2026-05-29T15:56,Gaziantep,92701,2026-05-29T13:00,OpenMeteo,3,23.6
2026-05-29T15:56,Gaziantep,92701,2026-05-29T14:00,OpenMeteo,3,22.6
2026-05-29T15:56,Gaziantep,92701,2026-05-29T15:00,OpenMeteo,3,21.3
2026-05-29T15:56,Gaziantep,92701,2026-05-29T16:00,OpenMeteo,3,20.0
2026-05-29T15:56,Gaziantep,92701,2026-05-29T17:00,OpenMeteo,3,18.6
2026-05-29T15:56,Gaziantep,92701,2026-05-29T18:00,OpenMeteo,3,17.6
2026-05-29T15:56,Gaziantep,92701,2026-05-29T19:00,OpenMeteo,3,17.2
2026-05-29T15:56,Gaziantep,92701,2026-05-29T20:00,OpenMeteo,3,16.7
2026-05-29T15:56,Gaziantep,92701,2026-05-29T21:00,OpenMeteo,2,16.5
2026-05-29T15:56,Gaziantep,92701,2026-05-29T22:00,OpenMeteo,1,16.4
2026-05-29T15:56,Gaziantep,92701,2026-05-29T23:00,OpenMeteo,1,16.0
2026-05-29T15:56,Gaziantep,92701,2026-05-30T00:00,OpenMeteo,1,15.5
2026-05-29T15:56,Gaziantep,92701,2026-05-30T01:00,OpenMeteo,1,15.1
2026-05-29T15:56,Gaziantep,92701,2026-05-30T02:00,OpenMeteo,0,14.6
2026-05-29T15:56,Gaziantep,92701,2026-05-30T03:00,OpenMeteo,0,14.3
2026-05-29T15:56,Gaziantep,92701,2026-05-30T04:00,OpenMeteo,0,15.6
2026-05-29T15:56,Gaziantep,92701,2026-05-30T05:00,OpenMeteo,0,17.3
2026-05-29T15:56,Gaziantep,92701,2026-05-30T06:00,OpenMeteo,0,18.6
2026-05-29T15:56,Gaziantep,92701,2026-05-30T07:00,OpenMeteo,0,19.9
2026-05-29T15:56,Gaziantep,92701,2026-05-30T08:00,OpenMeteo,0,21.3
2026-05-29T15:56,Gaziantep,92701,2026-05-30T09:00,OpenMeteo,1,22.4
2026-05-29T15:56,Gaziantep,92701,2026-05-30T10:00,OpenMeteo,0,23.1
2026-05-29T15:56,Gaziantep,92701,2026-05-30T11:00,OpenMeteo,1,23.8
2026-05-29T15:56,Gaziantep,92701,2026-05-30T12:00,OpenMeteo,2,24.5
2026-05-29T15:56,Gaziantep,92701,2026-05-30T13:00,OpenMeteo,0,24.6
2026-05-29T15:56,Gaziantep,92701,2026-05-30T14:00,OpenMeteo,0,24.2
2026-05-29T15:56,Gaziantep,92701,2026-05-30T15:00,OpenMeteo,0,23.3
2026-05-29T15:56,Gaziantep,92701,2026-05-30T16:00,OpenMeteo,0,22.1
2026-05-29T15:56,Gaziantep,92701,2026-05-30T17:00,OpenMeteo,0,20.2
2026-05-29T15:56,Gaziantep,92701,2026-05-30T18:00,OpenMeteo,0,18.8
2026-05-29T15:56,Gaziantep,92701,2026-05-30T19:00,OpenMeteo,0,17.7
2026-05-29T15:56,Gaziantep,92701,2026-05-30T20:00,OpenMeteo,0,16.6
2026-05-29T15:56,Gaziantep,92701,2026-05-30T21:00,OpenMeteo,0,16.1
2026-05-29T15:56,Gaziantep,92701,2026-05-30T22:00,OpenMeteo,0,15.4
2026-05-29T15:56,Gaziantep,92701,2026-05-30T23:00,OpenMeteo,0,14.9
2026-05-29T20:33,Istanbul,93401,2026-05-29T21:00,MGM,PB,17
2026-05-29T20:33,Istanbul,93401,2026-05-30T00:00,MGM,AB,16
2026-05-29T20:33,Istanbul,93401,2026-05-30T03:00,MGM,AB,15
2026-05-29T20:33,Istanbul,93401,2026-05-30T06:00,MGM,AB,19
2026-05-29T20:33,Istanbul,93401,2026-05-30T09:00,MGM,PB,20
2026-05-29T20:33,Istanbul,93401,2026-05-30T12:00,MGM,PB,22
2026-05-29T20:33,Istanbul,93401,2026-05-30T15:00,MGM,PB,23
2026-05-29T20:33,Istanbul,93401,2026-05-30T18:00,MGM,AB,21
2026-05-29T20:33,Istanbul,93401,2026-05-30T21:00,MGM,AB,20
2026-05-29T20:33,Istanbul,93401,2026-05-29T00:00,OpenMeteo,3,17.1
2026-05-29T20:33,Istanbul,93401,2026-05-29T01:00,OpenMeteo,3,17.0
2026-05-29T20:33,Istanbul,93401,2026-05-29T02:00,OpenMeteo,2,16.8
2026-05-29T20:33,Istanbul,93401,2026-05-29T03:00,OpenMeteo,2,16.7
2026-05-29T20:33,Istanbul,93401,2026-05-29T04:00,OpenMeteo,3,17.1
2026-05-29T20:33,Istanbul,93401,2026-05-29T05:00,OpenMeteo,3,18.3
2026-05-29T20:33,Istanbul,93401,2026-05-29T06:00,OpenMeteo,3,16.8
2026-05-29T20:33,Istanbul,93401,2026-05-29T07:00,OpenMeteo,61,16.5
2026-05-29T20:33,Istanbul,93401,2026-05-29T08:00,OpenMeteo,3,16.9
2026-05-29T20:33,Istanbul,93401,2026-05-29T09:00,OpenMeteo,2,17.6
2026-05-29T20:33,Istanbul,93401,2026-05-29T10:00,OpenMeteo,2,19.4
2026-05-29T20:33,Istanbul,93401,2026-05-29T11:00,OpenMeteo,2,20.0
2026-05-29T20:33,Istanbul,93401,2026-05-29T12:00,OpenMeteo,1,20.1
2026-05-29T20:33,Istanbul,93401,2026-05-29T13:00,OpenMeteo,1,20.6
2026-05-29T20:33,Istanbul,93401,2026-05-29T14:00,OpenMeteo,0,20.2
2026-05-29T20:33,Istanbul,93401,2026-05-29T15:00,OpenMeteo,0,20.0
2026-05-29T20:33,Istanbul,93401,2026-05-29T16:00,OpenMeteo,0,19.2
2026-05-29T20:33,Istanbul,93401,2026-05-29T17:00,OpenMeteo,0,18.3
2026-05-29T20:33,Istanbul,93401,2026-05-29T18:00,OpenMeteo,1,17.1
2026-05-29T20:33,Istanbul,93401,2026-05-29T19:00,OpenMeteo,1,16.4
2026-05-29T20:33,Istanbul,93401,2026-05-29T20:00,OpenMeteo,0,15.6
2026-05-29T20:33,Istanbul,93401,2026-05-29T21:00,OpenMeteo,0,15.0
2026-05-29T20:33,Istanbul,93401,2026-05-29T22:00,OpenMeteo,0,14.5
2026-05-29T20:33,Istanbul,93401,2026-05-29T23:00,OpenMeteo,0,14.1
2026-05-29T20:33,Istanbul,93401,2026-05-30T00:00,OpenMeteo,0,14.0
2026-05-29T20:33,Istanbul,93401,2026-05-30T01:00,OpenMeteo,0,13.8
2026-05-29T20:33,Istanbul,93401,2026-05-30T02:00,OpenMeteo,0,13.7
2026-05-29T20:33,Istanbul,93401,2026-05-30T03:00,OpenMeteo,0,14.0
2026-05-29T20:33,Istanbul,93401,2026-05-30T04:00,OpenMeteo,0,14.9
2026-05-29T20:33,Istanbul,93401,2026-05-30T05:00,OpenMeteo,0,16.9
2026-05-29T20:33,Istanbul,93401,2026-05-30T06:00,OpenMeteo,0,18.8
2026-05-29T20:33,Istanbul,93401,2026-05-30T07:00,OpenMeteo,0,19.6
2026-05-29T20:33,Istanbul,93401,2026-05-30T08:00,OpenMeteo,0,19.9
2026-05-29T20:33,Istanbul,93401,2026-05-30T09:00,OpenMeteo,0,20.3
2026-05-29T20:33,Istanbul,93401,2026-05-30T10:00,OpenMeteo,0,20.8
2026-05-29T20:33,Istanbul,93401,2026-05-30T11:00,OpenMeteo,0,21.3
2026-05-29T20:33,Istanbul,93401,2026-05-30T12:00,OpenMeteo,0,21.6
2026-05-29T20:33,Istanbul,93401,2026-05-30T13:00,OpenMeteo,0,21.7
2026-05-29T20:33,Istanbul,93401,2026-05-30T14:00,OpenMeteo,1,21.6
2026-05-29T20:33,Istanbul,93401,2026-05-30T15:00,OpenMeteo,2,21.4
2026-05-29T20:33,Istanbul,93401,2026-05-30T16:00,OpenMeteo,3,21.1
2026-05-29T20:33,Istanbul,93401,2026-05-30T17:00,OpenMeteo,3,20.4
2026-05-29T20:33,Istanbul,93401,2026-05-30T18:00,OpenMeteo,3,19.8
2026-05-29T20:33,Istanbul,93401,2026-05-30T19:00,OpenMeteo,3,19.5
2026-05-29T20:33,Istanbul,93401,2026-05-30T20:00,OpenMeteo,3,19.1
2026-05-29T20:33,Istanbul,93401,2026-05-30T21:00,OpenMeteo,2,18.8
2026-05-29T20:33,Istanbul,93401,2026-05-30T22:00,OpenMeteo,3,18.3
2026-05-29T20:33,Istanbul,93401,2026-05-30T23:00,OpenMeteo,1,18.2
2026-05-29T20:33,Izmir,93501,2026-05-29T21:00,MGM,PB,21
2026-05-29T20:33,Izmir,93501,2026-05-30T00:00,MGM,AB,18
2026-05-29T20:33,Izmir,93501,2026-05-30T03:00,MGM,AB,16
2026-05-29T20:33,Izmir,93501,2026-05-30T06:00,MGM,AB,22
2026-05-29T20:33,Izmir,93501,2026-05-30T09:00,MGM,AB,26
2026-05-29T20:33,Izmir,93501,2026-05-30T12:00,MGM,AB,29
2026-05-29T20:33,Izmir,93501,2026-05-30T15:00,MGM,AB,28
2026-05-29T20:33,Izmir,93501,2026-05-30T18:00,MGM,AB,23
2026-05-29T20:33,Izmir,93501,2026-05-30T21:00,MGM,AB,22
2026-05-29T20:33,Izmir,93501,2026-05-29T00:00,OpenMeteo,1,18.5
2026-05-29T20:33,Izmir,93501,2026-05-29T01:00,OpenMeteo,0,17.8
2026-05-29T20:33,Izmir,93501,2026-05-29T02:00,OpenMeteo,1,17.5
2026-05-29T20:33,Izmir,93501,2026-05-29T03:00,OpenMeteo,1,17.2
2026-05-29T20:33,Izmir,93501,2026-05-29T04:00,OpenMeteo,1,18.1
2026-05-29T20:33,Izmir,93501,2026-05-29T05:00,OpenMeteo,1,21.3
2026-05-29T20:33,Izmir,93501,2026-05-29T06:00,OpenMeteo,3,23.4
2026-05-29T20:33,Izmir,93501,2026-05-29T07:00,OpenMeteo,2,25.1
2026-05-29T20:33,Izmir,93501,2026-05-29T08:00,OpenMeteo,2,26.5
2026-05-29T20:33,Izmir,93501,2026-05-29T09:00,OpenMeteo,1,27.4
2026-05-29T20:33,Izmir,93501,2026-05-29T10:00,OpenMeteo,1,28.0
2026-05-29T20:33,Izmir,93501,2026-05-29T11:00,OpenMeteo,1,28.4
2026-05-29T20:33,Izmir,93501,2026-05-29T12:00,OpenMeteo,2,28.9
2026-05-29T20:33,Izmir,93501,2026-05-29T13:00,OpenMeteo,1,28.7
2026-05-29T20:33,Izmir,93501,2026-05-29T14:00,OpenMeteo,2,28.1
2026-05-29T20:33,Izmir,93501,2026-05-29T15:00,OpenMeteo,1,27.1
2026-05-29T20:33,Izmir,93501,2026-05-29T16:00,OpenMeteo,0,25.7
2026-05-29T20:33,Izmir,93501,2026-05-29T17:00,OpenMeteo,0,23.7
2026-05-29T20:33,Izmir,93501,2026-05-29T18:00,OpenMeteo,0,21.7
2026-05-29T20:33,Izmir,93501,2026-05-29T19:00,OpenMeteo,0,20.6
2026-05-29T20:33,Izmir,93501,2026-05-29T20:00,OpenMeteo,0,19.3
2026-05-29T20:33,Izmir,93501,2026-05-29T21:00,OpenMeteo,0,18.1
2026-05-29T20:33,Izmir,93501,2026-05-29T22:00,OpenMeteo,0,17.1
2026-05-29T20:33,Izmir,93501,2026-05-29T23:00,OpenMeteo,0,16.1
2026-05-29T20:33,Izmir,93501,2026-05-30T00:00,OpenMeteo,0,15.3
2026-05-29T20:33,Izmir,93501,2026-05-30T01:00,OpenMeteo,0,14.6
2026-05-29T20:33,Izmir,93501,2026-05-30T02:00,OpenMeteo,0,14.0
2026-05-29T20:33,Izmir,93501,2026-05-30T03:00,OpenMeteo,0,13.5
2026-05-29T20:33,Izmir,93501,2026-05-30T04:00,OpenMeteo,0,14.1
2026-05-29T20:33,Izmir,93501,2026-05-30T05:00,OpenMeteo,0,17.5
2026-05-29T20:33,Izmir,93501,2026-05-30T06:00,OpenMeteo,0,21.5
2026-05-29T20:33,Izmir,93501,2026-05-30T07:00,OpenMeteo,0,23.6
2026-05-29T20:33,Izmir,93501,2026-05-30T08:00,OpenMeteo,0,24.9
2026-05-29T20:33,Izmir,93501,2026-05-30T09:00,OpenMeteo,0,26.2
2026-05-29T20:33,Izmir,93501,2026-05-30T10:00,OpenMeteo,0,27.4
2026-05-29T20:33,Izmir,93501,2026-05-30T11:00,OpenMeteo,0,28.4
2026-05-29T20:33,Izmir,93501,2026-05-30T12:00,OpenMeteo,0,29.1
2026-05-29T20:33,Izmir,93501,2026-05-30T13:00,OpenMeteo,0,29.1
2026-05-29T20:33,Izmir,93501,2026-05-30T14:00,OpenMeteo,0,28.4
2026-05-29T20:33,Izmir,93501,2026-05-30T15:00,OpenMeteo,0,27.3
2026-05-29T20:33,Izmir,93501,2026-05-30T16:00,OpenMeteo,0,26.0
2026-05-29T20:33,Izmir,93501,2026-05-30T17:00,OpenMeteo,0,24.5
2026-05-29T20:33,Izmir,93501,2026-05-30T18:00,OpenMeteo,0,22.6
2026-05-29T20:33,Izmir,93501,2026-05-30T19:00,OpenMeteo,0,21.6
2026-05-29T20:33,Izmir,93501,2026-05-30T20:00,OpenMeteo,0,18.6
2026-05-29T20:33,Izmir,93501,2026-05-30T21:00,OpenMeteo,0,16.4
2026-05-29T20:33,Izmir,93501,2026-05-30T22:00,OpenMeteo,0,15.4
2026-05-29T20:33,Izmir,93501,2026-05-30T23:00,OpenMeteo,0,14.7
2026-05-29T20:33,Ankara,90601,2026-05-29T21:00,MGM,PB,11
2026-05-29T20:33,Ankara,90601,2026-05-30T00:00,MGM,PB,9
2026-05-29T20:33,Ankara,90601,2026-05-30T03:00,MGM,AB,6
2026-05-29T20:33,Ankara,90601,2026-05-30T06:00,MGM,AB,12
2026-05-29T20:33,Ankara,90601,2026-05-30T09:00,MGM,AB,16
2026-05-29T20:33,Ankara,90601,2026-05-30T12:00,MGM,AB,20
2026-05-29T20:33,Ankara,90601,2026-05-30T15:00,MGM,AB,18
2026-05-29T20:33,Ankara,90601,2026-05-30T18:00,MGM,AB,16
2026-05-29T20:33,Ankara,90601,2026-05-30T21:00,MGM,AB,13
2026-05-29T20:33,Trabzon,96101,2026-05-29T21:00,MGM,KGY,15
2026-05-29T20:33,Trabzon,96101,2026-05-30T00:00,MGM,SY,14
2026-05-29T20:33,Trabzon,96101,2026-05-30T03:00,MGM,SY,13
2026-05-29T20:33,Trabzon,96101,2026-05-30T06:00,MGM,SY,15
2026-05-29T20:33,Trabzon,96101,2026-05-30T09:00,MGM,SY,16
2026-05-29T20:33,Trabzon,96101,2026-05-30T12:00,MGM,SY,17
2026-05-29T20:33,Trabzon,96101,2026-05-30T15:00,MGM,SY,16
2026-05-29T20:33,Trabzon,96101,2026-05-30T18:00,MGM,PB,15
2026-05-29T20:33,Trabzon,96101,2026-05-30T21:00,MGM,PB,14
2026-05-29T20:33,Trabzon,96101,2026-05-29T00:00,OpenMeteo,80,17.8
2026-05-29T20:33,Trabzon,96101,2026-05-29T01:00,OpenMeteo,80,17.5
2026-05-29T20:33,Trabzon,96101,2026-05-29T02:00,OpenMeteo,61,17.1
2026-05-29T20:33,Trabzon,96101,2026-05-29T03:00,OpenMeteo,61,16.5
2026-05-29T20:33,Trabzon,96101,2026-05-29T04:00,OpenMeteo,63,16.4
2026-05-29T20:33,Trabzon,96101,2026-05-29T05:00,OpenMeteo,61,16.8
2026-05-29T20:33,Trabzon,96101,2026-05-29T06:00,OpenMeteo,3,16.7
2026-05-29T20:33,Trabzon,96101,2026-05-29T07:00,OpenMeteo,61,17.1
2026-05-29T20:33,Trabzon,96101,2026-05-29T08:00,OpenMeteo,63,16.3
2026-05-29T20:33,Trabzon,96101,2026-05-29T09:00,OpenMeteo,63,15.7
2026-05-29T20:33,Trabzon,96101,2026-05-29T10:00,OpenMeteo,61,17.1
2026-05-29T20:33,Trabzon,96101,2026-05-29T11:00,OpenMeteo,3,19.0
2026-05-29T20:33,Trabzon,96101,2026-05-29T12:00,OpenMeteo,3,19.4
2026-05-29T20:33,Trabzon,96101,2026-05-29T13:00,OpenMeteo,3,17.0
2026-05-29T20:33,Trabzon,96101,2026-05-29T14:00,OpenMeteo,61,16.0
2026-05-29T20:33,Trabzon,96101,2026-05-29T15:00,OpenMeteo,61,14.4
2026-05-29T20:33,Trabzon,96101,2026-05-29T16:00,OpenMeteo,61,14.2
2026-05-29T20:33,Trabzon,96101,2026-05-29T17:00,OpenMeteo,61,13.9
2026-05-29T20:33,Trabzon,96101,2026-05-29T18:00,OpenMeteo,61,13.4
2026-05-29T20:33,Trabzon,96101,2026-05-29T19:00,OpenMeteo,61,13.2
2026-05-29T20:33,Trabzon,96101,2026-05-29T20:00,OpenMeteo,61,13.1
2026-05-29T20:33,Trabzon,96101,2026-05-29T21:00,OpenMeteo,61,12.8
2026-05-29T20:33,Trabzon,96101,2026-05-29T22:00,OpenMeteo,61,12.7
2026-05-29T20:33,Trabzon,96101,2026-05-29T23:00,OpenMeteo,61,12.7
2026-05-29T20:33,Trabzon,96101,2026-05-30T00:00,OpenMeteo,61,12.8
2026-05-29T20:33,Trabzon,96101,2026-05-30T01:00,OpenMeteo,2,12.8
2026-05-29T20:33,Trabzon,96101,2026-05-30T02:00,OpenMeteo,2,12.5
2026-05-29T20:33,Trabzon,96101,2026-05-30T03:00,OpenMeteo,0,12.5
2026-05-29T20:33,Trabzon,96101,2026-05-30T04:00,OpenMeteo,0,13.7
2026-05-29T20:33,Trabzon,96101,2026-05-30T05:00,OpenMeteo,0,14.5
2026-05-29T20:33,Trabzon,96101,2026-05-30T06:00,OpenMeteo,0,15.2
2026-05-29T20:33,Trabzon,96101,2026-05-30T07:00,OpenMeteo,0,15.8
2026-05-29T20:33,Trabzon,96101,2026-05-30T08:00,OpenMeteo,1,16.5
2026-05-29T20:33,Trabzon,96101,2026-05-30T09:00,OpenMeteo,1,17.0
2026-05-29T20:33,Trabzon,96101,2026-05-30T10:00,OpenMeteo,2,17.4
2026-05-29T20:33,Trabzon,96101,2026-05-30T11:00,OpenMeteo,0,17.7
2026-05-29T20:33,Trabzon,96101,2026-05-30T12:00,OpenMeteo,1,17.8
2026-05-29T20:33,Trabzon,96101,2026-05-30T13:00,OpenMeteo,2,17.7
2026-05-29T20:33,Trabzon,96101,2026-05-30T14:00,OpenMeteo,1,17.4
2026-05-29T20:33,Trabzon,96101,2026-05-30T15:00,OpenMeteo,1,17.2
2026-05-29T20:33,Trabzon,96101,2026-05-30T16:00,OpenMeteo,0,17.0
2026-05-29T20:33,Trabzon,96101,2026-05-30T17:00,OpenMeteo,1,16.3
2026-05-29T20:33,Trabzon,96101,2026-05-30T18:00,OpenMeteo,3,15.0
2026-05-29T20:33,Trabzon,96101,2026-05-30T19:00,OpenMeteo,3,14.6
2026-05-29T20:33,Trabzon,96101,2026-05-30T20:00,OpenMeteo,3,14.5
2026-05-29T20:33,Trabzon,96101,2026-05-30T21:00,OpenMeteo,1,13.9
2026-05-29T20:33,Trabzon,96101,2026-05-30T22:00,OpenMeteo,3,14.0
2026-05-29T20:33,Trabzon,96101,2026-05-30T23:00,OpenMeteo,2,13.8
2026-05-29T20:33,Gaziantep,92701,2026-05-29T21:00,MGM,PB,17
2026-05-29T20:33,Gaziantep,92701,2026-05-30T00:00,MGM,PB,15
2026-05-29T20:33,Gaziantep,92701,2026-05-30T03:00,MGM,PB,14
2026-05-29T20:33,Gaziantep,92701,2026-05-30T06:00,MGM,PB,20
2026-05-29T20:33,Gaziantep,92701,2026-05-30T09:00,MGM,PB,23
2026-05-29T20:33,Gaziantep,92701,2026-05-30T12:00,MGM,PB,26
2026-05-29T20:33,Gaziantep,92701,2026-05-30T15:00,MGM,PB,24
2026-05-29T20:33,Gaziantep,92701,2026-05-30T18:00,MGM,PB,19
2026-05-29T20:33,Gaziantep,92701,2026-05-30T21:00,MGM,PB,17
2026-05-29T20:33,Gaziantep,92701,2026-05-29T00:00,OpenMeteo,0,15.4
2026-05-29T20:33,Gaziantep,92701,2026-05-29T01:00,OpenMeteo,0,15.2
2026-05-29T20:33,Gaziantep,92701,2026-05-29T02:00,OpenMeteo,0,15.0
2026-05-29T20:33,Gaziantep,92701,2026-05-29T03:00,OpenMeteo,0,15.2
2026-05-29T20:33,Gaziantep,92701,2026-05-29T04:00,OpenMeteo,2,16.2
2026-05-29T20:33,Gaziantep,92701,2026-05-29T05:00,OpenMeteo,1,17.6
2026-05-29T20:33,Gaziantep,92701,2026-05-29T06:00,OpenMeteo,1,19.2
2026-05-29T20:33,Gaziantep,92701,2026-05-29T07:00,OpenMeteo,1,20.9
2026-05-29T20:33,Gaziantep,92701,2026-05-29T08:00,OpenMeteo,2,21.8
2026-05-29T20:33,Gaziantep,92701,2026-05-29T09:00,OpenMeteo,2,22.4
2026-05-29T20:33,Gaziantep,92701,2026-05-29T10:00,OpenMeteo,1,23.1
2026-05-29T20:33,Gaziantep,92701,2026-05-29T11:00,OpenMeteo,3,23.6
2026-05-29T20:33,Gaziantep,92701,2026-05-29T12:00,OpenMeteo,2,23.7
2026-05-29T20:33,Gaziantep,92701,2026-05-29T13:00,OpenMeteo,2,23.6
2026-05-29T20:33,Gaziantep,92701,2026-05-29T14:00,OpenMeteo,3,22.6
2026-05-29T20:33,Gaziantep,92701,2026-05-29T15:00,OpenMeteo,3,21.3
2026-05-29T20:33,Gaziantep,92701,2026-05-29T16:00,OpenMeteo,3,19.9
2026-05-29T20:33,Gaziantep,92701,2026-05-29T17:00,OpenMeteo,3,18.5
2026-05-29T20:33,Gaziantep,92701,2026-05-29T18:00,OpenMeteo,3,17.6
2026-05-29T20:33,Gaziantep,92701,2026-05-29T19:00,OpenMeteo,1,17.1
2026-05-29T20:33,Gaziantep,92701,2026-05-29T20:00,OpenMeteo,2,16.6
2026-05-29T20:33,Gaziantep,92701,2026-05-29T21:00,OpenMeteo,1,16.3
2026-05-29T20:33,Gaziantep,92701,2026-05-29T22:00,OpenMeteo,1,16.2
2026-05-29T20:33,Gaziantep,92701,2026-05-29T23:00,OpenMeteo,1,15.9
2026-05-29T20:33,Gaziantep,92701,2026-05-30T00:00,OpenMeteo,2,15.5
2026-05-29T20:33,Gaziantep,92701,2026-05-30T01:00,OpenMeteo,2,15.2
2026-05-29T20:33,Gaziantep,92701,2026-05-30T02:00,OpenMeteo,0,14.6
2026-05-29T20:33,Gaziantep,92701,2026-05-30T03:00,OpenMeteo,0,14.3
2026-05-29T20:33,Gaziantep,92701,2026-05-30T04:00,OpenMeteo,0,15.8
2026-05-29T20:33,Gaziantep,92701,2026-05-30T05:00,OpenMeteo,0,17.5
2026-05-29T20:33,Gaziantep,92701,2026-05-30T06:00,OpenMeteo,0,18.8
2026-05-29T20:33,Gaziantep,92701,2026-05-30T07:00,OpenMeteo,0,20.1
2026-05-29T20:33,Gaziantep,92701,2026-05-30T08:00,OpenMeteo,0,21.4
2026-05-29T20:33,Gaziantep,92701,2026-05-30T09:00,OpenMeteo,1,22.6
2026-05-29T20:33,Gaziantep,92701,2026-05-30T10:00,OpenMeteo,0,23.3
2026-05-29T20:33,Gaziantep,92701,2026-05-30T11:00,OpenMeteo,1,23.9
2026-05-29T20:33,Gaziantep,92701,2026-05-30T12:00,OpenMeteo,1,24.5
2026-05-29T20:33,Gaziantep,92701,2026-05-30T13:00,OpenMeteo,0,24.8
2026-05-29T20:33,Gaziantep,92701,2026-05-30T14:00,OpenMeteo,0,24.3
2026-05-29T20:33,Gaziantep,92701,2026-05-30T15:00,OpenMeteo,0,23.4
2026-05-29T20:33,Gaziantep,92701,2026-05-30T16:00,OpenMeteo,0,22.3
2026-05-29T20:33,Gaziantep,92701,2026-05-30T17:00,OpenMeteo,0,20.4
2026-05-29T20:33,Gaziantep,92701,2026-05-30T18:00,OpenMeteo,0,19.0
2026-05-29T20:33,Gaziantep,92701,2026-05-30T19:00,OpenMeteo,0,18.0
2026-05-29T20:33,Gaziantep,92701,2026-05-30T20:00,OpenMeteo,0,17.1
2026-05-29T20:33,Gaziantep,92701,2026-05-30T21:00,OpenMeteo,0,15.8
2026-05-29T20:33,Gaziantep,92701,2026-05-30T22:00,OpenMeteo,0,15.4
2026-05-29T20:33,Gaziantep,92701,2026-05-30T23:00,OpenMeteo,0,14.9
2026-05-29T22:39,Istanbul,93401,2026-05-30T00:00,MGM,AB,16
2026-05-29T22:39,Istanbul,93401,2026-05-30T03:00,MGM,AB,15
2026-05-29T22:39,Istanbul,93401,2026-05-30T06:00,MGM,AB,19
2026-05-29T22:39,Istanbul,93401,2026-05-30T09:00,MGM,PB,20
2026-05-29T22:39,Istanbul,93401,2026-05-30T12:00,MGM,PB,22
2026-05-29T22:39,Istanbul,93401,2026-05-30T15:00,MGM,PB,23
2026-05-29T22:39,Istanbul,93401,2026-05-30T18:00,MGM,AB,21
2026-05-29T22:39,Istanbul,93401,2026-05-30T21:00,MGM,AB,20
2026-05-29T22:39,Istanbul,93401,2026-05-29T00:00,OpenMeteo,3,17.1
2026-05-29T22:39,Istanbul,93401,2026-05-29T01:00,OpenMeteo,3,17.0
2026-05-29T22:39,Istanbul,93401,2026-05-29T02:00,OpenMeteo,2,16.8
2026-05-29T22:39,Istanbul,93401,2026-05-29T03:00,OpenMeteo,2,16.7
2026-05-29T22:39,Istanbul,93401,2026-05-29T04:00,OpenMeteo,3,17.1
2026-05-29T22:39,Istanbul,93401,2026-05-29T05:00,OpenMeteo,3,18.3
2026-05-29T22:39,Istanbul,93401,2026-05-29T06:00,OpenMeteo,3,16.8
2026-05-29T22:39,Istanbul,93401,2026-05-29T07:00,OpenMeteo,61,16.5
2026-05-29T22:39,Istanbul,93401,2026-05-29T08:00,OpenMeteo,3,16.9
2026-05-29T22:39,Istanbul,93401,2026-05-29T09:00,OpenMeteo,2,17.6
2026-05-29T22:39,Istanbul,93401,2026-05-29T10:00,OpenMeteo,2,19.4
2026-05-29T22:39,Istanbul,93401,2026-05-29T11:00,OpenMeteo,2,20.0
2026-05-29T22:39,Istanbul,93401,2026-05-29T12:00,OpenMeteo,1,20.1
2026-05-29T22:39,Istanbul,93401,2026-05-29T13:00,OpenMeteo,1,20.6
2026-05-29T22:39,Istanbul,93401,2026-05-29T14:00,OpenMeteo,0,20.2
2026-05-29T22:39,Istanbul,93401,2026-05-29T15:00,OpenMeteo,0,20.0
2026-05-29T22:39,Istanbul,93401,2026-05-29T16:00,OpenMeteo,0,19.2
2026-05-29T22:39,Istanbul,93401,2026-05-29T17:00,OpenMeteo,0,18.3
2026-05-29T22:39,Istanbul,93401,2026-05-29T18:00,OpenMeteo,1,17.2
2026-05-29T22:39,Istanbul,93401,2026-05-29T19:00,OpenMeteo,0,16.5
2026-05-29T22:39,Istanbul,93401,2026-05-29T20:00,OpenMeteo,0,15.8
2026-05-29T22:39,Istanbul,93401,2026-05-29T21:00,OpenMeteo,0,15.0
2026-05-29T22:39,Istanbul,93401,2026-05-29T22:00,OpenMeteo,0,14.5
2026-05-29T22:39,Istanbul,93401,2026-05-29T23:00,OpenMeteo,0,14.1
2026-05-29T22:39,Istanbul,93401,2026-05-30T00:00,OpenMeteo,0,13.9
2026-05-29T22:39,Istanbul,93401,2026-05-30T01:00,OpenMeteo,0,13.7
2026-05-29T22:39,Istanbul,93401,2026-05-30T02:00,OpenMeteo,0,13.6
2026-05-29T22:39,Istanbul,93401,2026-05-30T03:00,OpenMeteo,0,13.7
2026-05-29T22:39,Istanbul,93401,2026-05-30T04:00,OpenMeteo,0,14.7
2026-05-29T22:39,Istanbul,93401,2026-05-30T05:00,OpenMeteo,1,16.9
2026-05-29T22:39,Istanbul,93401,2026-05-30T06:00,OpenMeteo,1,18.8
2026-05-29T22:39,Istanbul,93401,2026-05-30T07:00,OpenMeteo,1,19.5
2026-05-29T22:39,Istanbul,93401,2026-05-30T08:00,OpenMeteo,0,19.7
2026-05-29T22:39,Istanbul,93401,2026-05-30T09:00,OpenMeteo,0,20.2
2026-05-29T22:39,Istanbul,93401,2026-05-30T10:00,OpenMeteo,0,20.7
2026-05-29T22:39,Istanbul,93401,2026-05-30T11:00,OpenMeteo,0,21.3
2026-05-29T22:39,Istanbul,93401,2026-05-30T12:00,OpenMeteo,0,21.6
2026-05-29T22:39,Istanbul,93401,2026-05-30T13:00,OpenMeteo,0,21.8
2026-05-29T22:39,Istanbul,93401,2026-05-30T14:00,OpenMeteo,1,21.7
2026-05-29T22:39,Istanbul,93401,2026-05-30T15:00,OpenMeteo,2,21.3
2026-05-29T22:39,Istanbul,93401,2026-05-30T16:00,OpenMeteo,3,20.9
2026-05-29T22:39,Istanbul,93401,2026-05-30T17:00,OpenMeteo,3,20.4
2026-05-29T22:39,Istanbul,93401,2026-05-30T18:00,OpenMeteo,3,19.7
2026-05-29T22:39,Istanbul,93401,2026-05-30T19:00,OpenMeteo,1,19.4
2026-05-29T22:39,Istanbul,93401,2026-05-30T20:00,OpenMeteo,0,18.9
2026-05-29T22:39,Istanbul,93401,2026-05-30T21:00,OpenMeteo,2,18.6
2026-05-29T22:39,Istanbul,93401,2026-05-30T22:00,OpenMeteo,3,18.6
2026-05-29T22:39,Istanbul,93401,2026-05-30T23:00,OpenMeteo,1,18.5
2026-05-29T22:39,Izmir,93501,2026-05-29T00:00,OpenMeteo,1,18.5
2026-05-29T22:39,Izmir,93501,2026-05-29T01:00,OpenMeteo,0,17.8
2026-05-29T22:39,Izmir,93501,2026-05-29T02:00,OpenMeteo,1,17.5
2026-05-29T22:39,Izmir,93501,2026-05-29T03:00,OpenMeteo,1,17.2
2026-05-29T22:39,Izmir,93501,2026-05-29T04:00,OpenMeteo,1,18.1
2026-05-29T22:39,Izmir,93501,2026-05-29T05:00,OpenMeteo,1,21.3
2026-05-29T22:39,Izmir,93501,2026-05-29T06:00,OpenMeteo,3,23.4
2026-05-29T22:39,Izmir,93501,2026-05-29T07:00,OpenMeteo,2,25.1
2026-05-29T22:39,Izmir,93501,2026-05-29T08:00,OpenMeteo,2,26.5
2026-05-29T22:39,Izmir,93501,2026-05-29T09:00,OpenMeteo,1,27.4
2026-05-29T22:39,Izmir,93501,2026-05-29T10:00,OpenMeteo,1,28.0
2026-05-29T22:39,Izmir,93501,2026-05-29T11:00,OpenMeteo,1,28.4
2026-05-29T22:39,Izmir,93501,2026-05-29T12:00,OpenMeteo,2,28.9
2026-05-29T22:39,Izmir,93501,2026-05-29T13:00,OpenMeteo,1,28.7
2026-05-29T22:39,Izmir,93501,2026-05-29T14:00,OpenMeteo,2,28.1
2026-05-29T22:39,Izmir,93501,2026-05-29T15:00,OpenMeteo,1,27.1
2026-05-29T22:39,Izmir,93501,2026-05-29T16:00,OpenMeteo,0,25.7
2026-05-29T22:39,Izmir,93501,2026-05-29T17:00,OpenMeteo,0,23.7
2026-05-29T22:39,Izmir,93501,2026-05-29T18:00,OpenMeteo,0,21.5
2026-05-29T22:39,Izmir,93501,2026-05-29T19:00,OpenMeteo,0,20.4
2026-05-29T22:39,Izmir,93501,2026-05-29T20:00,OpenMeteo,0,19.3
2026-05-29T22:39,Izmir,93501,2026-05-29T21:00,OpenMeteo,0,18.2
2026-05-29T22:39,Izmir,93501,2026-05-29T22:00,OpenMeteo,0,17.3
2026-05-29T22:39,Izmir,93501,2026-05-29T23:00,OpenMeteo,0,16.3
2026-05-29T22:39,Izmir,93501,2026-05-30T00:00,OpenMeteo,0,15.3
2026-05-29T22:39,Izmir,93501,2026-05-30T01:00,OpenMeteo,0,14.4
2026-05-29T22:39,Izmir,93501,2026-05-30T02:00,OpenMeteo,0,13.7
2026-05-29T22:39,Izmir,93501,2026-05-30T03:00,OpenMeteo,0,13.1
2026-05-29T22:39,Izmir,93501,2026-05-30T04:00,OpenMeteo,0,13.7
2026-05-29T22:39,Izmir,93501,2026-05-30T05:00,OpenMeteo,0,17.3
2026-05-29T22:39,Izmir,93501,2026-05-30T06:00,OpenMeteo,0,21.5
2026-05-29T22:39,Izmir,93501,2026-05-30T07:00,OpenMeteo,0,23.3
2026-05-29T22:39,Izmir,93501,2026-05-30T08:00,OpenMeteo,0,24.5
2026-05-29T22:39,Izmir,93501,2026-05-30T09:00,OpenMeteo,0,25.9
2026-05-29T22:39,Izmir,93501,2026-05-30T10:00,OpenMeteo,0,27.2
2026-05-29T22:39,Izmir,93501,2026-05-30T11:00,OpenMeteo,0,28.2
2026-05-29T22:39,Izmir,93501,2026-05-30T12:00,OpenMeteo,0,28.6
2026-05-29T22:39,Izmir,93501,2026-05-30T13:00,OpenMeteo,0,28.7
2026-05-29T22:39,Izmir,93501,2026-05-30T14:00,OpenMeteo,0,28.3
2026-05-29T22:39,Izmir,93501,2026-05-30T15:00,OpenMeteo,0,27.2
2026-05-29T22:39,Izmir,93501,2026-05-30T16:00,OpenMeteo,0,25.8
2026-05-29T22:39,Izmir,93501,2026-05-30T17:00,OpenMeteo,0,24.0
2026-05-29T22:39,Izmir,93501,2026-05-30T18:00,OpenMeteo,0,22.2
2026-05-29T22:39,Izmir,93501,2026-05-30T19:00,OpenMeteo,0,21.5
2026-05-29T22:39,Izmir,93501,2026-05-30T20:00,OpenMeteo,0,18.4
2026-05-29T22:39,Izmir,93501,2026-05-30T21:00,OpenMeteo,0,16.4
2026-05-29T22:39,Izmir,93501,2026-05-30T22:00,OpenMeteo,0,15.4
2026-05-29T22:39,Izmir,93501,2026-05-30T23:00,OpenMeteo,0,14.7
2026-05-29T22:39,Antalya,90701,2026-05-30T00:00,MGM,AB,24
2026-05-29T22:39,Antalya,90701,2026-05-30T03:00,MGM,AB,22
2026-05-29T22:39,Antalya,90701,2026-05-30T06:00,MGM,AB,24
2026-05-29T22:39,Antalya,90701,2026-05-30T09:00,MGM,AB,25
2026-05-29T22:39,Antalya,90701,2026-05-30T12:00,MGM,AB,29
2026-05-29T22:39,Antalya,90701,2026-05-30T15:00,MGM,AB,26
2026-05-29T22:39,Antalya,90701,2026-05-30T18:00,MGM,AB,23
2026-05-29T22:39,Antalya,90701,2026-05-30T21:00,MGM,AB,22
2026-05-29T22:39,Antalya,90701,2026-05-29T00:00,OpenMeteo,0,19.8
2026-05-29T22:39,Antalya,90701,2026-05-29T01:00,OpenMeteo,0,19.7
2026-05-29T22:39,Antalya,90701,2026-05-29T02:00,OpenMeteo,0,20.2
2026-05-29T22:39,Antalya,90701,2026-05-29T03:00,OpenMeteo,0,20.7
2026-05-29T22:39,Antalya,90701,2026-05-29T04:00,OpenMeteo,0,21.6
2026-05-29T22:39,Antalya,90701,2026-05-29T05:00,OpenMeteo,0,23.7
2026-05-29T22:39,Antalya,90701,2026-05-29T06:00,OpenMeteo,0,26.0
2026-05-29T22:39,Antalya,90701,2026-05-29T07:00,OpenMeteo,0,27.5
2026-05-29T22:39,Antalya,90701,2026-05-29T08:00,OpenMeteo,2,28.8
2026-05-29T22:39,Antalya,90701,2026-05-29T09:00,OpenMeteo,2,29.7
2026-05-29T22:39,Antalya,90701,2026-05-29T10:00,OpenMeteo,3,28.7
2026-05-29T22:39,Antalya,90701,2026-05-29T11:00,OpenMeteo,1,27.6
2026-05-29T22:39,Antalya,90701,2026-05-29T12:00,OpenMeteo,1,27.9
2026-05-29T22:39,Antalya,90701,2026-05-29T13:00,OpenMeteo,0,28.0
2026-05-29T22:39,Antalya,90701,2026-05-29T14:00,OpenMeteo,0,28.0
2026-05-29T22:39,Antalya,90701,2026-05-29T15:00,OpenMeteo,1,29.1
2026-05-29T22:39,Antalya,90701,2026-05-29T16:00,OpenMeteo,0,29.6
2026-05-29T22:39,Antalya,90701,2026-05-29T17:00,OpenMeteo,1,28.3
2026-05-29T22:39,Antalya,90701,2026-05-29T18:00,OpenMeteo,1,26.5
2026-05-29T22:39,Antalya,90701,2026-05-29T19:00,OpenMeteo,0,25.2
2026-05-29T22:39,Antalya,90701,2026-05-29T20:00,OpenMeteo,0,24.4
2026-05-29T22:39,Antalya,90701,2026-05-29T21:00,OpenMeteo,0,23.6
2026-05-29T22:39,Antalya,90701,2026-05-29T22:00,OpenMeteo,0,23.3
2026-05-29T22:39,Antalya,90701,2026-05-29T23:00,OpenMeteo,0,22.7
2026-05-29T22:39,Antalya,90701,2026-05-30T00:00,OpenMeteo,0,22.1
2026-05-29T22:39,Antalya,90701,2026-05-30T01:00,OpenMeteo,0,21.6
2026-05-29T22:39,Antalya,90701,2026-05-30T02:00,OpenMeteo,0,21.1
2026-05-29T22:39,Antalya,90701,2026-05-30T03:00,OpenMeteo,0,20.7
2026-05-29T22:39,Antalya,90701,2026-05-30T04:00,OpenMeteo,0,20.8
2026-05-29T22:39,Antalya,90701,2026-05-30T05:00,OpenMeteo,0,22.0
2026-05-29T22:39,Antalya,90701,2026-05-30T06:00,OpenMeteo,0,23.7
2026-05-29T22:39,Antalya,90701,2026-05-30T07:00,OpenMeteo,0,25.3
2026-05-29T22:39,Antalya,90701,2026-05-30T08:00,OpenMeteo,0,26.7
2026-05-29T22:39,Antalya,90701,2026-05-30T09:00,OpenMeteo,0,28.0
2026-05-29T22:39,Antalya,90701,2026-05-30T10:00,OpenMeteo,0,29.1
2026-05-29T22:39,Antalya,90701,2026-05-30T11:00,OpenMeteo,0,29.4
2026-05-29T22:39,Antalya,90701,2026-05-30T12:00,OpenMeteo,0,27.1
2026-05-29T22:39,Antalya,90701,2026-05-30T13:00,OpenMeteo,0,26.5
2026-05-29T22:39,Antalya,90701,2026-05-30T14:00,OpenMeteo,0,25.8
2026-05-29T22:39,Antalya,90701,2026-05-30T15:00,OpenMeteo,0,24.8
2026-05-29T22:39,Antalya,90701,2026-05-30T16:00,OpenMeteo,0,24.2
2026-05-29T22:39,Antalya,90701,2026-05-30T17:00,OpenMeteo,0,23.4
2026-05-29T22:39,Antalya,90701,2026-05-30T18:00,OpenMeteo,0,22.5
2026-05-29T22:39,Antalya,90701,2026-05-30T19:00,OpenMeteo,0,21.9
2026-05-29T22:39,Antalya,90701,2026-05-30T20:00,OpenMeteo,0,21.1
2026-05-29T22:39,Antalya,90701,2026-05-30T21:00,OpenMeteo,0,20.0
2026-05-29T22:39,Antalya,90701,2026-05-30T22:00,OpenMeteo,0,19.3
2026-05-29T22:39,Antalya,90701,2026-05-30T23:00,OpenMeteo,0,18.6
2026-05-29T22:39,Ankara,90601,2026-05-30T00:00,MGM,PB,9
2026-05-29T22:39,Ankara,90601,2026-05-30T03:00,MGM,AB,6
2026-05-29T22:39,Ankara,90601,2026-05-30T06:00,MGM,AB,12
2026-05-29T22:39,Ankara,90601,2026-05-30T09:00,MGM,AB,16
2026-05-29T22:39,Ankara,90601,2026-05-30T12:00,MGM,AB,20
2026-05-29T22:39,Ankara,90601,2026-05-30T15:00,MGM,AB,18
2026-05-29T22:39,Ankara,90601,2026-05-30T18:00,MGM,AB,16
2026-05-29T22:39,Ankara,90601,2026-05-30T21:00,MGM,AB,13
2026-05-29T22:39,Trabzon,96101,2026-05-30T00:00,MGM,SY,14
2026-05-29T22:39,Trabzon,96101,2026-05-30T03:00,MGM,SY,13
2026-05-29T22:39,Trabzon,96101,2026-05-30T06:00,MGM,SY,15
2026-05-29T22:39,Trabzon,96101,2026-05-30T09:00,MGM,SY,16
2026-05-29T22:39,Trabzon,96101,2026-05-30T12:00,MGM,SY,17
2026-05-29T22:39,Trabzon,96101,2026-05-30T15:00,MGM,SY,16
2026-05-29T22:39,Trabzon,96101,2026-05-30T18:00,MGM,PB,15
2026-05-29T22:39,Trabzon,96101,2026-05-30T21:00,MGM,PB,14
2026-05-29T22:39,Gaziantep,92701,2026-05-30T00:00,MGM,PB,15
2026-05-29T22:39,Gaziantep,92701,2026-05-30T03:00,MGM,PB,14
2026-05-29T22:39,Gaziantep,92701,2026-05-30T06:00,MGM,PB,20
2026-05-29T22:39,Gaziantep,92701,2026-05-30T09:00,MGM,PB,23
2026-05-29T22:39,Gaziantep,92701,2026-05-30T12:00,MGM,PB,26
2026-05-29T22:39,Gaziantep,92701,2026-05-30T15:00,MGM,PB,24
2026-05-29T22:39,Gaziantep,92701,2026-05-30T18:00,MGM,PB,19
2026-05-29T22:39,Gaziantep,92701,2026-05-30T21:00,MGM,PB,17
2026-05-29T22:39,Gaziantep,92701,2026-05-29T00:00,OpenMeteo,0,15.4
2026-05-29T22:39,Gaziantep,92701,2026-05-29T01:00,OpenMeteo,0,15.2
2026-05-29T22:39,Gaziantep,92701,2026-05-29T02:00,OpenMeteo,0,15.0
2026-05-29T22:39,Gaziantep,92701,2026-05-29T03:00,OpenMeteo,0,15.2
2026-05-29T22:39,Gaziantep,92701,2026-05-29T04:00,OpenMeteo,2,16.2
2026-05-29T22:39,Gaziantep,92701,2026-05-29T05:00,OpenMeteo,1,17.6
2026-05-29T22:39,Gaziantep,92701,2026-05-29T06:00,OpenMeteo,1,19.2
2026-05-29T22:39,Gaziantep,92701,2026-05-29T07:00,OpenMeteo,1,20.9
2026-05-29T22:39,Gaziantep,92701,2026-05-29T08:00,OpenMeteo,2,21.8
2026-05-29T22:39,Gaziantep,92701,2026-05-29T09:00,OpenMeteo,2,22.4
2026-05-29T22:39,Gaziantep,92701,2026-05-29T10:00,OpenMeteo,1,23.1
2026-05-29T22:39,Gaziantep,92701,2026-05-29T11:00,OpenMeteo,3,23.6
2026-05-29T22:39,Gaziantep,92701,2026-05-29T12:00,OpenMeteo,2,23.7
2026-05-29T22:39,Gaziantep,92701,2026-05-29T13:00,OpenMeteo,2,23.6
2026-05-29T22:39,Gaziantep,92701,2026-05-29T14:00,OpenMeteo,3,22.6
2026-05-29T22:39,Gaziantep,92701,2026-05-29T15:00,OpenMeteo,3,21.3
2026-05-29T22:39,Gaziantep,92701,2026-05-29T16:00,OpenMeteo,3,19.9
2026-05-29T22:39,Gaziantep,92701,2026-05-29T17:00,OpenMeteo,3,18.5
2026-05-29T22:39,Gaziantep,92701,2026-05-29T18:00,OpenMeteo,3,17.5
2026-05-29T22:39,Gaziantep,92701,2026-05-29T19:00,OpenMeteo,0,16.9
2026-05-29T22:39,Gaziantep,92701,2026-05-29T20:00,OpenMeteo,0,16.5
2026-05-29T22:39,Gaziantep,92701,2026-05-29T21:00,OpenMeteo,1,16.2
2026-05-29T22:39,Gaziantep,92701,2026-05-29T22:00,OpenMeteo,1,16.0
2026-05-29T22:39,Gaziantep,92701,2026-05-29T23:00,OpenMeteo,1,15.8
2026-05-29T22:39,Gaziantep,92701,2026-05-30T00:00,OpenMeteo,2,15.5
2026-05-29T22:39,Gaziantep,92701,2026-05-30T01:00,OpenMeteo,0,15.0
2026-05-29T22:39,Gaziantep,92701,2026-05-30T02:00,OpenMeteo,0,14.5
2026-05-29T22:39,Gaziantep,92701,2026-05-30T03:00,OpenMeteo,0,14.2
2026-05-29T22:39,Gaziantep,92701,2026-05-30T04:00,OpenMeteo,0,15.5
2026-05-29T22:39,Gaziantep,92701,2026-05-30T05:00,OpenMeteo,0,17.2
2026-05-29T22:39,Gaziantep,92701,2026-05-30T06:00,OpenMeteo,0,18.6
2026-05-29T22:39,Gaziantep,92701,2026-05-30T07:00,OpenMeteo,0,19.9
2026-05-29T22:39,Gaziantep,92701,2026-05-30T08:00,OpenMeteo,0,21.3
2026-05-29T22:39,Gaziantep,92701,2026-05-30T09:00,OpenMeteo,1,22.4
2026-05-29T22:39,Gaziantep,92701,2026-05-30T10:00,OpenMeteo,1,23.1
2026-05-29T22:39,Gaziantep,92701,2026-05-30T11:00,OpenMeteo,1,23.7
2026-05-29T22:39,Gaziantep,92701,2026-05-30T12:00,OpenMeteo,1,24.5
2026-05-29T22:39,Gaziantep,92701,2026-05-30T13:00,OpenMeteo,1,24.6
2026-05-29T22:39,Gaziantep,92701,2026-05-30T14:00,OpenMeteo,0,24.1
2026-05-29T22:39,Gaziantep,92701,2026-05-30T15:00,OpenMeteo,0,23.3
2026-05-29T22:39,Gaziantep,92701,2026-05-30T16:00,OpenMeteo,0,22.2
2026-05-29T22:39,Gaziantep,92701,2026-05-30T17:00,OpenMeteo,0,20.0
2026-05-29T22:39,Gaziantep,92701,2026-05-30T18:00,OpenMeteo,0,18.8
2026-05-29T22:39,Gaziantep,92701,2026-05-30T19:00,OpenMeteo,0,17.7
2026-05-29T22:39,Gaziantep,92701,2026-05-30T20:00,OpenMeteo,0,16.7
2026-05-29T22:39,Gaziantep,92701,2026-05-30T21:00,OpenMeteo,0,15.7
2026-05-29T22:39,Gaziantep,92701,2026-05-30T22:00,OpenMeteo,0,15.1
2026-05-29T22:39,Gaziantep,92701,2026-05-30T23:00,OpenMeteo,0,14.5
2026-05-30T03:58,Istanbul,93401,2026-05-30T06:00,MGM,AB,19
2026-05-30T03:58,Istanbul,93401,2026-05-30T09:00,MGM,PB,20
2026-05-30T03:58,Istanbul,93401,2026-05-30T12:00,MGM,PB,22
2026-05-30T03:58,Istanbul,93401,2026-05-30T15:00,MGM,PB,23
2026-05-30T03:58,Istanbul,93401,2026-05-30T18:00,MGM,AB,21
2026-05-30T03:58,Istanbul,93401,2026-05-30T21:00,MGM,AB,20
2026-05-30T03:58,Istanbul,93401,2026-05-30T00:00,OpenMeteo,0,13.4
2026-05-30T03:58,Istanbul,93401,2026-05-30T01:00,OpenMeteo,0,13.2
2026-05-30T03:58,Istanbul,93401,2026-05-30T02:00,OpenMeteo,0,13.0
2026-05-30T03:58,Istanbul,93401,2026-05-30T03:00,OpenMeteo,0,13.2
2026-05-30T03:58,Istanbul,93401,2026-05-30T04:00,OpenMeteo,0,14.0
2026-05-30T03:58,Istanbul,93401,2026-05-30T05:00,OpenMeteo,1,16.0
2026-05-30T03:58,Istanbul,93401,2026-05-30T06:00,OpenMeteo,1,17.6
2026-05-30T03:58,Istanbul,93401,2026-05-30T07:00,OpenMeteo,1,18.8
2026-05-30T03:58,Istanbul,93401,2026-05-30T08:00,OpenMeteo,1,19.6
2026-05-30T03:58,Istanbul,93401,2026-05-30T09:00,OpenMeteo,0,20.0
2026-05-30T03:58,Istanbul,93401,2026-05-30T10:00,OpenMeteo,0,20.6
2026-05-30T03:58,Istanbul,93401,2026-05-30T11:00,OpenMeteo,2,21.0
2026-05-30T03:58,Istanbul,93401,2026-05-30T12:00,OpenMeteo,1,21.3
2026-05-30T03:58,Istanbul,93401,2026-05-30T13:00,OpenMeteo,0,21.3
2026-05-30T03:58,Istanbul,93401,2026-05-30T14:00,OpenMeteo,1,21.2
2026-05-30T03:58,Istanbul,93401,2026-05-30T15:00,OpenMeteo,3,20.9
2026-05-30T03:58,Istanbul,93401,2026-05-30T16:00,OpenMeteo,3,20.5
2026-05-30T03:58,Istanbul,93401,2026-05-30T17:00,OpenMeteo,2,20.0
2026-05-30T03:58,Istanbul,93401,2026-05-30T18:00,OpenMeteo,2,19.4
2026-05-30T03:58,Istanbul,93401,2026-05-30T19:00,OpenMeteo,1,19.1
2026-05-30T03:58,Istanbul,93401,2026-05-30T20:00,OpenMeteo,1,18.6
2026-05-30T03:58,Istanbul,93401,2026-05-30T21:00,OpenMeteo,1,18.2
2026-05-30T03:58,Istanbul,93401,2026-05-30T22:00,OpenMeteo,1,18.0
2026-05-30T03:58,Istanbul,93401,2026-05-30T23:00,OpenMeteo,1,18.0
2026-05-30T03:58,Istanbul,93401,2026-05-31T00:00,OpenMeteo,3,18.0
2026-05-30T03:58,Istanbul,93401,2026-05-31T01:00,OpenMeteo,2,18.0
2026-05-30T03:58,Istanbul,93401,2026-05-31T02:00,OpenMeteo,1,18.0
2026-05-30T03:58,Istanbul,93401,2026-05-31T03:00,OpenMeteo,3,17.9
2026-05-30T03:58,Istanbul,93401,2026-05-31T04:00,OpenMeteo,2,18.6
2026-05-30T03:58,Istanbul,93401,2026-05-31T05:00,OpenMeteo,2,19.7
2026-05-30T03:58,Istanbul,93401,2026-05-31T06:00,OpenMeteo,3,20.0
2026-05-30T03:58,Istanbul,93401,2026-05-31T07:00,OpenMeteo,3,20.1
2026-05-30T03:58,Istanbul,93401,2026-05-31T08:00,OpenMeteo,3,19.9
2026-05-30T03:58,Istanbul,93401,2026-05-31T09:00,OpenMeteo,2,20.7
2026-05-30T03:58,Istanbul,93401,2026-05-31T10:00,OpenMeteo,2,21.5
2026-05-30T03:58,Istanbul,93401,2026-05-31T11:00,OpenMeteo,2,22.2
2026-05-30T03:58,Istanbul,93401,2026-05-31T12:00,OpenMeteo,1,23.0
2026-05-30T03:58,Istanbul,93401,2026-05-31T13:00,OpenMeteo,1,23.6
2026-05-30T03:58,Istanbul,93401,2026-05-31T14:00,OpenMeteo,3,23.7
2026-05-30T03:58,Istanbul,93401,2026-05-31T15:00,OpenMeteo,3,23.3
2026-05-30T03:58,Istanbul,93401,2026-05-31T16:00,OpenMeteo,3,22.6
2026-05-30T03:58,Istanbul,93401,2026-05-31T17:00,OpenMeteo,3,21.7
2026-05-30T03:58,Istanbul,93401,2026-05-31T18:00,OpenMeteo,3,20.7
2026-05-30T03:58,Istanbul,93401,2026-05-31T19:00,OpenMeteo,0,19.9
2026-05-30T03:58,Istanbul,93401,2026-05-31T20:00,OpenMeteo,3,19.4
2026-05-30T03:58,Istanbul,93401,2026-05-31T21:00,OpenMeteo,0,18.9
2026-05-30T03:58,Istanbul,93401,2026-05-31T22:00,OpenMeteo,1,18.7
2026-05-30T03:58,Istanbul,93401,2026-05-31T23:00,OpenMeteo,1,18.6
2026-05-30T03:58,Izmir,93501,2026-05-30T06:00,MGM,AB,22
2026-05-30T03:58,Izmir,93501,2026-05-30T09:00,MGM,AB,26
2026-05-30T03:58,Izmir,93501,2026-05-30T12:00,MGM,AB,29
2026-05-30T03:58,Izmir,93501,2026-05-30T15:00,MGM,AB,28
2026-05-30T03:58,Izmir,93501,2026-05-30T18:00,MGM,AB,23
2026-05-30T03:58,Izmir,93501,2026-05-30T21:00,MGM,AB,22
2026-05-30T03:58,Izmir,93501,2026-05-30T00:00,OpenMeteo,0,15.8
2026-05-30T03:58,Izmir,93501,2026-05-30T01:00,OpenMeteo,0,14.6
2026-05-30T03:58,Izmir,93501,2026-05-30T02:00,OpenMeteo,0,13.8
2026-05-30T03:58,Izmir,93501,2026-05-30T03:00,OpenMeteo,0,13.1
2026-05-30T03:58,Izmir,93501,2026-05-30T04:00,OpenMeteo,0,13.8
2026-05-30T03:58,Izmir,93501,2026-05-30T05:00,OpenMeteo,0,17.3
2026-05-30T03:58,Izmir,93501,2026-05-30T06:00,OpenMeteo,0,21.3
2026-05-30T03:58,Izmir,93501,2026-05-30T07:00,OpenMeteo,0,23.2
2026-05-30T03:58,Izmir,93501,2026-05-30T08:00,OpenMeteo,0,24.5
2026-05-30T03:58,Izmir,93501,2026-05-30T09:00,OpenMeteo,0,25.7
2026-05-30T03:58,Izmir,93501,2026-05-30T10:00,OpenMeteo,0,26.8
2026-05-30T03:58,Izmir,93501,2026-05-30T11:00,OpenMeteo,0,27.7
2026-05-30T03:58,Izmir,93501,2026-05-30T12:00,OpenMeteo,0,28.2
2026-05-30T03:58,Izmir,93501,2026-05-30T13:00,OpenMeteo,0,28.4
2026-05-30T03:58,Izmir,93501,2026-05-30T14:00,OpenMeteo,1,27.7
2026-05-30T03:58,Izmir,93501,2026-05-30T15:00,OpenMeteo,0,26.7
2026-05-30T03:58,Izmir,93501,2026-05-30T16:00,OpenMeteo,0,25.5
2026-05-30T03:58,Izmir,93501,2026-05-30T17:00,OpenMeteo,0,23.9
2026-05-30T03:58,Izmir,93501,2026-05-30T18:00,OpenMeteo,0,22.1
2026-05-30T03:58,Izmir,93501,2026-05-30T19:00,OpenMeteo,0,21.3
2026-05-30T03:58,Izmir,93501,2026-05-30T20:00,OpenMeteo,0,18.0
2026-05-30T03:58,Izmir,93501,2026-05-30T21:00,OpenMeteo,0,16.3
2026-05-30T03:58,Izmir,93501,2026-05-30T22:00,OpenMeteo,0,15.3
2026-05-30T03:58,Izmir,93501,2026-05-30T23:00,OpenMeteo,0,14.7
2026-05-30T03:58,Izmir,93501,2026-05-31T00:00,OpenMeteo,0,14.2
2026-05-30T03:58,Izmir,93501,2026-05-31T01:00,OpenMeteo,0,13.8
2026-05-30T03:58,Izmir,93501,2026-05-31T02:00,OpenMeteo,0,13.8
2026-05-30T03:58,Izmir,93501,2026-05-31T03:00,OpenMeteo,0,13.9
2026-05-30T03:58,Izmir,93501,2026-05-31T04:00,OpenMeteo,0,15.1
2026-05-30T03:58,Izmir,93501,2026-05-31T05:00,OpenMeteo,3,19.0
2026-05-30T03:58,Izmir,93501,2026-05-31T06:00,OpenMeteo,2,22.5
2026-05-30T03:58,Izmir,93501,2026-05-31T07:00,OpenMeteo,3,24.3
2026-05-30T03:58,Izmir,93501,2026-05-31T08:00,OpenMeteo,2,25.7
2026-05-30T03:58,Izmir,93501,2026-05-31T09:00,OpenMeteo,1,27.3
2026-05-30T03:58,Izmir,93501,2026-05-31T10:00,OpenMeteo,3,28.7
2026-05-30T03:58,Izmir,93501,2026-05-31T11:00,OpenMeteo,3,29.3
2026-05-30T03:58,Izmir,93501,2026-05-31T12:00,OpenMeteo,0,30.1
2026-05-30T03:58,Izmir,93501,2026-05-31T13:00,OpenMeteo,0,30.3
2026-05-30T03:58,Izmir,93501,2026-05-31T14:00,OpenMeteo,0,29.8
2026-05-30T03:58,Izmir,93501,2026-05-31T15:00,OpenMeteo,0,28.9
2026-05-30T03:58,Izmir,93501,2026-05-31T16:00,OpenMeteo,0,28.1
2026-05-30T03:58,Izmir,93501,2026-05-31T17:00,OpenMeteo,3,26.7
2026-05-30T03:58,Izmir,93501,2026-05-31T18:00,OpenMeteo,0,25.0
2026-05-30T03:58,Izmir,93501,2026-05-31T19:00,OpenMeteo,0,23.6
2026-05-30T03:58,Izmir,93501,2026-05-31T20:00,OpenMeteo,0,21.4
2026-05-30T03:58,Izmir,93501,2026-05-31T21:00,OpenMeteo,0,19.3
2026-05-30T03:58,Izmir,93501,2026-05-31T22:00,OpenMeteo,0,18.6
2026-05-30T03:58,Izmir,93501,2026-05-31T23:00,OpenMeteo,0,18.1
2026-05-30T03:58,Antalya,90701,2026-05-30T06:00,MGM,AB,24
2026-05-30T03:58,Antalya,90701,2026-05-30T09:00,MGM,AB,25
2026-05-30T03:58,Antalya,90701,2026-05-30T12:00,MGM,AB,29
2026-05-30T03:58,Antalya,90701,2026-05-30T15:00,MGM,AB,26
2026-05-30T03:58,Antalya,90701,2026-05-30T18:00,MGM,AB,23
2026-05-30T03:58,Antalya,90701,2026-05-30T21:00,MGM,AB,22
2026-05-30T03:58,Antalya,90701,2026-05-30T00:00,OpenMeteo,0,22.2
2026-05-30T03:58,Antalya,90701,2026-05-30T01:00,OpenMeteo,0,21.6
2026-05-30T03:58,Antalya,90701,2026-05-30T02:00,OpenMeteo,0,21.1
2026-05-30T03:58,Antalya,90701,2026-05-30T03:00,OpenMeteo,0,20.8
2026-05-30T03:58,Antalya,90701,2026-05-30T04:00,OpenMeteo,0,21.0
2026-05-30T03:58,Antalya,90701,2026-05-30T05:00,OpenMeteo,0,22.1
2026-05-30T03:58,Antalya,90701,2026-05-30T06:00,OpenMeteo,0,23.8
2026-05-30T03:58,Antalya,90701,2026-05-30T07:00,OpenMeteo,0,25.3
2026-05-30T03:58,Antalya,90701,2026-05-30T08:00,OpenMeteo,0,26.7
2026-05-30T03:58,Antalya,90701,2026-05-30T09:00,OpenMeteo,0,28.0
2026-05-30T03:58,Antalya,90701,2026-05-30T10:00,OpenMeteo,0,28.9
2026-05-30T03:58,Antalya,90701,2026-05-30T11:00,OpenMeteo,0,28.8
2026-05-30T03:58,Antalya,90701,2026-05-30T12:00,OpenMeteo,0,27.0
2026-05-30T03:58,Antalya,90701,2026-05-30T13:00,OpenMeteo,0,26.2
2026-05-30T03:58,Antalya,90701,2026-05-30T14:00,OpenMeteo,0,25.3
2026-05-30T03:58,Antalya,90701,2026-05-30T15:00,OpenMeteo,0,24.4
2026-05-30T03:58,Antalya,90701,2026-05-30T16:00,OpenMeteo,0,24.0
2026-05-30T03:58,Antalya,90701,2026-05-30T17:00,OpenMeteo,0,23.4
2026-05-30T03:58,Antalya,90701,2026-05-30T18:00,OpenMeteo,0,22.5
2026-05-30T03:58,Antalya,90701,2026-05-30T19:00,OpenMeteo,0,21.8
2026-05-30T03:58,Antalya,90701,2026-05-30T20:00,OpenMeteo,0,20.9
2026-05-30T03:58,Antalya,90701,2026-05-30T21:00,OpenMeteo,0,20.1
2026-05-30T03:58,Antalya,90701,2026-05-30T22:00,OpenMeteo,0,19.3
2026-05-30T03:58,Antalya,90701,2026-05-30T23:00,OpenMeteo,0,18.5
2026-05-30T03:58,Antalya,90701,2026-05-31T00:00,OpenMeteo,0,18.0
2026-05-30T03:58,Antalya,90701,2026-05-31T01:00,OpenMeteo,0,17.6
2026-05-30T03:58,Antalya,90701,2026-05-31T02:00,OpenMeteo,0,17.4
2026-05-30T03:58,Antalya,90701,2026-05-31T03:00,OpenMeteo,0,17.4
2026-05-30T03:58,Antalya,90701,2026-05-31T04:00,OpenMeteo,0,18.1
2026-05-30T03:58,Antalya,90701,2026-05-31T05:00,OpenMeteo,0,20.6
2026-05-30T03:58,Antalya,90701,2026-05-31T06:00,OpenMeteo,0,23.9
2026-05-30T03:58,Antalya,90701,2026-05-31T07:00,OpenMeteo,0,25.6
2026-05-30T03:58,Antalya,90701,2026-05-31T08:00,OpenMeteo,0,25.0
2026-05-30T03:58,Antalya,90701,2026-05-31T09:00,OpenMeteo,0,25.2
2026-05-30T03:58,Antalya,90701,2026-05-31T10:00,OpenMeteo,0,25.3
2026-05-30T03:58,Antalya,90701,2026-05-31T11:00,OpenMeteo,0,25.1
2026-05-30T03:58,Antalya,90701,2026-05-31T12:00,OpenMeteo,0,24.8
2026-05-30T03:58,Antalya,90701,2026-05-31T13:00,OpenMeteo,1,24.5
2026-05-30T03:58,Antalya,90701,2026-05-31T14:00,OpenMeteo,1,24.1
2026-05-30T03:58,Antalya,90701,2026-05-31T15:00,OpenMeteo,1,23.7
2026-05-30T03:58,Antalya,90701,2026-05-31T16:00,OpenMeteo,1,23.2
2026-05-30T03:58,Antalya,90701,2026-05-31T17:00,OpenMeteo,1,22.7
2026-05-30T03:58,Antalya,90701,2026-05-31T18:00,OpenMeteo,2,22.3
2026-05-30T03:58,Antalya,90701,2026-05-31T19:00,OpenMeteo,2,22.0
2026-05-30T03:58,Antalya,90701,2026-05-31T20:00,OpenMeteo,1,21.5
2026-05-30T03:58,Antalya,90701,2026-05-31T21:00,OpenMeteo,1,20.9
2026-05-30T03:58,Antalya,90701,2026-05-31T22:00,OpenMeteo,1,20.4
2026-05-30T03:58,Antalya,90701,2026-05-31T23:00,OpenMeteo,1,19.9
2026-05-30T03:58,Ankara,90601,2026-05-30T06:00,MGM,AB,12
2026-05-30T03:58,Ankara,90601,2026-05-30T09:00,MGM,AB,16
2026-05-30T03:58,Ankara,90601,2026-05-30T12:00,MGM,AB,20
2026-05-30T03:58,Ankara,90601,2026-05-30T15:00,MGM,AB,18
2026-05-30T03:58,Ankara,90601,2026-05-30T18:00,MGM,AB,16
2026-05-30T03:58,Ankara,90601,2026-05-30T21:00,MGM,AB,13
2026-05-30T03:58,Trabzon,96101,2026-05-30T06:00,MGM,SY,15
2026-05-30T03:58,Trabzon,96101,2026-05-30T09:00,MGM,SY,16
2026-05-30T03:58,Trabzon,96101,2026-05-30T12:00,MGM,SY,17
2026-05-30T03:58,Trabzon,96101,2026-05-30T15:00,MGM,SY,16
2026-05-30T03:58,Trabzon,96101,2026-05-30T18:00,MGM,PB,15
2026-05-30T03:58,Trabzon,96101,2026-05-30T21:00,MGM,PB,14
2026-05-30T03:58,Erzurum,92501,2026-05-30T06:00,MGM,GSY,9
2026-05-30T03:58,Erzurum,92501,2026-05-30T09:00,MGM,GSY,11
2026-05-30T03:58,Erzurum,92501,2026-05-30T12:00,MGM,SY,13
2026-05-30T03:58,Erzurum,92501,2026-05-30T15:00,MGM,SY,14
2026-05-30T03:58,Erzurum,92501,2026-05-30T18:00,MGM,PB,8
2026-05-30T03:58,Erzurum,92501,2026-05-30T21:00,MGM,PB,5
2026-05-30T03:58,Gaziantep,92701,2026-05-30T06:00,MGM,PB,20
2026-05-30T03:58,Gaziantep,92701,2026-05-30T09:00,MGM,PB,23
2026-05-30T03:58,Gaziantep,92701,2026-05-30T12:00,MGM,PB,26
2026-05-30T03:58,Gaziantep,92701,2026-05-30T15:00,MGM,PB,24
2026-05-30T03:58,Gaziantep,92701,2026-05-30T18:00,MGM,PB,19
2026-05-30T03:58,Gaziantep,92701,2026-05-30T21:00,MGM,PB,17
2026-05-30T03:58,Gaziantep,92701,2026-05-30T00:00,OpenMeteo,2,15.8
2026-05-30T03:58,Gaziantep,92701,2026-05-30T01:00,OpenMeteo,0,15.3
2026-05-30T03:58,Gaziantep,92701,2026-05-30T02:00,OpenMeteo,0,14.8
2026-05-30T03:58,Gaziantep,92701,2026-05-30T03:00,OpenMeteo,0,14.5
2026-05-30T03:58,Gaziantep,92701,2026-05-30T04:00,OpenMeteo,0,15.5
2026-05-30T03:58,Gaziantep,92701,2026-05-30T05:00,OpenMeteo,0,17.0
2026-05-30T03:58,Gaziantep,92701,2026-05-30T06:00,OpenMeteo,0,18.3
2026-05-30T03:58,Gaziantep,92701,2026-05-30T07:00,OpenMeteo,0,19.6
2026-05-30T03:58,Gaziantep,92701,2026-05-30T08:00,OpenMeteo,0,21.0
2026-05-30T03:58,Gaziantep,92701,2026-05-30T09:00,OpenMeteo,0,22.1
2026-05-30T03:58,Gaziantep,92701,2026-05-30T10:00,OpenMeteo,1,23.0
2026-05-30T03:58,Gaziantep,92701,2026-05-30T11:00,OpenMeteo,1,23.8
2026-05-30T03:58,Gaziantep,92701,2026-05-30T12:00,OpenMeteo,1,24.4
2026-05-30T03:58,Gaziantep,92701,2026-05-30T13:00,OpenMeteo,0,24.4
2026-05-30T03:58,Gaziantep,92701,2026-05-30T14:00,OpenMeteo,0,23.8
2026-05-30T03:58,Gaziantep,92701,2026-05-30T15:00,OpenMeteo,0,23.0
2026-05-30T03:58,Gaziantep,92701,2026-05-30T16:00,OpenMeteo,0,21.6
2026-05-30T03:58,Gaziantep,92701,2026-05-30T17:00,OpenMeteo,0,19.9
2026-05-30T03:58,Gaziantep,92701,2026-05-30T18:00,OpenMeteo,0,18.7
2026-05-30T03:58,Gaziantep,92701,2026-05-30T19:00,OpenMeteo,0,17.2
2026-05-30T03:58,Gaziantep,92701,2026-05-30T20:00,OpenMeteo,0,16.0
2026-05-30T03:58,Gaziantep,92701,2026-05-30T21:00,OpenMeteo,0,15.2
2026-05-30T03:58,Gaziantep,92701,2026-05-30T22:00,OpenMeteo,0,14.9
2026-05-30T03:58,Gaziantep,92701,2026-05-30T23:00,OpenMeteo,0,14.7
2026-05-30T03:58,Gaziantep,92701,2026-05-31T00:00,OpenMeteo,0,14.4
2026-05-30T03:58,Gaziantep,92701,2026-05-31T01:00,OpenMeteo,0,13.8
2026-05-30T03:58,Gaziantep,92701,2026-05-31T02:00,OpenMeteo,0,13.6
2026-05-30T03:58,Gaziantep,92701,2026-05-31T03:00,OpenMeteo,0,13.8
2026-05-30T03:58,Gaziantep,92701,2026-05-31T04:00,OpenMeteo,0,16.2
2026-05-30T03:58,Gaziantep,92701,2026-05-31T05:00,OpenMeteo,0,18.0
2026-05-30T03:58,Gaziantep,92701,2026-05-31T06:00,OpenMeteo,0,19.5
2026-05-30T03:58,Gaziantep,92701,2026-05-31T07:00,OpenMeteo,0,21.2
2026-05-30T03:58,Gaziantep,92701,2026-05-31T08:00,OpenMeteo,0,22.7
2026-05-30T03:58,Gaziantep,92701,2026-05-31T09:00,OpenMeteo,0,24.0
2026-05-30T03:58,Gaziantep,92701,2026-05-31T10:00,OpenMeteo,0,25.0
2026-05-30T03:58,Gaziantep,92701,2026-05-31T11:00,OpenMeteo,1,25.7
2026-05-30T03:58,Gaziantep,92701,2026-05-31T12:00,OpenMeteo,1,26.2
2026-05-30T03:58,Gaziantep,92701,2026-05-31T13:00,OpenMeteo,1,26.3
2026-05-30T03:58,Gaziantep,92701,2026-05-31T14:00,OpenMeteo,0,25.8
2026-05-30T03:58,Gaziantep,92701,2026-05-31T15:00,OpenMeteo,1,25.4
2026-05-30T03:58,Gaziantep,92701,2026-05-31T16:00,OpenMeteo,3,24.3
2026-05-30T03:58,Gaziantep,92701,2026-05-31T17:00,OpenMeteo,1,22.3
2026-05-30T03:58,Gaziantep,92701,2026-05-31T18:00,OpenMeteo,0,20.8
2026-05-30T03:58,Gaziantep,92701,2026-05-31T19:00,OpenMeteo,0,19.3
2026-05-30T03:58,Gaziantep,92701,2026-05-31T20:00,OpenMeteo,0,18.1
2026-05-30T03:58,Gaziantep,92701,2026-05-31T21:00,OpenMeteo,0,16.8
2026-05-30T03:58,Gaziantep,92701,2026-05-31T22:00,OpenMeteo,0,15.9
2026-05-30T03:58,Gaziantep,92701,2026-05-31T23:00,OpenMeteo,0,15.0
2026-05-30T08:34,Istanbul,93401,2026-05-30T09:00,MGM,PB,20
2026-05-30T08:34,Istanbul,93401,2026-05-30T12:00,MGM,PB,22
2026-05-30T08:34,Istanbul,93401,2026-05-30T15:00,MGM,PB,23
2026-05-30T08:34,Istanbul,93401,2026-05-30T18:00,MGM,AB,21
2026-05-30T08:34,Istanbul,93401,2026-05-30T21:00,MGM,AB,20
2026-05-30T08:34,Istanbul,93401,2026-05-30T00:00,OpenMeteo,0,13.4
2026-05-30T08:34,Istanbul,93401,2026-05-30T01:00,OpenMeteo,0,13.2
2026-05-30T08:34,Istanbul,93401,2026-05-30T02:00,OpenMeteo,0,13.0
2026-05-30T08:34,Istanbul,93401,2026-05-30T03:00,OpenMeteo,0,13.1
2026-05-30T08:34,Istanbul,93401,2026-05-30T04:00,OpenMeteo,0,13.9
2026-05-30T08:34,Istanbul,93401,2026-05-30T05:00,OpenMeteo,1,16.1
2026-05-30T08:34,Istanbul,93401,2026-05-30T06:00,OpenMeteo,1,17.6
2026-05-30T08:34,Istanbul,93401,2026-05-30T07:00,OpenMeteo,1,18.7
2026-05-30T08:34,Istanbul,93401,2026-05-30T08:00,OpenMeteo,2,19.4
2026-05-30T08:34,Istanbul,93401,2026-05-30T09:00,OpenMeteo,0,20.0
2026-05-30T08:34,Istanbul,93401,2026-05-30T10:00,OpenMeteo,0,20.6
2026-05-30T08:34,Istanbul,93401,2026-05-30T11:00,OpenMeteo,1,21.1
2026-05-30T08:34,Istanbul,93401,2026-05-30T12:00,OpenMeteo,1,21.4
2026-05-30T08:34,Istanbul,93401,2026-05-30T13:00,OpenMeteo,0,21.3
2026-05-30T08:34,Istanbul,93401,2026-05-30T14:00,OpenMeteo,0,21.2
2026-05-30T08:34,Istanbul,93401,2026-05-30T15:00,OpenMeteo,3,20.9
2026-05-30T08:34,Istanbul,93401,2026-05-30T16:00,OpenMeteo,2,20.6
2026-05-30T08:34,Istanbul,93401,2026-05-30T17:00,OpenMeteo,2,20.0
2026-05-30T08:34,Istanbul,93401,2026-05-30T18:00,OpenMeteo,2,19.4
2026-05-30T08:34,Istanbul,93401,2026-05-30T19:00,OpenMeteo,1,19.0
2026-05-30T08:34,Istanbul,93401,2026-05-30T20:00,OpenMeteo,1,18.6
2026-05-30T08:34,Istanbul,93401,2026-05-30T21:00,OpenMeteo,2,18.3
2026-05-30T08:34,Istanbul,93401,2026-05-30T22:00,OpenMeteo,1,18.1
2026-05-30T08:34,Istanbul,93401,2026-05-30T23:00,OpenMeteo,1,18.1
2026-05-30T08:34,Istanbul,93401,2026-05-31T00:00,OpenMeteo,3,18.1
2026-05-30T08:34,Istanbul,93401,2026-05-31T01:00,OpenMeteo,3,17.9
2026-05-30T08:34,Istanbul,93401,2026-05-31T02:00,OpenMeteo,1,17.8
2026-05-30T08:34,Istanbul,93401,2026-05-31T03:00,OpenMeteo,3,17.9
2026-05-30T08:34,Istanbul,93401,2026-05-31T04:00,OpenMeteo,3,18.5
2026-05-30T08:34,Istanbul,93401,2026-05-31T05:00,OpenMeteo,3,19.4
2026-05-30T08:34,Istanbul,93401,2026-05-31T06:00,OpenMeteo,3,19.9
2026-05-30T08:34,Istanbul,93401,2026-05-31T07:00,OpenMeteo,3,19.9
2026-05-30T08:34,Istanbul,93401,2026-05-31T08:00,OpenMeteo,61,20.1
2026-05-30T08:34,Istanbul,93401,2026-05-31T09:00,OpenMeteo,61,20.2
2026-05-30T08:34,Istanbul,93401,2026-05-31T10:00,OpenMeteo,2,21.5
2026-05-30T08:34,Istanbul,93401,2026-05-31T11:00,OpenMeteo,2,22.2
2026-05-30T08:34,Istanbul,93401,2026-05-31T12:00,OpenMeteo,1,23.0
2026-05-30T08:34,Istanbul,93401,2026-05-31T13:00,OpenMeteo,1,23.6
2026-05-30T08:34,Istanbul,93401,2026-05-31T14:00,OpenMeteo,3,23.7
2026-05-30T08:34,Istanbul,93401,2026-05-31T15:00,OpenMeteo,3,23.3
2026-05-30T08:34,Istanbul,93401,2026-05-31T16:00,OpenMeteo,3,22.6
2026-05-30T08:34,Istanbul,93401,2026-05-31T17:00,OpenMeteo,3,21.7
2026-05-30T08:34,Istanbul,93401,2026-05-31T18:00,OpenMeteo,3,20.7
2026-05-30T08:34,Istanbul,93401,2026-05-31T19:00,OpenMeteo,0,19.9
2026-05-30T08:34,Istanbul,93401,2026-05-31T20:00,OpenMeteo,3,19.4
2026-05-30T08:34,Istanbul,93401,2026-05-31T21:00,OpenMeteo,0,18.9
2026-05-30T08:34,Istanbul,93401,2026-05-31T22:00,OpenMeteo,1,18.7
2026-05-30T08:34,Istanbul,93401,2026-05-31T23:00,OpenMeteo,1,18.6
2026-05-30T08:34,Izmir,93501,2026-05-30T09:00,MGM,AB,26
2026-05-30T08:34,Izmir,93501,2026-05-30T12:00,MGM,AB,29
2026-05-30T08:34,Izmir,93501,2026-05-30T15:00,MGM,AB,28
2026-05-30T08:34,Izmir,93501,2026-05-30T18:00,MGM,AB,23
2026-05-30T08:34,Izmir,93501,2026-05-30T21:00,MGM,AB,22
2026-05-30T08:34,Izmir,93501,2026-05-30T00:00,OpenMeteo,0,15.8
2026-05-30T08:34,Izmir,93501,2026-05-30T01:00,OpenMeteo,0,14.6
2026-05-30T08:34,Izmir,93501,2026-05-30T02:00,OpenMeteo,0,13.8
2026-05-30T08:34,Izmir,93501,2026-05-30T03:00,OpenMeteo,0,13.5
2026-05-30T08:34,Izmir,93501,2026-05-30T04:00,OpenMeteo,0,14.1
2026-05-30T08:34,Izmir,93501,2026-05-30T05:00,OpenMeteo,0,17.4
2026-05-30T08:34,Izmir,93501,2026-05-30T06:00,OpenMeteo,0,21.2
2026-05-30T08:34,Izmir,93501,2026-05-30T07:00,OpenMeteo,0,23.1
2026-05-30T08:34,Izmir,93501,2026-05-30T08:00,OpenMeteo,0,24.4
2026-05-30T08:34,Izmir,93501,2026-05-30T09:00,OpenMeteo,0,25.6
2026-05-30T08:34,Izmir,93501,2026-05-30T10:00,OpenMeteo,0,26.8
2026-05-30T08:34,Izmir,93501,2026-05-30T11:00,OpenMeteo,0,27.7
2026-05-30T08:34,Izmir,93501,2026-05-30T12:00,OpenMeteo,0,28.3
2026-05-30T08:34,Izmir,93501,2026-05-30T13:00,OpenMeteo,0,28.4
2026-05-30T08:34,Izmir,93501,2026-05-30T14:00,OpenMeteo,0,27.5
2026-05-30T08:34,Izmir,93501,2026-05-30T15:00,OpenMeteo,0,26.6
2026-05-30T08:34,Izmir,93501,2026-05-30T16:00,OpenMeteo,0,25.3
2026-05-30T08:34,Izmir,93501,2026-05-30T17:00,OpenMeteo,0,23.8
2026-05-30T08:34,Izmir,93501,2026-05-30T18:00,OpenMeteo,0,22.0
2026-05-30T08:34,Izmir,93501,2026-05-30T19:00,OpenMeteo,0,21.2
2026-05-30T08:34,Izmir,93501,2026-05-30T20:00,OpenMeteo,0,18.1
2026-05-30T08:34,Izmir,93501,2026-05-30T21:00,OpenMeteo,0,16.2
2026-05-30T08:34,Izmir,93501,2026-05-30T22:00,OpenMeteo,0,15.4
2026-05-30T08:34,Izmir,93501,2026-05-30T23:00,OpenMeteo,0,14.8
2026-05-30T08:34,Izmir,93501,2026-05-31T00:00,OpenMeteo,0,14.3
2026-05-30T08:34,Izmir,93501,2026-05-31T01:00,OpenMeteo,0,13.7
2026-05-30T08:34,Izmir,93501,2026-05-31T02:00,OpenMeteo,0,13.5
2026-05-30T08:34,Izmir,93501,2026-05-31T03:00,OpenMeteo,0,13.8
2026-05-30T08:34,Izmir,93501,2026-05-31T04:00,OpenMeteo,0,14.9
2026-05-30T08:34,Izmir,93501,2026-05-31T05:00,OpenMeteo,1,18.8
2026-05-30T08:34,Izmir,93501,2026-05-31T06:00,OpenMeteo,1,22.5
2026-05-30T08:34,Izmir,93501,2026-05-31T07:00,OpenMeteo,2,24.2
2026-05-30T08:34,Izmir,93501,2026-05-31T08:00,OpenMeteo,0,25.7
2026-05-30T08:34,Izmir,93501,2026-05-31T09:00,OpenMeteo,0,27.2
2026-05-30T08:34,Izmir,93501,2026-05-31T10:00,OpenMeteo,3,28.7
2026-05-30T08:34,Izmir,93501,2026-05-31T11:00,OpenMeteo,3,29.3
2026-05-30T08:34,Izmir,93501,2026-05-31T12:00,OpenMeteo,0,30.1
2026-05-30T08:34,Izmir,93501,2026-05-31T13:00,OpenMeteo,0,30.3
2026-05-30T08:34,Izmir,93501,2026-05-31T14:00,OpenMeteo,0,29.8
2026-05-30T08:34,Izmir,93501,2026-05-31T15:00,OpenMeteo,0,28.9
2026-05-30T08:34,Izmir,93501,2026-05-31T16:00,OpenMeteo,0,28.1
2026-05-30T08:34,Izmir,93501,2026-05-31T17:00,OpenMeteo,3,26.7
2026-05-30T08:34,Izmir,93501,2026-05-31T18:00,OpenMeteo,0,25.0
2026-05-30T08:34,Izmir,93501,2026-05-31T19:00,OpenMeteo,0,23.6
2026-05-30T08:34,Izmir,93501,2026-05-31T20:00,OpenMeteo,0,21.4
2026-05-30T08:34,Izmir,93501,2026-05-31T21:00,OpenMeteo,0,19.3
2026-05-30T08:34,Izmir,93501,2026-05-31T22:00,OpenMeteo,0,18.6
2026-05-30T08:34,Izmir,93501,2026-05-31T23:00,OpenMeteo,0,18.1
2026-05-30T08:34,Antalya,90701,2026-05-30T09:00,MGM,AB,25
2026-05-30T08:34,Antalya,90701,2026-05-30T12:00,MGM,AB,29
2026-05-30T08:34,Antalya,90701,2026-05-30T15:00,MGM,AB,26
2026-05-30T08:34,Antalya,90701,2026-05-30T18:00,MGM,AB,23
2026-05-30T08:34,Antalya,90701,2026-05-30T21:00,MGM,AB,22
2026-05-30T08:34,Antalya,90701,2026-05-30T00:00,OpenMeteo,0,22.2
2026-05-30T08:34,Antalya,90701,2026-05-30T01:00,OpenMeteo,0,21.6
2026-05-30T08:34,Antalya,90701,2026-05-30T02:00,OpenMeteo,0,21.1
2026-05-30T08:34,Antalya,90701,2026-05-30T03:00,OpenMeteo,0,20.7
2026-05-30T08:34,Antalya,90701,2026-05-30T04:00,OpenMeteo,0,20.9
2026-05-30T08:34,Antalya,90701,2026-05-30T05:00,OpenMeteo,0,22.0
2026-05-30T08:34,Antalya,90701,2026-05-30T06:00,OpenMeteo,0,23.7
2026-05-30T08:34,Antalya,90701,2026-05-30T07:00,OpenMeteo,0,25.3
2026-05-30T08:34,Antalya,90701,2026-05-30T08:00,OpenMeteo,0,26.7
2026-05-30T08:34,Antalya,90701,2026-05-30T09:00,OpenMeteo,0,27.9
2026-05-30T08:34,Antalya,90701,2026-05-30T10:00,OpenMeteo,0,28.8
2026-05-30T08:34,Antalya,90701,2026-05-30T11:00,OpenMeteo,0,28.4
2026-05-30T08:34,Antalya,90701,2026-05-30T12:00,OpenMeteo,0,26.7
2026-05-30T08:34,Antalya,90701,2026-05-30T13:00,OpenMeteo,0,25.9
2026-05-30T08:34,Antalya,90701,2026-05-30T14:00,OpenMeteo,0,25.3
2026-05-30T08:34,Antalya,90701,2026-05-30T15:00,OpenMeteo,0,24.5
2026-05-30T08:34,Antalya,90701,2026-05-30T16:00,OpenMeteo,0,23.8
2026-05-30T08:34,Antalya,90701,2026-05-30T17:00,OpenMeteo,0,23.1
2026-05-30T08:34,Antalya,90701,2026-05-30T18:00,OpenMeteo,0,22.3
2026-05-30T08:34,Antalya,90701,2026-05-30T19:00,OpenMeteo,0,21.6
2026-05-30T08:34,Antalya,90701,2026-05-30T20:00,OpenMeteo,0,20.8
2026-05-30T08:34,Antalya,90701,2026-05-30T21:00,OpenMeteo,0,19.9
2026-05-30T08:34,Antalya,90701,2026-05-30T22:00,OpenMeteo,0,19.2
2026-05-30T08:34,Antalya,90701,2026-05-30T23:00,OpenMeteo,0,18.3
2026-05-30T08:34,Antalya,90701,2026-05-31T00:00,OpenMeteo,0,17.8
2026-05-30T08:34,Antalya,90701,2026-05-31T01:00,OpenMeteo,0,17.4
2026-05-30T08:34,Antalya,90701,2026-05-31T02:00,OpenMeteo,0,17.1
2026-05-30T08:34,Antalya,90701,2026-05-31T03:00,OpenMeteo,0,17.1
2026-05-30T08:34,Antalya,90701,2026-05-31T04:00,OpenMeteo,0,17.9
2026-05-30T08:34,Antalya,90701,2026-05-31T05:00,OpenMeteo,0,20.5
2026-05-30T08:34,Antalya,90701,2026-05-31T06:00,OpenMeteo,0,23.9
2026-05-30T08:34,Antalya,90701,2026-05-31T07:00,OpenMeteo,0,25.0
2026-05-30T08:34,Antalya,90701,2026-05-31T08:00,OpenMeteo,0,24.7
2026-05-30T08:34,Antalya,90701,2026-05-31T09:00,OpenMeteo,0,25.3
2026-05-30T08:34,Antalya,90701,2026-05-31T10:00,OpenMeteo,0,25.3
2026-05-30T08:34,Antalya,90701,2026-05-31T11:00,OpenMeteo,0,25.1
2026-05-30T08:34,Antalya,90701,2026-05-31T12:00,OpenMeteo,0,24.8
2026-05-30T08:34,Antalya,90701,2026-05-31T13:00,OpenMeteo,1,24.5
2026-05-30T08:34,Antalya,90701,2026-05-31T14:00,OpenMeteo,1,24.1
2026-05-30T08:34,Antalya,90701,2026-05-31T15:00,OpenMeteo,1,23.7
2026-05-30T08:34,Antalya,90701,2026-05-31T16:00,OpenMeteo,1,23.2
2026-05-30T08:34,Antalya,90701,2026-05-31T17:00,OpenMeteo,1,22.7
2026-05-30T08:34,Antalya,90701,2026-05-31T18:00,OpenMeteo,2,22.3
2026-05-30T08:34,Antalya,90701,2026-05-31T19:00,OpenMeteo,2,22.0
2026-05-30T08:34,Antalya,90701,2026-05-31T20:00,OpenMeteo,1,21.5
2026-05-30T08:34,Antalya,90701,2026-05-31T21:00,OpenMeteo,1,20.9
2026-05-30T08:34,Antalya,90701,2026-05-31T22:00,OpenMeteo,1,20.4
2026-05-30T08:34,Antalya,90701,2026-05-31T23:00,OpenMeteo,1,19.9
2026-05-30T08:34,Trabzon,96101,2026-05-30T09:00,MGM,SY,16
2026-05-30T08:34,Trabzon,96101,2026-05-30T12:00,MGM,SY,17
2026-05-30T08:34,Trabzon,96101,2026-05-30T15:00,MGM,SY,16
2026-05-30T08:34,Trabzon,96101,2026-05-30T18:00,MGM,PB,15
2026-05-30T08:34,Trabzon,96101,2026-05-30T21:00,MGM,PB,14
2026-05-30T08:34,Erzurum,92501,2026-05-30T09:00,MGM,GSY,11
2026-05-30T08:34,Erzurum,92501,2026-05-30T12:00,MGM,SY,13
2026-05-30T08:34,Erzurum,92501,2026-05-30T15:00,MGM,SY,14
2026-05-30T08:34,Erzurum,92501,2026-05-30T18:00,MGM,PB,8
2026-05-30T08:34,Erzurum,92501,2026-05-30T21:00,MGM,PB,5
2026-05-30T08:34,Gaziantep,92701,2026-05-30T09:00,MGM,PB,23
2026-05-30T08:34,Gaziantep,92701,2026-05-30T12:00,MGM,PB,26
2026-05-30T08:34,Gaziantep,92701,2026-05-30T15:00,MGM,PB,24
2026-05-30T08:34,Gaziantep,92701,2026-05-30T18:00,MGM,PB,19
2026-05-30T08:34,Gaziantep,92701,2026-05-30T21:00,MGM,PB,17
2026-05-30T08:34,Gaziantep,92701,2026-05-30T00:00,OpenMeteo,2,15.8
2026-05-30T08:34,Gaziantep,92701,2026-05-30T01:00,OpenMeteo,0,15.3
2026-05-30T08:34,Gaziantep,92701,2026-05-30T02:00,OpenMeteo,0,14.8
2026-05-30T08:34,Gaziantep,92701,2026-05-30T03:00,OpenMeteo,0,14.4
2026-05-30T08:34,Gaziantep,92701,2026-05-30T04:00,OpenMeteo,0,15.4
2026-05-30T08:34,Gaziantep,92701,2026-05-30T05:00,OpenMeteo,0,16.8
2026-05-30T08:34,Gaziantep,92701,2026-05-30T06:00,OpenMeteo,1,18.2
2026-05-30T08:34,Gaziantep,92701,2026-05-30T07:00,OpenMeteo,1,19.4
2026-05-30T08:34,Gaziantep,92701,2026-05-30T08:00,OpenMeteo,0,20.8
2026-05-30T08:34,Gaziantep,92701,2026-05-30T09:00,OpenMeteo,0,21.9
2026-05-30T08:34,Gaziantep,92701,2026-05-30T10:00,OpenMeteo,0,22.8
2026-05-30T08:34,Gaziantep,92701,2026-05-30T11:00,OpenMeteo,2,23.5
2026-05-30T08:34,Gaziantep,92701,2026-05-30T12:00,OpenMeteo,1,24.1
2026-05-30T08:34,Gaziantep,92701,2026-05-30T13:00,OpenMeteo,0,24.1
2026-05-30T08:34,Gaziantep,92701,2026-05-30T14:00,OpenMeteo,0,23.6
2026-05-30T08:34,Gaziantep,92701,2026-05-30T15:00,OpenMeteo,0,22.8
2026-05-30T08:34,Gaziantep,92701,2026-05-30T16:00,OpenMeteo,0,21.4
2026-05-30T08:34,Gaziantep,92701,2026-05-30T17:00,OpenMeteo,0,19.8
2026-05-30T08:34,Gaziantep,92701,2026-05-30T18:00,OpenMeteo,0,18.6
2026-05-30T08:34,Gaziantep,92701,2026-05-30T19:00,OpenMeteo,0,17.1
2026-05-30T08:34,Gaziantep,92701,2026-05-30T20:00,OpenMeteo,0,15.8
2026-05-30T08:34,Gaziantep,92701,2026-05-30T21:00,OpenMeteo,0,14.9
2026-05-30T08:34,Gaziantep,92701,2026-05-30T22:00,OpenMeteo,0,14.3
2026-05-30T08:34,Gaziantep,92701,2026-05-30T23:00,OpenMeteo,0,14.1
2026-05-30T08:34,Gaziantep,92701,2026-05-31T00:00,OpenMeteo,0,14.2
2026-05-30T08:34,Gaziantep,92701,2026-05-31T01:00,OpenMeteo,0,14.2
2026-05-30T08:34,Gaziantep,92701,2026-05-31T02:00,OpenMeteo,0,13.8
2026-05-30T08:34,Gaziantep,92701,2026-05-31T03:00,OpenMeteo,0,13.6
2026-05-30T08:34,Gaziantep,92701,2026-05-31T04:00,OpenMeteo,0,16.1
2026-05-30T08:34,Gaziantep,92701,2026-05-31T05:00,OpenMeteo,0,18.0
2026-05-30T08:34,Gaziantep,92701,2026-05-31T06:00,OpenMeteo,0,19.7
2026-05-30T08:34,Gaziantep,92701,2026-05-31T07:00,OpenMeteo,0,21.3
2026-05-30T08:34,Gaziantep,92701,2026-05-31T08:00,OpenMeteo,0,22.8
2026-05-30T08:34,Gaziantep,92701,2026-05-31T09:00,OpenMeteo,0,24.1
2026-05-30T08:34,Gaziantep,92701,2026-05-31T10:00,OpenMeteo,0,25.0
2026-05-30T08:34,Gaziantep,92701,2026-05-31T11:00,OpenMeteo,1,25.7
2026-05-30T08:34,Gaziantep,92701,2026-05-31T12:00,OpenMeteo,1,26.2
2026-05-30T08:34,Gaziantep,92701,2026-05-31T13:00,OpenMeteo,1,26.3
2026-05-30T08:34,Gaziantep,92701,2026-05-31T14:00,OpenMeteo,0,25.8
2026-05-30T08:34,Gaziantep,92701,2026-05-31T15:00,OpenMeteo,1,25.4
2026-05-30T08:34,Gaziantep,92701,2026-05-31T16:00,OpenMeteo,3,24.3
2026-05-30T08:34,Gaziantep,92701,2026-05-31T17:00,OpenMeteo,1,22.3
2026-05-30T08:34,Gaziantep,92701,2026-05-31T18:00,OpenMeteo,0,20.8
2026-05-30T08:34,Gaziantep,92701,2026-05-31T19:00,OpenMeteo,0,19.3
2026-05-30T08:34,Gaziantep,92701,2026-05-31T20:00,OpenMeteo,0,18.1
2026-05-30T08:34,Gaziantep,92701,2026-05-31T21:00,OpenMeteo,0,16.8
2026-05-30T08:34,Gaziantep,92701,2026-05-31T22:00,OpenMeteo,0,15.9
2026-05-30T08:34,Gaziantep,92701,2026-05-31T23:00,OpenMeteo,0,15.0
2026-05-30T10:49,Istanbul,93401,2026-05-30T12:00,MGM,A,21
2026-05-30T10:49,Istanbul,93401,2026-05-30T15:00,MGM,A,22
2026-05-30T10:49,Istanbul,93401,2026-05-30T18:00,MGM,PB,21
2026-05-30T10:49,Istanbul,93401,2026-05-30T21:00,MGM,PB,20
2026-05-30T10:49,Istanbul,93401,2026-05-31T00:00,MGM,AB,18
2026-05-30T10:49,Istanbul,93401,2026-05-31T03:00,MGM,AB,17
2026-05-30T10:49,Istanbul,93401,2026-05-31T06:00,MGM,AB,21
2026-05-30T10:49,Istanbul,93401,2026-05-31T09:00,MGM,AB,22
2026-05-30T10:49,Istanbul,93401,2026-05-31T12:00,MGM,PB,25
2026-05-30T10:49,Istanbul,93401,2026-05-31T15:00,MGM,PB,26
2026-05-30T10:49,Istanbul,93401,2026-05-31T18:00,MGM,PB,23
2026-05-30T10:49,Istanbul,93401,2026-05-31T21:00,MGM,PB,22
2026-05-30T10:49,Istanbul,93401,2026-05-30T00:00,OpenMeteo,0,13.4
2026-05-30T10:49,Istanbul,93401,2026-05-30T01:00,OpenMeteo,0,13.2
2026-05-30T10:49,Istanbul,93401,2026-05-30T02:00,OpenMeteo,0,13.0
2026-05-30T10:49,Istanbul,93401,2026-05-30T03:00,OpenMeteo,0,13.1
2026-05-30T10:49,Istanbul,93401,2026-05-30T04:00,OpenMeteo,0,13.9
2026-05-30T10:49,Istanbul,93401,2026-05-30T05:00,OpenMeteo,1,16.1
2026-05-30T10:49,Istanbul,93401,2026-05-30T06:00,OpenMeteo,1,17.9
2026-05-30T10:49,Istanbul,93401,2026-05-30T07:00,OpenMeteo,1,19.0
2026-05-30T10:49,Istanbul,93401,2026-05-30T08:00,OpenMeteo,1,19.7
2026-05-30T10:49,Istanbul,93401,2026-05-30T09:00,OpenMeteo,0,20.1
2026-05-30T10:49,Istanbul,93401,2026-05-30T10:00,OpenMeteo,0,20.8
2026-05-30T10:49,Istanbul,93401,2026-05-30T11:00,OpenMeteo,1,21.3
2026-05-30T10:49,Istanbul,93401,2026-05-30T12:00,OpenMeteo,1,21.6
2026-05-30T10:49,Istanbul,93401,2026-05-30T13:00,OpenMeteo,1,21.7
2026-05-30T10:49,Istanbul,93401,2026-05-30T14:00,OpenMeteo,3,21.5
2026-05-30T10:49,Istanbul,93401,2026-05-30T15:00,OpenMeteo,3,21.1
2026-05-30T10:49,Istanbul,93401,2026-05-30T16:00,OpenMeteo,3,20.8
2026-05-30T10:49,Istanbul,93401,2026-05-30T17:00,OpenMeteo,2,20.3
2026-05-30T10:49,Istanbul,93401,2026-05-30T18:00,OpenMeteo,1,19.6
2026-05-30T10:49,Istanbul,93401,2026-05-30T19:00,OpenMeteo,1,19.0
2026-05-30T10:49,Istanbul,93401,2026-05-30T20:00,OpenMeteo,2,18.6
2026-05-30T10:49,Istanbul,93401,2026-05-30T21:00,OpenMeteo,1,18.2
2026-05-30T10:49,Istanbul,93401,2026-05-30T22:00,OpenMeteo,1,17.9
2026-05-30T10:49,Istanbul,93401,2026-05-30T23:00,OpenMeteo,1,17.6
2026-05-30T10:49,Istanbul,93401,2026-05-31T00:00,OpenMeteo,3,17.7
2026-05-30T10:49,Istanbul,93401,2026-05-31T01:00,OpenMeteo,3,17.7
2026-05-30T10:49,Istanbul,93401,2026-05-31T02:00,OpenMeteo,1,17.7
2026-05-30T10:49,Istanbul,93401,2026-05-31T03:00,OpenMeteo,2,17.7
2026-05-30T10:49,Istanbul,93401,2026-05-31T04:00,OpenMeteo,3,18.4
2026-05-30T10:49,Istanbul,93401,2026-05-31T05:00,OpenMeteo,3,19.6
2026-05-30T10:49,Istanbul,93401,2026-05-31T06:00,OpenMeteo,3,20.1
2026-05-30T10:49,Istanbul,93401,2026-05-31T07:00,OpenMeteo,3,20.6
2026-05-30T10:49,Istanbul,93401,2026-05-31T08:00,OpenMeteo,3,20.7
2026-05-30T10:49,Istanbul,93401,2026-05-31T09:00,OpenMeteo,3,21.0
2026-05-30T10:49,Istanbul,93401,2026-05-31T10:00,OpenMeteo,2,21.3
2026-05-30T10:49,Istanbul,93401,2026-05-31T11:00,OpenMeteo,3,21.7
2026-05-30T10:49,Istanbul,93401,2026-05-31T12:00,OpenMeteo,2,22.1
2026-05-30T10:49,Istanbul,93401,2026-05-31T13:00,OpenMeteo,2,23.1
2026-05-30T10:49,Istanbul,93401,2026-05-31T14:00,OpenMeteo,3,23.4
2026-05-30T10:49,Istanbul,93401,2026-05-31T15:00,OpenMeteo,3,23.0
2026-05-30T10:49,Istanbul,93401,2026-05-31T16:00,OpenMeteo,3,22.4
2026-05-30T10:49,Istanbul,93401,2026-05-31T17:00,OpenMeteo,3,21.6
2026-05-30T10:49,Istanbul,93401,2026-05-31T18:00,OpenMeteo,3,20.7
2026-05-30T10:49,Istanbul,93401,2026-05-31T19:00,OpenMeteo,0,20.1
2026-05-30T10:49,Istanbul,93401,2026-05-31T20:00,OpenMeteo,3,19.6
2026-05-30T10:49,Istanbul,93401,2026-05-31T21:00,OpenMeteo,1,19.1
2026-05-30T10:49,Istanbul,93401,2026-05-31T22:00,OpenMeteo,0,18.8
2026-05-30T10:49,Istanbul,93401,2026-05-31T23:00,OpenMeteo,0,18.5
2026-05-30T10:49,Izmir,93501,2026-05-30T12:00,MGM,AB,29
2026-05-30T10:49,Izmir,93501,2026-05-30T15:00,MGM,AB,26
2026-05-30T10:49,Izmir,93501,2026-05-30T18:00,MGM,AB,23
2026-05-30T10:49,Izmir,93501,2026-05-30T21:00,MGM,AB,20
2026-05-30T10:49,Izmir,93501,2026-05-31T00:00,MGM,AB,19
2026-05-30T10:49,Izmir,93501,2026-05-31T03:00,MGM,AB,17
2026-05-30T10:49,Izmir,93501,2026-05-31T06:00,MGM,AB,22
2026-05-30T10:49,Izmir,93501,2026-05-31T09:00,MGM,AB,26
2026-05-30T10:49,Izmir,93501,2026-05-31T12:00,MGM,AB,31
2026-05-30T10:49,Izmir,93501,2026-05-31T15:00,MGM,AB,28
2026-05-30T10:49,Izmir,93501,2026-05-31T18:00,MGM,AB,25
2026-05-30T10:49,Izmir,93501,2026-05-31T21:00,MGM,AB,23
2026-05-30T10:49,Izmir,93501,2026-05-30T00:00,OpenMeteo,0,15.8
2026-05-30T10:49,Izmir,93501,2026-05-30T01:00,OpenMeteo,0,14.6
2026-05-30T10:49,Izmir,93501,2026-05-30T02:00,OpenMeteo,0,13.8
2026-05-30T10:49,Izmir,93501,2026-05-30T03:00,OpenMeteo,0,13.5
2026-05-30T10:49,Izmir,93501,2026-05-30T04:00,OpenMeteo,0,14.1
2026-05-30T10:49,Izmir,93501,2026-05-30T05:00,OpenMeteo,0,17.4
2026-05-30T10:49,Izmir,93501,2026-05-30T06:00,OpenMeteo,0,21.4
2026-05-30T10:49,Izmir,93501,2026-05-30T07:00,OpenMeteo,0,23.4
2026-05-30T10:49,Izmir,93501,2026-05-30T08:00,OpenMeteo,0,24.9
2026-05-30T10:49,Izmir,93501,2026-05-30T09:00,OpenMeteo,0,26.0
2026-05-30T10:49,Izmir,93501,2026-05-30T10:00,OpenMeteo,0,27.2
2026-05-30T10:49,Izmir,93501,2026-05-30T11:00,OpenMeteo,0,28.2
2026-05-30T10:49,Izmir,93501,2026-05-30T12:00,OpenMeteo,0,28.7
2026-05-30T10:49,Izmir,93501,2026-05-30T13:00,OpenMeteo,0,28.6
2026-05-30T10:49,Izmir,93501,2026-05-30T14:00,OpenMeteo,0,27.6
2026-05-30T10:49,Izmir,93501,2026-05-30T15:00,OpenMeteo,0,26.8
2026-05-30T10:49,Izmir,93501,2026-05-30T16:00,OpenMeteo,0,25.4
2026-05-30T10:49,Izmir,93501,2026-05-30T17:00,OpenMeteo,0,24.0
2026-05-30T10:49,Izmir,93501,2026-05-30T18:00,OpenMeteo,0,22.2
2026-05-30T10:49,Izmir,93501,2026-05-30T19:00,OpenMeteo,0,21.3
2026-05-30T10:49,Izmir,93501,2026-05-30T20:00,OpenMeteo,0,18.1
2026-05-30T10:49,Izmir,93501,2026-05-30T21:00,OpenMeteo,0,16.3
2026-05-30T10:49,Izmir,93501,2026-05-30T22:00,OpenMeteo,0,15.4
2026-05-30T10:49,Izmir,93501,2026-05-30T23:00,OpenMeteo,0,14.8
2026-05-30T10:49,Izmir,93501,2026-05-31T00:00,OpenMeteo,0,14.3
2026-05-30T10:49,Izmir,93501,2026-05-31T01:00,OpenMeteo,0,13.7
2026-05-30T10:49,Izmir,93501,2026-05-31T02:00,OpenMeteo,0,13.8
2026-05-30T10:49,Izmir,93501,2026-05-31T03:00,OpenMeteo,0,13.8
2026-05-30T10:49,Izmir,93501,2026-05-31T04:00,OpenMeteo,0,14.9
2026-05-30T10:49,Izmir,93501,2026-05-31T05:00,OpenMeteo,1,18.9
2026-05-30T10:49,Izmir,93501,2026-05-31T06:00,OpenMeteo,0,22.4
2026-05-30T10:49,Izmir,93501,2026-05-31T07:00,OpenMeteo,0,24.2
2026-05-30T10:49,Izmir,93501,2026-05-31T08:00,OpenMeteo,1,25.9
2026-05-30T10:49,Izmir,93501,2026-05-31T09:00,OpenMeteo,0,27.5
2026-05-30T10:49,Izmir,93501,2026-05-31T10:00,OpenMeteo,1,28.8
2026-05-30T10:49,Izmir,93501,2026-05-31T11:00,OpenMeteo,1,29.4
2026-05-30T10:49,Izmir,93501,2026-05-31T12:00,OpenMeteo,0,30.1
2026-05-30T10:49,Izmir,93501,2026-05-31T13:00,OpenMeteo,1,30.4
2026-05-30T10:49,Izmir,93501,2026-05-31T14:00,OpenMeteo,0,29.9
2026-05-30T10:49,Izmir,93501,2026-05-31T15:00,OpenMeteo,1,29.0
2026-05-30T10:49,Izmir,93501,2026-05-31T16:00,OpenMeteo,1,28.1
2026-05-30T10:49,Izmir,93501,2026-05-31T17:00,OpenMeteo,0,26.7
2026-05-30T10:49,Izmir,93501,2026-05-31T18:00,OpenMeteo,0,24.8
2026-05-30T10:49,Izmir,93501,2026-05-31T19:00,OpenMeteo,0,23.3
2026-05-30T10:49,Izmir,93501,2026-05-31T20:00,OpenMeteo,0,21.3
2026-05-30T10:49,Izmir,93501,2026-05-31T21:00,OpenMeteo,0,18.9
2026-05-30T10:49,Izmir,93501,2026-05-31T22:00,OpenMeteo,0,17.7
2026-05-30T10:49,Izmir,93501,2026-05-31T23:00,OpenMeteo,0,17.6
2026-05-30T10:49,Ankara,90601,2026-05-30T12:00,MGM,AB,20
2026-05-30T10:49,Ankara,90601,2026-05-30T15:00,MGM,AB,18
2026-05-30T10:49,Ankara,90601,2026-05-30T18:00,MGM,PB,15
2026-05-30T10:49,Ankara,90601,2026-05-30T21:00,MGM,PB,13
2026-05-30T10:49,Ankara,90601,2026-05-31T00:00,MGM,AB,10
2026-05-30T10:49,Ankara,90601,2026-05-31T03:00,MGM,AB,10
2026-05-30T10:49,Ankara,90601,2026-05-31T06:00,MGM,AB,16
2026-05-30T10:49,Ankara,90601,2026-05-31T09:00,MGM,PB,19
2026-05-30T10:49,Ankara,90601,2026-05-31T12:00,MGM,PB,23
2026-05-30T10:49,Ankara,90601,2026-05-31T15:00,MGM,PB,21
2026-05-30T10:49,Ankara,90601,2026-05-31T18:00,MGM,PB,18
2026-05-30T10:49,Ankara,90601,2026-05-31T21:00,MGM,PB,15
2026-05-30T10:49,Trabzon,96101,2026-05-30T12:00,MGM,PB,20
2026-05-30T10:49,Trabzon,96101,2026-05-30T15:00,MGM,PB,19
2026-05-30T10:49,Trabzon,96101,2026-05-30T18:00,MGM,PB,17
2026-05-30T10:49,Trabzon,96101,2026-05-30T21:00,MGM,CB,15
2026-05-30T10:49,Trabzon,96101,2026-05-31T00:00,MGM,CB,14
2026-05-30T10:49,Trabzon,96101,2026-05-31T03:00,MGM,SY,12
2026-05-30T10:49,Trabzon,96101,2026-05-31T06:00,MGM,SY,16
2026-05-30T10:49,Trabzon,96101,2026-05-31T09:00,MGM,SY,19
2026-05-30T10:49,Trabzon,96101,2026-05-31T12:00,MGM,PB,20
2026-05-30T10:49,Trabzon,96101,2026-05-31T15:00,MGM,PB,19
2026-05-30T10:49,Trabzon,96101,2026-05-31T18:00,MGM,PB,17
2026-05-30T10:49,Trabzon,96101,2026-05-31T21:00,MGM,PB,15
2026-05-30T10:49,Trabzon,96101,2026-05-30T00:00,OpenMeteo,3,12.9
2026-05-30T10:49,Trabzon,96101,2026-05-30T01:00,OpenMeteo,2,12.6
2026-05-30T10:49,Trabzon,96101,2026-05-30T02:00,OpenMeteo,2,12.3
2026-05-30T10:49,Trabzon,96101,2026-05-30T03:00,OpenMeteo,0,12.2
2026-05-30T10:49,Trabzon,96101,2026-05-30T04:00,OpenMeteo,0,13.9
2026-05-30T10:49,Trabzon,96101,2026-05-30T05:00,OpenMeteo,0,14.6
2026-05-30T10:49,Trabzon,96101,2026-05-30T06:00,OpenMeteo,0,15.7
2026-05-30T10:49,Trabzon,96101,2026-05-30T07:00,OpenMeteo,0,16.2
2026-05-30T10:49,Trabzon,96101,2026-05-30T08:00,OpenMeteo,1,16.8
2026-05-30T10:49,Trabzon,96101,2026-05-30T09:00,OpenMeteo,0,17.3
2026-05-30T10:49,Trabzon,96101,2026-05-30T10:00,OpenMeteo,0,17.6
2026-05-30T10:49,Trabzon,96101,2026-05-30T11:00,OpenMeteo,0,17.7
2026-05-30T10:49,Trabzon,96101,2026-05-30T12:00,OpenMeteo,1,17.7
2026-05-30T10:49,Trabzon,96101,2026-05-30T13:00,OpenMeteo,1,17.6
2026-05-30T10:49,Trabzon,96101,2026-05-30T14:00,OpenMeteo,1,17.4
2026-05-30T10:49,Trabzon,96101,2026-05-30T15:00,OpenMeteo,1,17.3
2026-05-30T10:49,Trabzon,96101,2026-05-30T16:00,OpenMeteo,1,16.9
2026-05-30T10:49,Trabzon,96101,2026-05-30T17:00,OpenMeteo,2,16.3
2026-05-30T10:49,Trabzon,96101,2026-05-30T18:00,OpenMeteo,3,15.2
2026-05-30T10:49,Trabzon,96101,2026-05-30T19:00,OpenMeteo,2,14.5
2026-05-30T10:49,Trabzon,96101,2026-05-30T20:00,OpenMeteo,2,13.8
2026-05-30T10:49,Trabzon,96101,2026-05-30T21:00,OpenMeteo,3,13.5
2026-05-30T10:49,Trabzon,96101,2026-05-30T22:00,OpenMeteo,2,13.7
2026-05-30T10:49,Trabzon,96101,2026-05-30T23:00,OpenMeteo,3,13.6
2026-05-30T10:49,Trabzon,96101,2026-05-31T00:00,OpenMeteo,3,13.9
2026-05-30T10:49,Trabzon,96101,2026-05-31T01:00,OpenMeteo,3,16.0
2026-05-30T10:49,Trabzon,96101,2026-05-31T02:00,OpenMeteo,3,15.4
2026-05-30T10:49,Trabzon,96101,2026-05-31T03:00,OpenMeteo,2,15.9
2026-05-30T10:49,Trabzon,96101,2026-05-31T04:00,OpenMeteo,2,16.1
2026-05-30T10:49,Trabzon,96101,2026-05-31T05:00,OpenMeteo,2,16.3
2026-05-30T10:49,Trabzon,96101,2026-05-31T06:00,OpenMeteo,1,17.0
2026-05-30T10:49,Trabzon,96101,2026-05-31T07:00,OpenMeteo,2,17.6
2026-05-30T10:49,Trabzon,96101,2026-05-31T08:00,OpenMeteo,1,17.9
2026-05-30T10:49,Trabzon,96101,2026-05-31T09:00,OpenMeteo,2,18.4
2026-05-30T10:49,Trabzon,96101,2026-05-31T10:00,OpenMeteo,1,18.7
2026-05-30T10:49,Trabzon,96101,2026-05-31T11:00,OpenMeteo,1,18.9
2026-05-30T10:49,Trabzon,96101,2026-05-31T12:00,OpenMeteo,1,19.1
2026-05-30T10:49,Trabzon,96101,2026-05-31T13:00,OpenMeteo,0,19.2
2026-05-30T10:49,Trabzon,96101,2026-05-31T14:00,OpenMeteo,0,19.1
2026-05-30T10:49,Trabzon,96101,2026-05-31T15:00,OpenMeteo,0,18.9
2026-05-30T10:49,Trabzon,96101,2026-05-31T16:00,OpenMeteo,1,18.4
2026-05-30T10:49,Trabzon,96101,2026-05-31T17:00,OpenMeteo,3,17.9
2026-05-30T10:49,Trabzon,96101,2026-05-31T18:00,OpenMeteo,3,17.0
2026-05-30T10:49,Trabzon,96101,2026-05-31T19:00,OpenMeteo,2,16.4
2026-05-30T10:49,Trabzon,96101,2026-05-31T20:00,OpenMeteo,1,16.2
2026-05-30T10:49,Trabzon,96101,2026-05-31T21:00,OpenMeteo,2,16.1
2026-05-30T10:49,Trabzon,96101,2026-05-31T22:00,OpenMeteo,2,15.7
2026-05-30T10:49,Trabzon,96101,2026-05-31T23:00,OpenMeteo,1,14.9
2026-05-30T10:49,Erzurum,92501,2026-05-30T12:00,MGM,SY,14
2026-05-30T10:49,Erzurum,92501,2026-05-30T15:00,MGM,SY,12
2026-05-30T10:49,Erzurum,92501,2026-05-30T18:00,MGM,PB,8
2026-05-30T10:49,Erzurum,92501,2026-05-30T21:00,MGM,PB,5
2026-05-30T10:49,Erzurum,92501,2026-05-31T00:00,MGM,PB,2
2026-05-30T10:49,Erzurum,92501,2026-05-31T03:00,MGM,PB,4
2026-05-30T10:49,Erzurum,92501,2026-05-31T06:00,MGM,CB,10
2026-05-30T10:49,Erzurum,92501,2026-05-31T09:00,MGM,CB,12
2026-05-30T10:49,Erzurum,92501,2026-05-31T12:00,MGM,R,13
2026-05-30T10:49,Erzurum,92501,2026-05-31T15:00,MGM,R,16
2026-05-30T10:49,Erzurum,92501,2026-05-31T18:00,MGM,PB,9
2026-05-30T10:49,Erzurum,92501,2026-05-31T21:00,MGM,PB,5
2026-05-30T10:49,Erzurum,92501,2026-05-30T00:00,OpenMeteo,2,5.8
2026-05-30T10:49,Erzurum,92501,2026-05-30T01:00,OpenMeteo,2,5.4
2026-05-30T10:49,Erzurum,92501,2026-05-30T02:00,OpenMeteo,2,4.5
2026-05-30T10:49,Erzurum,92501,2026-05-30T03:00,OpenMeteo,1,4.0
2026-05-30T10:49,Erzurum,92501,2026-05-30T04:00,OpenMeteo,0,4.5
2026-05-30T10:49,Erzurum,92501,2026-05-30T05:00,OpenMeteo,2,5.4
2026-05-30T10:49,Erzurum,92501,2026-05-30T06:00,OpenMeteo,1,6.4
2026-05-30T10:49,Erzurum,92501,2026-05-30T07:00,OpenMeteo,1,7.6
2026-05-30T10:49,Erzurum,92501,2026-05-30T08:00,OpenMeteo,1,8.8
2026-05-30T10:49,Erzurum,92501,2026-05-30T09:00,OpenMeteo,0,9.9
2026-05-30T10:49,Erzurum,92501,2026-05-30T10:00,OpenMeteo,0,10.9
2026-05-30T10:49,Erzurum,92501,2026-05-30T11:00,OpenMeteo,0,11.7
2026-05-30T10:49,Erzurum,92501,2026-05-30T12:00,OpenMeteo,0,11.9
2026-05-30T10:49,Erzurum,92501,2026-05-30T13:00,OpenMeteo,0,11.7
2026-05-30T10:49,Erzurum,92501,2026-05-30T14:00,OpenMeteo,1,11.4
2026-05-30T10:49,Erzurum,92501,2026-05-30T15:00,OpenMeteo,0,10.8
2026-05-30T10:49,Erzurum,92501,2026-05-30T16:00,OpenMeteo,1,9.9
2026-05-30T10:49,Erzurum,92501,2026-05-30T17:00,OpenMeteo,2,8.1
2026-05-30T10:49,Erzurum,92501,2026-05-30T18:00,OpenMeteo,1,6.7
2026-05-30T10:49,Erzurum,92501,2026-05-30T19:00,OpenMeteo,1,5.2
2026-05-30T10:49,Erzurum,92501,2026-05-30T20:00,OpenMeteo,1,4.3
2026-05-30T10:49,Erzurum,92501,2026-05-30T21:00,OpenMeteo,1,3.5
2026-05-30T10:49,Erzurum,92501,2026-05-30T22:00,OpenMeteo,1,3.0
2026-05-30T10:49,Erzurum,92501,2026-05-30T23:00,OpenMeteo,0,2.4
2026-05-30T10:49,Erzurum,92501,2026-05-31T00:00,OpenMeteo,0,1.9
2026-05-30T10:49,Erzurum,92501,2026-05-31T01:00,OpenMeteo,0,1.6
2026-05-30T10:49,Erzurum,92501,2026-05-31T02:00,OpenMeteo,0,1.2
2026-05-30T10:49,Erzurum,92501,2026-05-31T03:00,OpenMeteo,0,2.0
2026-05-30T10:49,Erzurum,92501,2026-05-31T04:00,OpenMeteo,1,3.5
2026-05-30T10:49,Erzurum,92501,2026-05-31T05:00,OpenMeteo,2,5.7
2026-05-30T10:49,Erzurum,92501,2026-05-31T06:00,OpenMeteo,2,8.1
2026-05-30T10:49,Erzurum,92501,2026-05-31T07:00,OpenMeteo,2,9.6
2026-05-30T10:49,Erzurum,92501,2026-05-31T08:00,OpenMeteo,3,10.5
2026-05-30T10:49,Erzurum,92501,2026-05-31T09:00,OpenMeteo,2,11.2
2026-05-30T10:49,Erzurum,92501,2026-05-31T10:00,OpenMeteo,2,12.2
2026-05-30T10:49,Erzurum,92501,2026-05-31T11:00,OpenMeteo,2,12.6
2026-05-30T10:49,Erzurum,92501,2026-05-31T12:00,OpenMeteo,3,13.2
2026-05-30T10:49,Erzurum,92501,2026-05-31T13:00,OpenMeteo,1,12.5
2026-05-30T10:49,Erzurum,92501,2026-05-31T14:00,OpenMeteo,2,12.7
2026-05-30T10:49,Erzurum,92501,2026-05-31T15:00,OpenMeteo,0,12.0
2026-05-30T10:49,Erzurum,92501,2026-05-31T16:00,OpenMeteo,0,10.9
2026-05-30T10:49,Erzurum,92501,2026-05-31T17:00,OpenMeteo,0,8.9
2026-05-30T10:49,Erzurum,92501,2026-05-31T18:00,OpenMeteo,1,7.0
2026-05-30T10:49,Erzurum,92501,2026-05-31T19:00,OpenMeteo,1,5.8
2026-05-30T10:49,Erzurum,92501,2026-05-31T20:00,OpenMeteo,1,4.8
2026-05-30T10:49,Erzurum,92501,2026-05-31T21:00,OpenMeteo,0,4.2
2026-05-30T10:49,Erzurum,92501,2026-05-31T22:00,OpenMeteo,1,3.5
2026-05-30T10:49,Erzurum,92501,2026-05-31T23:00,OpenMeteo,3,2.5
2026-05-30T13:53,Istanbul,93401,2026-05-30T15:00,MGM,A,22
2026-05-30T13:53,Istanbul,93401,2026-05-30T18:00,MGM,PB,21
2026-05-30T13:53,Istanbul,93401,2026-05-30T21:00,MGM,PB,20
2026-05-30T13:53,Istanbul,93401,2026-05-31T00:00,MGM,AB,18
2026-05-30T13:53,Istanbul,93401,2026-05-31T03:00,MGM,AB,17
2026-05-30T13:53,Istanbul,93401,2026-05-31T06:00,MGM,AB,21
2026-05-30T13:53,Istanbul,93401,2026-05-31T09:00,MGM,AB,22
2026-05-30T13:53,Istanbul,93401,2026-05-31T12:00,MGM,PB,25
2026-05-30T13:53,Istanbul,93401,2026-05-31T15:00,MGM,PB,26
2026-05-30T13:53,Istanbul,93401,2026-05-31T18:00,MGM,PB,23
2026-05-30T13:53,Istanbul,93401,2026-05-31T21:00,MGM,PB,22
2026-05-30T13:53,Istanbul,93401,2026-05-30T00:00,OpenMeteo,0,13.4
2026-05-30T13:53,Istanbul,93401,2026-05-30T01:00,OpenMeteo,0,13.2
2026-05-30T13:53,Istanbul,93401,2026-05-30T02:00,OpenMeteo,0,13.0
2026-05-30T13:53,Istanbul,93401,2026-05-30T03:00,OpenMeteo,0,13.1
2026-05-30T13:53,Istanbul,93401,2026-05-30T04:00,OpenMeteo,0,13.9
2026-05-30T13:53,Istanbul,93401,2026-05-30T05:00,OpenMeteo,1,16.1
2026-05-30T13:53,Istanbul,93401,2026-05-30T06:00,OpenMeteo,1,17.9
2026-05-30T13:53,Istanbul,93401,2026-05-30T07:00,OpenMeteo,1,19.0
2026-05-30T13:53,Istanbul,93401,2026-05-30T08:00,OpenMeteo,1,19.7
2026-05-30T13:53,Istanbul,93401,2026-05-30T09:00,OpenMeteo,0,19.8
2026-05-30T13:53,Istanbul,93401,2026-05-30T10:00,OpenMeteo,0,20.5
2026-05-30T13:53,Istanbul,93401,2026-05-30T11:00,OpenMeteo,0,21.3
2026-05-30T13:53,Istanbul,93401,2026-05-30T12:00,OpenMeteo,2,21.7
2026-05-30T13:53,Istanbul,93401,2026-05-30T13:00,OpenMeteo,0,21.8
2026-05-30T13:53,Istanbul,93401,2026-05-30T14:00,OpenMeteo,2,21.6
2026-05-30T13:53,Istanbul,93401,2026-05-30T15:00,OpenMeteo,3,21.4
2026-05-30T13:53,Istanbul,93401,2026-05-30T16:00,OpenMeteo,3,21.0
2026-05-30T13:53,Istanbul,93401,2026-05-30T17:00,OpenMeteo,2,20.4
2026-05-30T13:53,Istanbul,93401,2026-05-30T18:00,OpenMeteo,1,19.7
2026-05-30T13:53,Istanbul,93401,2026-05-30T19:00,OpenMeteo,0,19.2
2026-05-30T13:53,Istanbul,93401,2026-05-30T20:00,OpenMeteo,1,18.7
2026-05-30T13:53,Istanbul,93401,2026-05-30T21:00,OpenMeteo,1,18.2
2026-05-30T13:53,Istanbul,93401,2026-05-30T22:00,OpenMeteo,1,17.8
2026-05-30T13:53,Istanbul,93401,2026-05-30T23:00,OpenMeteo,1,17.7
2026-05-30T13:53,Istanbul,93401,2026-05-31T00:00,OpenMeteo,1,17.6
2026-05-30T13:53,Istanbul,93401,2026-05-31T01:00,OpenMeteo,2,17.6
2026-05-30T13:53,Istanbul,93401,2026-05-31T02:00,OpenMeteo,1,17.7
2026-05-30T13:53,Istanbul,93401,2026-05-31T03:00,OpenMeteo,1,17.7
2026-05-30T13:53,Istanbul,93401,2026-05-31T04:00,OpenMeteo,1,18.3
2026-05-30T13:53,Istanbul,93401,2026-05-31T05:00,OpenMeteo,2,19.6
2026-05-30T13:53,Istanbul,93401,2026-05-31T06:00,OpenMeteo,2,20.5
2026-05-30T13:53,Istanbul,93401,2026-05-31T07:00,OpenMeteo,3,21.3
2026-05-30T13:53,Istanbul,93401,2026-05-31T08:00,OpenMeteo,2,21.8
2026-05-30T13:53,Istanbul,93401,2026-05-31T09:00,OpenMeteo,3,21.8
2026-05-30T13:53,Istanbul,93401,2026-05-31T10:00,OpenMeteo,3,21.9
2026-05-30T13:53,Istanbul,93401,2026-05-31T11:00,OpenMeteo,3,22.2
2026-05-30T13:53,Istanbul,93401,2026-05-31T12:00,OpenMeteo,2,22.5
2026-05-30T13:53,Istanbul,93401,2026-05-31T13:00,OpenMeteo,2,23.1
2026-05-30T13:53,Istanbul,93401,2026-05-31T14:00,OpenMeteo,3,23.5
2026-05-30T13:53,Istanbul,93401,2026-05-31T15:00,OpenMeteo,3,23.0
2026-05-30T13:53,Istanbul,93401,2026-05-31T16:00,OpenMeteo,3,22.4
2026-05-30T13:53,Istanbul,93401,2026-05-31T17:00,OpenMeteo,3,21.6
2026-05-30T13:53,Istanbul,93401,2026-05-31T18:00,OpenMeteo,3,20.7
2026-05-30T13:53,Istanbul,93401,2026-05-31T19:00,OpenMeteo,0,20.1
2026-05-30T13:53,Istanbul,93401,2026-05-31T20:00,OpenMeteo,3,19.6
2026-05-30T13:53,Istanbul,93401,2026-05-31T21:00,OpenMeteo,1,19.1
2026-05-30T13:53,Istanbul,93401,2026-05-31T22:00,OpenMeteo,0,18.8
2026-05-30T13:53,Istanbul,93401,2026-05-31T23:00,OpenMeteo,0,18.5
2026-05-30T13:53,Izmir,93501,2026-05-30T15:00,MGM,AB,26
2026-05-30T13:53,Izmir,93501,2026-05-30T18:00,MGM,AB,23
2026-05-30T13:53,Izmir,93501,2026-05-30T21:00,MGM,AB,20
2026-05-30T13:53,Izmir,93501,2026-05-31T00:00,MGM,AB,19
2026-05-30T13:53,Izmir,93501,2026-05-31T03:00,MGM,AB,17
2026-05-30T13:53,Izmir,93501,2026-05-31T06:00,MGM,AB,22
2026-05-30T13:53,Izmir,93501,2026-05-31T09:00,MGM,AB,26
2026-05-30T13:53,Izmir,93501,2026-05-31T12:00,MGM,AB,31
2026-05-30T13:53,Izmir,93501,2026-05-31T15:00,MGM,AB,28
2026-05-30T13:53,Izmir,93501,2026-05-31T18:00,MGM,AB,25
2026-05-30T13:53,Izmir,93501,2026-05-31T21:00,MGM,AB,23
2026-05-30T13:53,Izmir,93501,2026-05-30T00:00,OpenMeteo,0,15.8
2026-05-30T13:53,Izmir,93501,2026-05-30T01:00,OpenMeteo,0,14.6
2026-05-30T13:53,Izmir,93501,2026-05-30T02:00,OpenMeteo,0,13.8
2026-05-30T13:53,Izmir,93501,2026-05-30T03:00,OpenMeteo,0,13.5
2026-05-30T13:53,Izmir,93501,2026-05-30T04:00,OpenMeteo,0,14.1
2026-05-30T13:53,Izmir,93501,2026-05-30T05:00,OpenMeteo,0,17.4
2026-05-30T13:53,Izmir,93501,2026-05-30T06:00,OpenMeteo,0,21.4
2026-05-30T13:53,Izmir,93501,2026-05-30T07:00,OpenMeteo,0,23.4
2026-05-30T13:53,Izmir,93501,2026-05-30T08:00,OpenMeteo,0,24.9
2026-05-30T13:53,Izmir,93501,2026-05-30T09:00,OpenMeteo,0,26.3
2026-05-30T13:53,Izmir,93501,2026-05-30T10:00,OpenMeteo,0,27.4
2026-05-30T13:53,Izmir,93501,2026-05-30T11:00,OpenMeteo,0,28.3
2026-05-30T13:53,Izmir,93501,2026-05-30T12:00,OpenMeteo,0,28.7
2026-05-30T13:53,Izmir,93501,2026-05-30T13:00,OpenMeteo,1,28.5
2026-05-30T13:53,Izmir,93501,2026-05-30T14:00,OpenMeteo,1,27.6
2026-05-30T13:53,Izmir,93501,2026-05-30T15:00,OpenMeteo,0,26.8
2026-05-30T13:53,Izmir,93501,2026-05-30T16:00,OpenMeteo,0,25.4
2026-05-30T13:53,Izmir,93501,2026-05-30T17:00,OpenMeteo,0,23.9
2026-05-30T13:53,Izmir,93501,2026-05-30T18:00,OpenMeteo,0,22.1
2026-05-30T13:53,Izmir,93501,2026-05-30T19:00,OpenMeteo,0,21.3
2026-05-30T13:53,Izmir,93501,2026-05-30T20:00,OpenMeteo,0,18.5
2026-05-30T13:53,Izmir,93501,2026-05-30T21:00,OpenMeteo,0,16.5
2026-05-30T13:53,Izmir,93501,2026-05-30T22:00,OpenMeteo,0,15.6
2026-05-30T13:53,Izmir,93501,2026-05-30T23:00,OpenMeteo,0,15.1
2026-05-30T13:53,Izmir,93501,2026-05-31T00:00,OpenMeteo,0,14.5
2026-05-30T13:53,Izmir,93501,2026-05-31T01:00,OpenMeteo,0,13.9
2026-05-30T13:53,Izmir,93501,2026-05-31T02:00,OpenMeteo,0,13.8
2026-05-30T13:53,Izmir,93501,2026-05-31T03:00,OpenMeteo,0,13.9
2026-05-30T13:53,Izmir,93501,2026-05-31T04:00,OpenMeteo,0,14.9
2026-05-30T13:53,Izmir,93501,2026-05-31T05:00,OpenMeteo,0,18.9
2026-05-30T13:53,Izmir,93501,2026-05-31T06:00,OpenMeteo,0,22.3
2026-05-30T13:53,Izmir,93501,2026-05-31T07:00,OpenMeteo,1,24.3
2026-05-30T13:53,Izmir,93501,2026-05-31T08:00,OpenMeteo,0,26.1
2026-05-30T13:53,Izmir,93501,2026-05-31T09:00,OpenMeteo,0,27.6
2026-05-30T13:53,Izmir,93501,2026-05-31T10:00,OpenMeteo,0,28.9
2026-05-30T13:53,Izmir,93501,2026-05-31T11:00,OpenMeteo,0,29.3
2026-05-30T13:53,Izmir,93501,2026-05-31T12:00,OpenMeteo,0,30.1
2026-05-30T13:53,Izmir,93501,2026-05-31T13:00,OpenMeteo,0,30.4
2026-05-30T13:53,Izmir,93501,2026-05-31T14:00,OpenMeteo,0,29.9
2026-05-30T13:53,Izmir,93501,2026-05-31T15:00,OpenMeteo,0,28.9
2026-05-30T13:53,Izmir,93501,2026-05-31T16:00,OpenMeteo,1,28.1
2026-05-30T13:53,Izmir,93501,2026-05-31T17:00,OpenMeteo,0,26.7
2026-05-30T13:53,Izmir,93501,2026-05-31T18:00,OpenMeteo,0,24.8
2026-05-30T13:53,Izmir,93501,2026-05-31T19:00,OpenMeteo,0,23.3
2026-05-30T13:53,Izmir,93501,2026-05-31T20:00,OpenMeteo,0,21.3
2026-05-30T13:53,Izmir,93501,2026-05-31T21:00,OpenMeteo,0,18.9
2026-05-30T13:53,Izmir,93501,2026-05-31T22:00,OpenMeteo,0,17.7
2026-05-30T13:53,Izmir,93501,2026-05-31T23:00,OpenMeteo,0,17.6
2026-05-30T13:53,Antalya,90701,2026-05-30T15:00,MGM,AB,28
2026-05-30T13:53,Antalya,90701,2026-05-30T18:00,MGM,AB,25
2026-05-30T13:53,Antalya,90701,2026-05-30T21:00,MGM,AB,23
2026-05-30T13:53,Antalya,90701,2026-05-31T00:00,MGM,AB,21
2026-05-30T13:53,Antalya,90701,2026-05-31T03:00,MGM,AB,19
2026-05-30T13:53,Antalya,90701,2026-05-31T06:00,MGM,AB,25
2026-05-30T13:53,Antalya,90701,2026-05-31T09:00,MGM,AB,27
2026-05-30T13:53,Antalya,90701,2026-05-31T12:00,MGM,AB,25
2026-05-30T13:53,Antalya,90701,2026-05-31T15:00,MGM,AB,24
2026-05-30T13:53,Antalya,90701,2026-05-31T18:00,MGM,AB,23
2026-05-30T13:53,Antalya,90701,2026-05-31T21:00,MGM,AB,22
2026-05-30T13:53,Antalya,90701,2026-05-30T00:00,OpenMeteo,0,22.2
2026-05-30T13:53,Antalya,90701,2026-05-30T01:00,OpenMeteo,0,21.6
2026-05-30T13:53,Antalya,90701,2026-05-30T02:00,OpenMeteo,0,21.1
2026-05-30T13:53,Antalya,90701,2026-05-30T03:00,OpenMeteo,0,20.7
2026-05-30T13:53,Antalya,90701,2026-05-30T04:00,OpenMeteo,0,20.9
2026-05-30T13:53,Antalya,90701,2026-05-30T05:00,OpenMeteo,0,22.0
2026-05-30T13:53,Antalya,90701,2026-05-30T06:00,OpenMeteo,0,24.1
2026-05-30T13:53,Antalya,90701,2026-05-30T07:00,OpenMeteo,0,25.6
2026-05-30T13:53,Antalya,90701,2026-05-30T08:00,OpenMeteo,0,27.1
2026-05-30T13:53,Antalya,90701,2026-05-30T09:00,OpenMeteo,0,28.4
2026-05-30T13:53,Antalya,90701,2026-05-30T10:00,OpenMeteo,0,29.3
2026-05-30T13:53,Antalya,90701,2026-05-30T11:00,OpenMeteo,0,29.1
2026-05-30T13:53,Antalya,90701,2026-05-30T12:00,OpenMeteo,0,27.3
2026-05-30T13:53,Antalya,90701,2026-05-30T13:00,OpenMeteo,0,26.5
2026-05-30T13:53,Antalya,90701,2026-05-30T14:00,OpenMeteo,0,25.7
2026-05-30T13:53,Antalya,90701,2026-05-30T15:00,OpenMeteo,0,24.8
2026-05-30T13:53,Antalya,90701,2026-05-30T16:00,OpenMeteo,0,24.1
2026-05-30T13:53,Antalya,90701,2026-05-30T17:00,OpenMeteo,0,23.4
2026-05-30T13:53,Antalya,90701,2026-05-30T18:00,OpenMeteo,0,22.6
2026-05-30T13:53,Antalya,90701,2026-05-30T19:00,OpenMeteo,0,21.9
2026-05-30T13:53,Antalya,90701,2026-05-30T20:00,OpenMeteo,0,21.1
2026-05-30T13:53,Antalya,90701,2026-05-30T21:00,OpenMeteo,0,20.2
2026-05-30T13:53,Antalya,90701,2026-05-30T22:00,OpenMeteo,0,19.3
2026-05-30T13:53,Antalya,90701,2026-05-30T23:00,OpenMeteo,0,18.6
2026-05-30T13:53,Antalya,90701,2026-05-31T00:00,OpenMeteo,0,18.0
2026-05-30T13:53,Antalya,90701,2026-05-31T01:00,OpenMeteo,0,17.7
2026-05-30T13:53,Antalya,90701,2026-05-31T02:00,OpenMeteo,0,17.6
2026-05-30T13:53,Antalya,90701,2026-05-31T03:00,OpenMeteo,0,17.6
2026-05-30T13:53,Antalya,90701,2026-05-31T04:00,OpenMeteo,0,18.3
2026-05-30T13:53,Antalya,90701,2026-05-31T05:00,OpenMeteo,0,20.7
2026-05-30T13:53,Antalya,90701,2026-05-31T06:00,OpenMeteo,0,24.0
2026-05-30T13:53,Antalya,90701,2026-05-31T07:00,OpenMeteo,0,25.7
2026-05-30T13:53,Antalya,90701,2026-05-31T08:00,OpenMeteo,0,25.2
2026-05-30T13:53,Antalya,90701,2026-05-31T09:00,OpenMeteo,0,25.4
2026-05-30T13:53,Antalya,90701,2026-05-31T10:00,OpenMeteo,0,25.7
2026-05-30T13:53,Antalya,90701,2026-05-31T11:00,OpenMeteo,0,25.6
2026-05-30T13:53,Antalya,90701,2026-05-31T12:00,OpenMeteo,1,25.1
2026-05-30T13:53,Antalya,90701,2026-05-31T13:00,OpenMeteo,1,24.7
2026-05-30T13:53,Antalya,90701,2026-05-31T14:00,OpenMeteo,1,24.4
2026-05-30T13:53,Antalya,90701,2026-05-31T15:00,OpenMeteo,1,24.1
2026-05-30T13:53,Antalya,90701,2026-05-31T16:00,OpenMeteo,1,23.3
2026-05-30T13:53,Antalya,90701,2026-05-31T17:00,OpenMeteo,1,22.6
2026-05-30T13:53,Antalya,90701,2026-05-31T18:00,OpenMeteo,1,22.2
2026-05-30T13:53,Antalya,90701,2026-05-31T19:00,OpenMeteo,2,21.9
2026-05-30T13:53,Antalya,90701,2026-05-31T20:00,OpenMeteo,1,21.5
2026-05-30T13:53,Antalya,90701,2026-05-31T21:00,OpenMeteo,1,20.8
2026-05-30T13:53,Antalya,90701,2026-05-31T22:00,OpenMeteo,1,20.3
2026-05-30T13:53,Antalya,90701,2026-05-31T23:00,OpenMeteo,1,19.8
2026-05-30T13:53,Ankara,90601,2026-05-30T15:00,MGM,AB,18
2026-05-30T13:53,Ankara,90601,2026-05-30T18:00,MGM,PB,15
2026-05-30T13:53,Ankara,90601,2026-05-30T21:00,MGM,PB,13
2026-05-30T13:53,Ankara,90601,2026-05-31T00:00,MGM,AB,10
2026-05-30T13:53,Ankara,90601,2026-05-31T03:00,MGM,AB,10
2026-05-30T13:53,Ankara,90601,2026-05-31T06:00,MGM,AB,16
2026-05-30T13:53,Ankara,90601,2026-05-31T09:00,MGM,PB,19
2026-05-30T13:53,Ankara,90601,2026-05-31T12:00,MGM,PB,23
2026-05-30T13:53,Ankara,90601,2026-05-31T15:00,MGM,PB,21
2026-05-30T13:53,Ankara,90601,2026-05-31T18:00,MGM,PB,18
2026-05-30T13:53,Ankara,90601,2026-05-31T21:00,MGM,PB,15
2026-05-30T13:53,Trabzon,96101,2026-05-30T15:00,MGM,PB,19
2026-05-30T13:53,Trabzon,96101,2026-05-30T18:00,MGM,PB,17
2026-05-30T13:53,Trabzon,96101,2026-05-30T21:00,MGM,CB,15
2026-05-30T13:53,Trabzon,96101,2026-05-31T00:00,MGM,CB,14
2026-05-30T13:53,Trabzon,96101,2026-05-31T03:00,MGM,SY,12
2026-05-30T13:53,Trabzon,96101,2026-05-31T06:00,MGM,SY,16
2026-05-30T13:53,Trabzon,96101,2026-05-31T09:00,MGM,SY,19
2026-05-30T13:53,Trabzon,96101,2026-05-31T12:00,MGM,PB,20
2026-05-30T13:53,Trabzon,96101,2026-05-31T15:00,MGM,PB,19
2026-05-30T13:53,Trabzon,96101,2026-05-31T18:00,MGM,PB,17
2026-05-30T13:53,Trabzon,96101,2026-05-31T21:00,MGM,PB,15
2026-05-30T13:53,Erzurum,92501,2026-05-30T15:00,MGM,SY,12
2026-05-30T13:53,Erzurum,92501,2026-05-30T18:00,MGM,PB,8
2026-05-30T13:53,Erzurum,92501,2026-05-30T21:00,MGM,PB,5
2026-05-30T13:53,Erzurum,92501,2026-05-31T00:00,MGM,PB,2
2026-05-30T13:53,Erzurum,92501,2026-05-31T03:00,MGM,PB,4
2026-05-30T13:53,Erzurum,92501,2026-05-31T06:00,MGM,CB,10
2026-05-30T13:53,Erzurum,92501,2026-05-31T09:00,MGM,CB,12
2026-05-30T13:53,Erzurum,92501,2026-05-31T12:00,MGM,R,13
2026-05-30T13:53,Erzurum,92501,2026-05-31T15:00,MGM,R,16
2026-05-30T13:53,Erzurum,92501,2026-05-31T18:00,MGM,PB,9
2026-05-30T13:53,Erzurum,92501,2026-05-31T21:00,MGM,PB,5
2026-05-30T13:53,Gaziantep,92701,2026-05-30T15:00,MGM,AB,24
2026-05-30T13:53,Gaziantep,92701,2026-05-30T18:00,MGM,AB,19
2026-05-30T13:53,Gaziantep,92701,2026-05-30T21:00,MGM,AB,17
2026-05-30T13:53,Gaziantep,92701,2026-05-31T00:00,MGM,AB,15
2026-05-30T13:53,Gaziantep,92701,2026-05-31T03:00,MGM,AB,14
2026-05-30T13:53,Gaziantep,92701,2026-05-31T06:00,MGM,AB,22
2026-05-30T13:53,Gaziantep,92701,2026-05-31T09:00,MGM,AB,25
2026-05-30T13:53,Gaziantep,92701,2026-05-31T12:00,MGM,AB,29
2026-05-30T13:53,Gaziantep,92701,2026-05-31T15:00,MGM,AB,27
2026-05-30T13:53,Gaziantep,92701,2026-05-31T18:00,MGM,PB,21
2026-05-30T13:53,Gaziantep,92701,2026-05-31T21:00,MGM,PB,18
2026-05-30T13:53,Gaziantep,92701,2026-05-30T00:00,OpenMeteo,2,15.8
2026-05-30T13:53,Gaziantep,92701,2026-05-30T01:00,OpenMeteo,0,15.3
2026-05-30T13:53,Gaziantep,92701,2026-05-30T02:00,OpenMeteo,0,14.8
2026-05-30T13:53,Gaziantep,92701,2026-05-30T03:00,OpenMeteo,0,14.4
2026-05-30T13:53,Gaziantep,92701,2026-05-30T04:00,OpenMeteo,0,15.4
2026-05-30T13:53,Gaziantep,92701,2026-05-30T05:00,OpenMeteo,0,16.8
2026-05-30T13:53,Gaziantep,92701,2026-05-30T06:00,OpenMeteo,1,18.3
2026-05-30T13:53,Gaziantep,92701,2026-05-30T07:00,OpenMeteo,0,19.5
2026-05-30T13:53,Gaziantep,92701,2026-05-30T08:00,OpenMeteo,0,20.9
2026-05-30T13:53,Gaziantep,92701,2026-05-30T09:00,OpenMeteo,0,22.2
2026-05-30T13:53,Gaziantep,92701,2026-05-30T10:00,OpenMeteo,0,23.2
2026-05-30T13:53,Gaziantep,92701,2026-05-30T11:00,OpenMeteo,2,24.0
2026-05-30T13:53,Gaziantep,92701,2026-05-30T12:00,OpenMeteo,1,24.4
2026-05-30T13:53,Gaziantep,92701,2026-05-30T13:00,OpenMeteo,0,24.4
2026-05-30T13:53,Gaziantep,92701,2026-05-30T14:00,OpenMeteo,0,23.7
2026-05-30T13:53,Gaziantep,92701,2026-05-30T15:00,OpenMeteo,0,22.8
2026-05-30T13:53,Gaziantep,92701,2026-05-30T16:00,OpenMeteo,0,21.6
2026-05-30T13:53,Gaziantep,92701,2026-05-30T17:00,OpenMeteo,0,19.8
2026-05-30T13:53,Gaziantep,92701,2026-05-30T18:00,OpenMeteo,0,18.5
2026-05-30T13:53,Gaziantep,92701,2026-05-30T19:00,OpenMeteo,0,17.3
2026-05-30T13:53,Gaziantep,92701,2026-05-30T20:00,OpenMeteo,0,16.2
2026-05-30T13:53,Gaziantep,92701,2026-05-30T21:00,OpenMeteo,0,15.2
2026-05-30T13:53,Gaziantep,92701,2026-05-30T22:00,OpenMeteo,0,14.5
2026-05-30T13:53,Gaziantep,92701,2026-05-30T23:00,OpenMeteo,0,14.0
2026-05-30T13:53,Gaziantep,92701,2026-05-31T00:00,OpenMeteo,0,13.7
2026-05-30T13:53,Gaziantep,92701,2026-05-31T01:00,OpenMeteo,0,13.7
2026-05-30T13:53,Gaziantep,92701,2026-05-31T02:00,OpenMeteo,0,13.0
2026-05-30T13:53,Gaziantep,92701,2026-05-31T03:00,OpenMeteo,0,12.5
2026-05-30T13:53,Gaziantep,92701,2026-05-31T04:00,OpenMeteo,0,15.0
2026-05-30T13:53,Gaziantep,92701,2026-05-31T05:00,OpenMeteo,0,18.0
2026-05-30T13:53,Gaziantep,92701,2026-05-31T06:00,OpenMeteo,0,19.6
2026-05-30T13:53,Gaziantep,92701,2026-05-31T07:00,OpenMeteo,0,21.2
2026-05-30T13:53,Gaziantep,92701,2026-05-31T08:00,OpenMeteo,0,22.7
2026-05-30T13:53,Gaziantep,92701,2026-05-31T09:00,OpenMeteo,0,24.0
2026-05-30T13:53,Gaziantep,92701,2026-05-31T10:00,OpenMeteo,0,25.0
2026-05-30T13:53,Gaziantep,92701,2026-05-31T11:00,OpenMeteo,0,25.8
2026-05-30T13:53,Gaziantep,92701,2026-05-31T12:00,OpenMeteo,0,26.2
2026-05-30T13:53,Gaziantep,92701,2026-05-31T13:00,OpenMeteo,1,26.3
2026-05-30T13:53,Gaziantep,92701,2026-05-31T14:00,OpenMeteo,1,25.9
2026-05-30T13:53,Gaziantep,92701,2026-05-31T15:00,OpenMeteo,1,25.3
2026-05-30T13:53,Gaziantep,92701,2026-05-31T16:00,OpenMeteo,3,24.4
2026-05-30T13:53,Gaziantep,92701,2026-05-31T17:00,OpenMeteo,1,22.5
2026-05-30T13:53,Gaziantep,92701,2026-05-31T18:00,OpenMeteo,0,20.8
2026-05-30T13:53,Gaziantep,92701,2026-05-31T19:00,OpenMeteo,0,18.9
2026-05-30T13:53,Gaziantep,92701,2026-05-31T20:00,OpenMeteo,0,17.4
2026-05-30T13:53,Gaziantep,92701,2026-05-31T21:00,OpenMeteo,0,16.3
2026-05-30T13:53,Gaziantep,92701,2026-05-31T22:00,OpenMeteo,0,15.6
2026-05-30T13:53,Gaziantep,92701,2026-05-31T23:00,OpenMeteo,0,14.8
2026-05-30T16:08,Istanbul,93401,2026-05-30T18:00,MGM,PB,21
2026-05-30T16:08,Istanbul,93401,2026-05-30T21:00,MGM,PB,20
2026-05-30T16:08,Istanbul,93401,2026-05-31T00:00,MGM,AB,18
2026-05-30T16:08,Istanbul,93401,2026-05-31T03:00,MGM,AB,17
2026-05-30T16:08,Istanbul,93401,2026-05-31T06:00,MGM,AB,21
2026-05-30T16:08,Istanbul,93401,2026-05-31T09:00,MGM,AB,22
2026-05-30T16:08,Istanbul,93401,2026-05-31T12:00,MGM,PB,25
2026-05-30T16:08,Istanbul,93401,2026-05-31T15:00,MGM,PB,26
2026-05-30T16:08,Istanbul,93401,2026-05-31T18:00,MGM,PB,23
2026-05-30T16:08,Istanbul,93401,2026-05-31T21:00,MGM,PB,22
2026-05-30T16:08,Istanbul,93401,2026-05-30T00:00,OpenMeteo,0,13.4
2026-05-30T16:08,Istanbul,93401,2026-05-30T01:00,OpenMeteo,0,13.2
2026-05-30T16:08,Istanbul,93401,2026-05-30T02:00,OpenMeteo,0,13.0
2026-05-30T16:08,Istanbul,93401,2026-05-30T03:00,OpenMeteo,0,13.1
2026-05-30T16:08,Istanbul,93401,2026-05-30T04:00,OpenMeteo,0,13.9
2026-05-30T16:08,Istanbul,93401,2026-05-30T05:00,OpenMeteo,1,16.1
2026-05-30T16:08,Istanbul,93401,2026-05-30T06:00,OpenMeteo,1,17.9
2026-05-30T16:08,Istanbul,93401,2026-05-30T07:00,OpenMeteo,1,19.0
2026-05-30T16:08,Istanbul,93401,2026-05-30T08:00,OpenMeteo,1,19.7
2026-05-30T16:08,Istanbul,93401,2026-05-30T09:00,OpenMeteo,0,19.8
2026-05-30T16:08,Istanbul,93401,2026-05-30T10:00,OpenMeteo,0,20.5
2026-05-30T16:08,Istanbul,93401,2026-05-30T11:00,OpenMeteo,0,21.3
2026-05-30T16:08,Istanbul,93401,2026-05-30T12:00,OpenMeteo,2,21.4
2026-05-30T16:08,Istanbul,93401,2026-05-30T13:00,OpenMeteo,1,21.6
2026-05-30T16:08,Istanbul,93401,2026-05-30T14:00,OpenMeteo,0,21.4
2026-05-30T16:08,Istanbul,93401,2026-05-30T15:00,OpenMeteo,3,21.1
2026-05-30T16:08,Istanbul,93401,2026-05-30T16:00,OpenMeteo,3,20.7
2026-05-30T16:08,Istanbul,93401,2026-05-30T17:00,OpenMeteo,2,20.1
2026-05-30T16:08,Istanbul,93401,2026-05-30T18:00,OpenMeteo,2,19.2
2026-05-30T16:08,Istanbul,93401,2026-05-30T19:00,OpenMeteo,1,18.6
2026-05-30T16:08,Istanbul,93401,2026-05-30T20:00,OpenMeteo,1,18.3
2026-05-30T16:08,Istanbul,93401,2026-05-30T21:00,OpenMeteo,2,18.0
2026-05-30T16:08,Istanbul,93401,2026-05-30T22:00,OpenMeteo,2,17.3
2026-05-30T16:08,Istanbul,93401,2026-05-30T23:00,OpenMeteo,1,17.1
2026-05-30T16:08,Istanbul,93401,2026-05-31T00:00,OpenMeteo,1,17.0
2026-05-30T16:08,Istanbul,93401,2026-05-31T01:00,OpenMeteo,1,17.0
2026-05-30T16:08,Istanbul,93401,2026-05-31T02:00,OpenMeteo,1,17.0
2026-05-30T16:08,Istanbul,93401,2026-05-31T03:00,OpenMeteo,1,16.9
2026-05-30T16:08,Istanbul,93401,2026-05-31T04:00,OpenMeteo,1,17.6
2026-05-30T16:08,Istanbul,93401,2026-05-31T05:00,OpenMeteo,2,19.1
2026-05-30T16:08,Istanbul,93401,2026-05-31T06:00,OpenMeteo,3,20.1
2026-05-30T16:08,Istanbul,93401,2026-05-31T07:00,OpenMeteo,3,20.5
2026-05-30T16:08,Istanbul,93401,2026-05-31T08:00,OpenMeteo,3,21.5
2026-05-30T16:08,Istanbul,93401,2026-05-31T09:00,OpenMeteo,80,20.9
2026-05-30T16:08,Istanbul,93401,2026-05-31T10:00,OpenMeteo,2,21.4
2026-05-30T16:08,Istanbul,93401,2026-05-31T11:00,OpenMeteo,3,21.8
2026-05-30T16:08,Istanbul,93401,2026-05-31T12:00,OpenMeteo,2,22.7
2026-05-30T16:08,Istanbul,93401,2026-05-31T13:00,OpenMeteo,2,23.0
2026-05-30T16:08,Istanbul,93401,2026-05-31T14:00,OpenMeteo,2,23.2
2026-05-30T16:08,Istanbul,93401,2026-05-31T15:00,OpenMeteo,3,22.8
2026-05-30T16:08,Istanbul,93401,2026-05-31T16:00,OpenMeteo,3,22.2
2026-05-30T16:08,Istanbul,93401,2026-05-31T17:00,OpenMeteo,2,21.4
2026-05-30T16:08,Istanbul,93401,2026-05-31T18:00,OpenMeteo,2,20.4
2026-05-30T16:08,Istanbul,93401,2026-05-31T19:00,OpenMeteo,3,19.7
2026-05-30T16:08,Istanbul,93401,2026-05-31T20:00,OpenMeteo,1,19.4
2026-05-30T16:08,Istanbul,93401,2026-05-31T21:00,OpenMeteo,1,19.1
2026-05-30T16:08,Istanbul,93401,2026-05-31T22:00,OpenMeteo,2,18.6
2026-05-30T16:08,Istanbul,93401,2026-05-31T23:00,OpenMeteo,1,18.3
2026-05-30T16:08,Izmir,93501,2026-05-30T18:00,MGM,AB,23
2026-05-30T16:08,Izmir,93501,2026-05-30T21:00,MGM,AB,20
2026-05-30T16:08,Izmir,93501,2026-05-31T00:00,MGM,AB,19
2026-05-30T16:08,Izmir,93501,2026-05-31T03:00,MGM,AB,17
2026-05-30T16:08,Izmir,93501,2026-05-31T06:00,MGM,AB,22
2026-05-30T16:08,Izmir,93501,2026-05-31T09:00,MGM,AB,26
2026-05-30T16:08,Izmir,93501,2026-05-31T12:00,MGM,AB,31
2026-05-30T16:08,Izmir,93501,2026-05-31T15:00,MGM,AB,28
2026-05-30T16:08,Izmir,93501,2026-05-31T18:00,MGM,AB,25
2026-05-30T16:08,Izmir,93501,2026-05-31T21:00,MGM,AB,23
2026-05-30T16:08,Izmir,93501,2026-05-30T00:00,OpenMeteo,0,15.8
2026-05-30T16:08,Izmir,93501,2026-05-30T01:00,OpenMeteo,0,14.6
2026-05-30T16:08,Izmir,93501,2026-05-30T02:00,OpenMeteo,0,13.8
2026-05-30T16:08,Izmir,93501,2026-05-30T03:00,OpenMeteo,0,13.5
2026-05-30T16:08,Izmir,93501,2026-05-30T04:00,OpenMeteo,0,14.1
2026-05-30T16:08,Izmir,93501,2026-05-30T05:00,OpenMeteo,0,17.4
2026-05-30T16:08,Izmir,93501,2026-05-30T06:00,OpenMeteo,0,21.4
2026-05-30T16:08,Izmir,93501,2026-05-30T07:00,OpenMeteo,0,23.4
2026-05-30T16:08,Izmir,93501,2026-05-30T08:00,OpenMeteo,0,24.9
2026-05-30T16:08,Izmir,93501,2026-05-30T09:00,OpenMeteo,0,26.3
2026-05-30T16:08,Izmir,93501,2026-05-30T10:00,OpenMeteo,0,27.4
2026-05-30T16:08,Izmir,93501,2026-05-30T11:00,OpenMeteo,0,28.3
2026-05-30T16:08,Izmir,93501,2026-05-30T12:00,OpenMeteo,0,28.8
2026-05-30T16:08,Izmir,93501,2026-05-30T13:00,OpenMeteo,0,28.7
2026-05-30T16:08,Izmir,93501,2026-05-30T14:00,OpenMeteo,0,27.8
2026-05-30T16:08,Izmir,93501,2026-05-30T15:00,OpenMeteo,0,26.9
2026-05-30T16:08,Izmir,93501,2026-05-30T16:00,OpenMeteo,0,25.7
2026-05-30T16:08,Izmir,93501,2026-05-30T17:00,OpenMeteo,0,24.2
2026-05-30T16:08,Izmir,93501,2026-05-30T18:00,OpenMeteo,0,22.4
2026-05-30T16:08,Izmir,93501,2026-05-30T19:00,OpenMeteo,0,21.5
2026-05-30T16:08,Izmir,93501,2026-05-30T20:00,OpenMeteo,0,18.5
2026-05-30T16:08,Izmir,93501,2026-05-30T21:00,OpenMeteo,0,16.6
2026-05-30T16:08,Izmir,93501,2026-05-30T22:00,OpenMeteo,0,15.6
2026-05-30T16:08,Izmir,93501,2026-05-30T23:00,OpenMeteo,0,15.1
2026-05-30T16:08,Izmir,93501,2026-05-31T00:00,OpenMeteo,0,14.6
2026-05-30T16:08,Izmir,93501,2026-05-31T01:00,OpenMeteo,0,14.0
2026-05-30T16:08,Izmir,93501,2026-05-31T02:00,OpenMeteo,0,14.2
2026-05-30T16:08,Izmir,93501,2026-05-31T03:00,OpenMeteo,0,14.1
2026-05-30T16:08,Izmir,93501,2026-05-31T04:00,OpenMeteo,0,15.3
2026-05-30T16:08,Izmir,93501,2026-05-31T05:00,OpenMeteo,0,19.2
2026-05-30T16:08,Izmir,93501,2026-05-31T06:00,OpenMeteo,0,22.6
2026-05-30T16:08,Izmir,93501,2026-05-31T07:00,OpenMeteo,1,24.5
2026-05-30T16:08,Izmir,93501,2026-05-31T08:00,OpenMeteo,2,26.1
2026-05-30T16:08,Izmir,93501,2026-05-31T09:00,OpenMeteo,0,27.5
2026-05-30T16:08,Izmir,93501,2026-05-31T10:00,OpenMeteo,0,28.9
2026-05-30T16:08,Izmir,93501,2026-05-31T11:00,OpenMeteo,0,29.4
2026-05-30T16:08,Izmir,93501,2026-05-31T12:00,OpenMeteo,0,30.1
2026-05-30T16:08,Izmir,93501,2026-05-31T13:00,OpenMeteo,0,30.4
2026-05-30T16:08,Izmir,93501,2026-05-31T14:00,OpenMeteo,0,29.9
2026-05-30T16:08,Izmir,93501,2026-05-31T15:00,OpenMeteo,0,29.0
2026-05-30T16:08,Izmir,93501,2026-05-31T16:00,OpenMeteo,0,28.1
2026-05-30T16:08,Izmir,93501,2026-05-31T17:00,OpenMeteo,0,26.6
2026-05-30T16:08,Izmir,93501,2026-05-31T18:00,OpenMeteo,0,24.9
2026-05-30T16:08,Izmir,93501,2026-05-31T19:00,OpenMeteo,0,23.5
2026-05-30T16:08,Izmir,93501,2026-05-31T20:00,OpenMeteo,0,21.3
2026-05-30T16:08,Izmir,93501,2026-05-31T21:00,OpenMeteo,0,19.5
2026-05-30T16:08,Izmir,93501,2026-05-31T22:00,OpenMeteo,0,18.6
2026-05-30T16:08,Izmir,93501,2026-05-31T23:00,OpenMeteo,0,18.3
2026-05-30T16:08,Antalya,90701,2026-05-30T18:00,MGM,AB,25
2026-05-30T16:08,Antalya,90701,2026-05-30T21:00,MGM,AB,23
2026-05-30T16:08,Antalya,90701,2026-05-31T00:00,MGM,AB,21
2026-05-30T16:08,Antalya,90701,2026-05-31T03:00,MGM,AB,19
2026-05-30T16:08,Antalya,90701,2026-05-31T06:00,MGM,AB,25
2026-05-30T16:08,Antalya,90701,2026-05-31T09:00,MGM,AB,27
2026-05-30T16:08,Antalya,90701,2026-05-31T12:00,MGM,AB,25
2026-05-30T16:08,Antalya,90701,2026-05-31T15:00,MGM,AB,24
2026-05-30T16:08,Antalya,90701,2026-05-31T18:00,MGM,AB,23
2026-05-30T16:08,Antalya,90701,2026-05-31T21:00,MGM,AB,22
2026-05-30T16:08,Antalya,90701,2026-05-30T00:00,OpenMeteo,0,22.2
2026-05-30T16:08,Antalya,90701,2026-05-30T01:00,OpenMeteo,0,21.6
2026-05-30T16:08,Antalya,90701,2026-05-30T02:00,OpenMeteo,0,21.1
2026-05-30T16:08,Antalya,90701,2026-05-30T03:00,OpenMeteo,0,20.7
2026-05-30T16:08,Antalya,90701,2026-05-30T04:00,OpenMeteo,0,20.9
2026-05-30T16:08,Antalya,90701,2026-05-30T05:00,OpenMeteo,0,22.0
2026-05-30T16:08,Antalya,90701,2026-05-30T06:00,OpenMeteo,0,24.1
2026-05-30T16:08,Antalya,90701,2026-05-30T07:00,OpenMeteo,0,25.6
2026-05-30T16:08,Antalya,90701,2026-05-30T08:00,OpenMeteo,0,27.1
2026-05-30T16:08,Antalya,90701,2026-05-30T09:00,OpenMeteo,0,28.4
2026-05-30T16:08,Antalya,90701,2026-05-30T10:00,OpenMeteo,0,29.3
2026-05-30T16:08,Antalya,90701,2026-05-30T11:00,OpenMeteo,0,29.1
2026-05-30T16:08,Antalya,90701,2026-05-30T12:00,OpenMeteo,0,26.9
2026-05-30T16:08,Antalya,90701,2026-05-30T13:00,OpenMeteo,0,26.2
2026-05-30T16:08,Antalya,90701,2026-05-30T14:00,OpenMeteo,0,25.7
2026-05-30T16:08,Antalya,90701,2026-05-30T15:00,OpenMeteo,0,24.8
2026-05-30T16:08,Antalya,90701,2026-05-30T16:00,OpenMeteo,0,23.9
2026-05-30T16:08,Antalya,90701,2026-05-30T17:00,OpenMeteo,0,23.1
2026-05-30T16:08,Antalya,90701,2026-05-30T18:00,OpenMeteo,0,22.4
2026-05-30T16:08,Antalya,90701,2026-05-30T19:00,OpenMeteo,0,21.8
2026-05-30T16:08,Antalya,90701,2026-05-30T20:00,OpenMeteo,0,21.0
2026-05-30T16:08,Antalya,90701,2026-05-30T21:00,OpenMeteo,0,20.3
2026-05-30T16:08,Antalya,90701,2026-05-30T22:00,OpenMeteo,0,19.6
2026-05-30T16:08,Antalya,90701,2026-05-30T23:00,OpenMeteo,0,18.8
2026-05-30T16:08,Antalya,90701,2026-05-31T00:00,OpenMeteo,0,18.4
2026-05-30T16:08,Antalya,90701,2026-05-31T01:00,OpenMeteo,0,17.9
2026-05-30T16:08,Antalya,90701,2026-05-31T02:00,OpenMeteo,0,17.7
2026-05-30T16:08,Antalya,90701,2026-05-31T03:00,OpenMeteo,0,17.8
2026-05-30T16:08,Antalya,90701,2026-05-31T04:00,OpenMeteo,0,18.5
2026-05-30T16:08,Antalya,90701,2026-05-31T05:00,OpenMeteo,0,20.9
2026-05-30T16:08,Antalya,90701,2026-05-31T06:00,OpenMeteo,0,24.1
2026-05-30T16:08,Antalya,90701,2026-05-31T07:00,OpenMeteo,0,26.0
2026-05-30T16:08,Antalya,90701,2026-05-31T08:00,OpenMeteo,0,25.9
2026-05-30T16:08,Antalya,90701,2026-05-31T09:00,OpenMeteo,0,25.6
2026-05-30T16:08,Antalya,90701,2026-05-31T10:00,OpenMeteo,0,25.7
2026-05-30T16:08,Antalya,90701,2026-05-31T11:00,OpenMeteo,0,25.6
2026-05-30T16:08,Antalya,90701,2026-05-31T12:00,OpenMeteo,1,25.3
2026-05-30T16:08,Antalya,90701,2026-05-31T13:00,OpenMeteo,0,24.9
2026-05-30T16:08,Antalya,90701,2026-05-31T14:00,OpenMeteo,0,24.5
2026-05-30T16:08,Antalya,90701,2026-05-31T15:00,OpenMeteo,1,24.2
2026-05-30T16:08,Antalya,90701,2026-05-31T16:00,OpenMeteo,1,23.7
2026-05-30T16:08,Antalya,90701,2026-05-31T17:00,OpenMeteo,0,23.1
2026-05-30T16:08,Antalya,90701,2026-05-31T18:00,OpenMeteo,1,22.6
2026-05-30T16:08,Antalya,90701,2026-05-31T19:00,OpenMeteo,0,22.0
2026-05-30T16:08,Antalya,90701,2026-05-31T20:00,OpenMeteo,1,21.3
2026-05-30T16:08,Antalya,90701,2026-05-31T21:00,OpenMeteo,1,20.6
2026-05-30T16:08,Antalya,90701,2026-05-31T22:00,OpenMeteo,1,20.1
2026-05-30T16:08,Antalya,90701,2026-05-31T23:00,OpenMeteo,1,19.6
2026-05-30T16:08,Trabzon,96101,2026-05-30T18:00,MGM,PB,17
2026-05-30T16:08,Trabzon,96101,2026-05-30T21:00,MGM,CB,15
2026-05-30T16:08,Trabzon,96101,2026-05-31T00:00,MGM,CB,14
2026-05-30T16:08,Trabzon,96101,2026-05-31T03:00,MGM,SY,12
2026-05-30T16:08,Trabzon,96101,2026-05-31T06:00,MGM,SY,16
2026-05-30T16:08,Trabzon,96101,2026-05-31T09:00,MGM,SY,19
2026-05-30T16:08,Trabzon,96101,2026-05-31T12:00,MGM,PB,20
2026-05-30T16:08,Trabzon,96101,2026-05-31T15:00,MGM,PB,19
2026-05-30T16:08,Trabzon,96101,2026-05-31T18:00,MGM,PB,17
2026-05-30T16:08,Trabzon,96101,2026-05-31T21:00,MGM,PB,15
2026-05-30T16:08,Erzurum,92501,2026-05-30T18:00,MGM,PB,8
2026-05-30T16:08,Erzurum,92501,2026-05-30T21:00,MGM,PB,5
2026-05-30T16:08,Erzurum,92501,2026-05-31T00:00,MGM,PB,2
2026-05-30T16:08,Erzurum,92501,2026-05-31T03:00,MGM,PB,4
2026-05-30T16:08,Erzurum,92501,2026-05-31T06:00,MGM,CB,10
2026-05-30T16:08,Erzurum,92501,2026-05-31T09:00,MGM,CB,12
2026-05-30T16:08,Erzurum,92501,2026-05-31T12:00,MGM,R,13
2026-05-30T16:08,Erzurum,92501,2026-05-31T15:00,MGM,R,15
2026-05-30T16:08,Erzurum,92501,2026-05-31T18:00,MGM,PB,9
2026-05-30T16:08,Erzurum,92501,2026-05-31T21:00,MGM,PB,5
2026-05-30T16:08,Gaziantep,92701,2026-05-30T18:00,MGM,AB,19
2026-05-30T16:08,Gaziantep,92701,2026-05-30T21:00,MGM,AB,17
2026-05-30T16:08,Gaziantep,92701,2026-05-31T00:00,MGM,AB,15
2026-05-30T16:08,Gaziantep,92701,2026-05-31T03:00,MGM,AB,14
2026-05-30T16:08,Gaziantep,92701,2026-05-31T06:00,MGM,AB,22
2026-05-30T16:08,Gaziantep,92701,2026-05-31T09:00,MGM,AB,25
2026-05-30T16:08,Gaziantep,92701,2026-05-31T12:00,MGM,AB,29
2026-05-30T16:08,Gaziantep,92701,2026-05-31T15:00,MGM,AB,27
2026-05-30T16:08,Gaziantep,92701,2026-05-31T18:00,MGM,PB,21
2026-05-30T16:08,Gaziantep,92701,2026-05-31T21:00,MGM,PB,18
2026-05-30T16:08,Gaziantep,92701,2026-05-30T00:00,OpenMeteo,2,15.8
2026-05-30T16:08,Gaziantep,92701,2026-05-30T01:00,OpenMeteo,0,15.3
2026-05-30T16:08,Gaziantep,92701,2026-05-30T02:00,OpenMeteo,0,14.8
2026-05-30T16:08,Gaziantep,92701,2026-05-30T03:00,OpenMeteo,0,14.4
2026-05-30T16:08,Gaziantep,92701,2026-05-30T04:00,OpenMeteo,0,15.4
2026-05-30T16:08,Gaziantep,92701,2026-05-30T05:00,OpenMeteo,0,16.8
2026-05-30T16:08,Gaziantep,92701,2026-05-30T06:00,OpenMeteo,1,18.3
2026-05-30T16:08,Gaziantep,92701,2026-05-30T07:00,OpenMeteo,0,19.5
2026-05-30T16:08,Gaziantep,92701,2026-05-30T08:00,OpenMeteo,0,20.9
2026-05-30T16:08,Gaziantep,92701,2026-05-30T09:00,OpenMeteo,0,22.2
2026-05-30T16:08,Gaziantep,92701,2026-05-30T10:00,OpenMeteo,0,23.2
2026-05-30T16:08,Gaziantep,92701,2026-05-30T11:00,OpenMeteo,2,24.0
2026-05-30T16:08,Gaziantep,92701,2026-05-30T12:00,OpenMeteo,1,24.6
2026-05-30T16:08,Gaziantep,92701,2026-05-30T13:00,OpenMeteo,0,24.5
2026-05-30T16:08,Gaziantep,92701,2026-05-30T14:00,OpenMeteo,0,23.8
2026-05-30T16:08,Gaziantep,92701,2026-05-30T15:00,OpenMeteo,0,22.9
2026-05-30T16:08,Gaziantep,92701,2026-05-30T16:00,OpenMeteo,0,21.8
2026-05-30T16:08,Gaziantep,92701,2026-05-30T17:00,OpenMeteo,0,19.9
2026-05-30T16:08,Gaziantep,92701,2026-05-30T18:00,OpenMeteo,0,18.5
2026-05-30T16:08,Gaziantep,92701,2026-05-30T19:00,OpenMeteo,0,17.1
2026-05-30T16:08,Gaziantep,92701,2026-05-30T20:00,OpenMeteo,0,16.2
2026-05-30T16:08,Gaziantep,92701,2026-05-30T21:00,OpenMeteo,0,15.5
2026-05-30T16:08,Gaziantep,92701,2026-05-30T22:00,OpenMeteo,0,15.0
2026-05-30T16:08,Gaziantep,92701,2026-05-30T23:00,OpenMeteo,0,14.6
2026-05-30T16:08,Gaziantep,92701,2026-05-31T00:00,OpenMeteo,0,14.1
2026-05-30T16:08,Gaziantep,92701,2026-05-31T01:00,OpenMeteo,0,14.0
2026-05-30T16:08,Gaziantep,92701,2026-05-31T02:00,OpenMeteo,0,14.1
2026-05-30T16:08,Gaziantep,92701,2026-05-31T03:00,OpenMeteo,0,13.5
2026-05-30T16:08,Gaziantep,92701,2026-05-31T04:00,OpenMeteo,0,15.9
2026-05-30T16:08,Gaziantep,92701,2026-05-31T05:00,OpenMeteo,0,18.1
2026-05-30T16:08,Gaziantep,92701,2026-05-31T06:00,OpenMeteo,0,19.8
2026-05-30T16:08,Gaziantep,92701,2026-05-31T07:00,OpenMeteo,0,21.5
2026-05-30T16:08,Gaziantep,92701,2026-05-31T08:00,OpenMeteo,0,22.9
2026-05-30T16:08,Gaziantep,92701,2026-05-31T09:00,OpenMeteo,0,24.1
2026-05-30T16:08,Gaziantep,92701,2026-05-31T10:00,OpenMeteo,0,25.2
2026-05-30T16:08,Gaziantep,92701,2026-05-31T11:00,OpenMeteo,1,26.0
2026-05-30T16:08,Gaziantep,92701,2026-05-31T12:00,OpenMeteo,1,26.4
2026-05-30T16:08,Gaziantep,92701,2026-05-31T13:00,OpenMeteo,1,26.5
2026-05-30T16:08,Gaziantep,92701,2026-05-31T14:00,OpenMeteo,1,26.1
2026-05-30T16:08,Gaziantep,92701,2026-05-31T15:00,OpenMeteo,1,25.5
2026-05-30T16:08,Gaziantep,92701,2026-05-31T16:00,OpenMeteo,1,24.8
2026-05-30T16:08,Gaziantep,92701,2026-05-31T17:00,OpenMeteo,1,22.6
2026-05-30T16:08,Gaziantep,92701,2026-05-31T18:00,OpenMeteo,1,20.9
2026-05-30T16:08,Gaziantep,92701,2026-05-31T19:00,OpenMeteo,0,19.1
2026-05-30T16:08,Gaziantep,92701,2026-05-31T20:00,OpenMeteo,0,17.6
2026-05-30T16:08,Gaziantep,92701,2026-05-31T21:00,OpenMeteo,0,16.5
2026-05-30T16:08,Gaziantep,92701,2026-05-31T22:00,OpenMeteo,0,15.6
2026-05-30T16:08,Gaziantep,92701,2026-05-31T23:00,OpenMeteo,0,14.6
2026-05-30T19:26,Istanbul,93401,2026-05-30T21:00,MGM,PB,20
2026-05-30T19:26,Istanbul,93401,2026-05-31T00:00,MGM,AB,18
2026-05-30T19:26,Istanbul,93401,2026-05-31T03:00,MGM,AB,17
2026-05-30T19:26,Istanbul,93401,2026-05-31T06:00,MGM,AB,21
2026-05-30T19:26,Istanbul,93401,2026-05-31T09:00,MGM,AB,22
2026-05-30T19:26,Istanbul,93401,2026-05-31T12:00,MGM,PB,25
2026-05-30T19:26,Istanbul,93401,2026-05-31T15:00,MGM,PB,26
2026-05-30T19:26,Istanbul,93401,2026-05-31T18:00,MGM,PB,23
2026-05-30T19:26,Istanbul,93401,2026-05-31T21:00,MGM,PB,22
2026-05-30T19:26,Istanbul,93401,2026-05-30T00:00,OpenMeteo,0,13.4
2026-05-30T19:26,Istanbul,93401,2026-05-30T01:00,OpenMeteo,0,13.2
2026-05-30T19:26,Istanbul,93401,2026-05-30T02:00,OpenMeteo,0,13.0
2026-05-30T19:26,Istanbul,93401,2026-05-30T03:00,OpenMeteo,0,13.1
2026-05-30T19:26,Istanbul,93401,2026-05-30T04:00,OpenMeteo,0,13.9
2026-05-30T19:26,Istanbul,93401,2026-05-30T05:00,OpenMeteo,1,16.1
2026-05-30T19:26,Istanbul,93401,2026-05-30T06:00,OpenMeteo,1,17.9
2026-05-30T19:26,Istanbul,93401,2026-05-30T07:00,OpenMeteo,1,19.0
2026-05-30T19:26,Istanbul,93401,2026-05-30T08:00,OpenMeteo,1,19.7
2026-05-30T19:26,Istanbul,93401,2026-05-30T09:00,OpenMeteo,0,19.8
2026-05-30T19:26,Istanbul,93401,2026-05-30T10:00,OpenMeteo,0,20.5
2026-05-30T19:26,Istanbul,93401,2026-05-30T11:00,OpenMeteo,0,21.3
2026-05-30T19:26,Istanbul,93401,2026-05-30T12:00,OpenMeteo,2,21.4
2026-05-30T19:26,Istanbul,93401,2026-05-30T13:00,OpenMeteo,1,21.6
2026-05-30T19:26,Istanbul,93401,2026-05-30T14:00,OpenMeteo,0,21.4
2026-05-30T19:26,Istanbul,93401,2026-05-30T15:00,OpenMeteo,3,21.4
2026-05-30T19:26,Istanbul,93401,2026-05-30T16:00,OpenMeteo,3,20.9
2026-05-30T19:26,Istanbul,93401,2026-05-30T17:00,OpenMeteo,0,20.3
2026-05-30T19:26,Istanbul,93401,2026-05-30T18:00,OpenMeteo,0,19.3
2026-05-30T19:26,Istanbul,93401,2026-05-30T19:00,OpenMeteo,1,18.7
2026-05-30T19:26,Istanbul,93401,2026-05-30T20:00,OpenMeteo,1,18.3
2026-05-30T19:26,Istanbul,93401,2026-05-30T21:00,OpenMeteo,1,17.8
2026-05-30T19:26,Istanbul,93401,2026-05-30T22:00,OpenMeteo,1,17.3
2026-05-30T19:26,Istanbul,93401,2026-05-30T23:00,OpenMeteo,1,17.0
2026-05-30T19:26,Istanbul,93401,2026-05-31T00:00,OpenMeteo,1,17.0
2026-05-30T19:26,Istanbul,93401,2026-05-31T01:00,OpenMeteo,0,17.0
2026-05-30T19:26,Istanbul,93401,2026-05-31T02:00,OpenMeteo,0,17.0
2026-05-30T19:26,Istanbul,93401,2026-05-31T03:00,OpenMeteo,0,17.0
2026-05-30T19:26,Istanbul,93401,2026-05-31T04:00,OpenMeteo,0,17.7
2026-05-30T19:26,Istanbul,93401,2026-05-31T05:00,OpenMeteo,2,19.1
2026-05-30T19:26,Istanbul,93401,2026-05-31T06:00,OpenMeteo,3,20.3
2026-05-30T19:26,Istanbul,93401,2026-05-31T07:00,OpenMeteo,3,21.0
2026-05-30T19:26,Istanbul,93401,2026-05-31T08:00,OpenMeteo,3,21.5
2026-05-30T19:26,Istanbul,93401,2026-05-31T09:00,OpenMeteo,3,21.9
2026-05-30T19:26,Istanbul,93401,2026-05-31T10:00,OpenMeteo,3,21.4
2026-05-30T19:26,Istanbul,93401,2026-05-31T11:00,OpenMeteo,2,22.3
2026-05-30T19:26,Istanbul,93401,2026-05-31T12:00,OpenMeteo,2,23.2
2026-05-30T19:26,Istanbul,93401,2026-05-31T13:00,OpenMeteo,3,23.5
2026-05-30T19:26,Istanbul,93401,2026-05-31T14:00,OpenMeteo,3,23.6
2026-05-30T19:26,Istanbul,93401,2026-05-31T15:00,OpenMeteo,3,23.1
2026-05-30T19:26,Istanbul,93401,2026-05-31T16:00,OpenMeteo,3,22.2
2026-05-30T19:26,Istanbul,93401,2026-05-31T17:00,OpenMeteo,3,21.4
2026-05-30T19:26,Istanbul,93401,2026-05-31T18:00,OpenMeteo,3,20.5
2026-05-30T19:26,Istanbul,93401,2026-05-31T19:00,OpenMeteo,3,19.9
2026-05-30T19:26,Istanbul,93401,2026-05-31T20:00,OpenMeteo,1,19.5
2026-05-30T19:26,Istanbul,93401,2026-05-31T21:00,OpenMeteo,2,19.3
2026-05-30T19:26,Istanbul,93401,2026-05-31T22:00,OpenMeteo,2,18.6
2026-05-30T19:26,Istanbul,93401,2026-05-31T23:00,OpenMeteo,1,18.3
2026-05-30T19:26,Izmir,93501,2026-05-30T21:00,MGM,AB,20
2026-05-30T19:26,Izmir,93501,2026-05-31T00:00,MGM,AB,19
2026-05-30T19:26,Izmir,93501,2026-05-31T03:00,MGM,AB,16
2026-05-30T19:26,Izmir,93501,2026-05-31T06:00,MGM,AB,23
2026-05-30T19:26,Izmir,93501,2026-05-31T09:00,MGM,AB,28
2026-05-30T19:26,Izmir,93501,2026-05-31T12:00,MGM,AB,31
2026-05-30T19:26,Izmir,93501,2026-05-31T15:00,MGM,AB,30
2026-05-30T19:26,Izmir,93501,2026-05-31T18:00,MGM,AB,25
2026-05-30T19:26,Izmir,93501,2026-05-31T21:00,MGM,AB,23
2026-05-30T19:26,Izmir,93501,2026-05-30T00:00,OpenMeteo,0,15.8
2026-05-30T19:26,Izmir,93501,2026-05-30T01:00,OpenMeteo,0,14.6
2026-05-30T19:26,Izmir,93501,2026-05-30T02:00,OpenMeteo,0,13.8
2026-05-30T19:26,Izmir,93501,2026-05-30T03:00,OpenMeteo,0,13.5
2026-05-30T19:26,Izmir,93501,2026-05-30T04:00,OpenMeteo,0,14.1
2026-05-30T19:26,Izmir,93501,2026-05-30T05:00,OpenMeteo,0,17.4
2026-05-30T19:26,Izmir,93501,2026-05-30T06:00,OpenMeteo,0,21.4
2026-05-30T19:26,Izmir,93501,2026-05-30T07:00,OpenMeteo,0,23.4
2026-05-30T19:26,Izmir,93501,2026-05-30T08:00,OpenMeteo,0,24.9
2026-05-30T19:26,Izmir,93501,2026-05-30T09:00,OpenMeteo,0,26.3
2026-05-30T19:26,Izmir,93501,2026-05-30T10:00,OpenMeteo,0,27.4
2026-05-30T19:26,Izmir,93501,2026-05-30T11:00,OpenMeteo,0,28.3
2026-05-30T19:26,Izmir,93501,2026-05-30T12:00,OpenMeteo,0,28.8
2026-05-30T19:26,Izmir,93501,2026-05-30T13:00,OpenMeteo,0,28.7
2026-05-30T19:26,Izmir,93501,2026-05-30T14:00,OpenMeteo,0,27.8
2026-05-30T19:26,Izmir,93501,2026-05-30T15:00,OpenMeteo,0,27.1
2026-05-30T19:26,Izmir,93501,2026-05-30T16:00,OpenMeteo,0,25.8
2026-05-30T19:26,Izmir,93501,2026-05-30T17:00,OpenMeteo,0,24.3
2026-05-30T19:26,Izmir,93501,2026-05-30T18:00,OpenMeteo,0,22.5
2026-05-30T19:26,Izmir,93501,2026-05-30T19:00,OpenMeteo,0,21.6
2026-05-30T19:26,Izmir,93501,2026-05-30T20:00,OpenMeteo,0,18.2
2026-05-30T19:26,Izmir,93501,2026-05-30T21:00,OpenMeteo,0,16.5
2026-05-30T19:26,Izmir,93501,2026-05-30T22:00,OpenMeteo,0,15.5
2026-05-30T19:26,Izmir,93501,2026-05-30T23:00,OpenMeteo,0,14.8
2026-05-30T19:26,Izmir,93501,2026-05-31T00:00,OpenMeteo,0,14.3
2026-05-30T19:26,Izmir,93501,2026-05-31T01:00,OpenMeteo,0,13.9
2026-05-30T19:26,Izmir,93501,2026-05-31T02:00,OpenMeteo,0,14.1
2026-05-30T19:26,Izmir,93501,2026-05-31T03:00,OpenMeteo,0,14.2
2026-05-30T19:26,Izmir,93501,2026-05-31T04:00,OpenMeteo,0,15.4
2026-05-30T19:26,Izmir,93501,2026-05-31T05:00,OpenMeteo,1,19.3
2026-05-30T19:26,Izmir,93501,2026-05-31T06:00,OpenMeteo,0,22.7
2026-05-30T19:26,Izmir,93501,2026-05-31T07:00,OpenMeteo,0,24.7
2026-05-30T19:26,Izmir,93501,2026-05-31T08:00,OpenMeteo,0,26.4
2026-05-30T19:26,Izmir,93501,2026-05-31T09:00,OpenMeteo,0,27.7
2026-05-30T19:26,Izmir,93501,2026-05-31T10:00,OpenMeteo,0,29.0
2026-05-30T19:26,Izmir,93501,2026-05-31T11:00,OpenMeteo,1,29.9
2026-05-30T19:26,Izmir,93501,2026-05-31T12:00,OpenMeteo,0,30.3
2026-05-30T19:26,Izmir,93501,2026-05-31T13:00,OpenMeteo,0,30.5
2026-05-30T19:26,Izmir,93501,2026-05-31T14:00,OpenMeteo,0,30.0
2026-05-30T19:26,Izmir,93501,2026-05-31T15:00,OpenMeteo,0,29.0
2026-05-30T19:26,Izmir,93501,2026-05-31T16:00,OpenMeteo,0,28.1
2026-05-30T19:26,Izmir,93501,2026-05-31T17:00,OpenMeteo,0,26.5
2026-05-30T19:26,Izmir,93501,2026-05-31T18:00,OpenMeteo,0,24.9
2026-05-30T19:26,Izmir,93501,2026-05-31T19:00,OpenMeteo,0,23.4
2026-05-30T19:26,Izmir,93501,2026-05-31T20:00,OpenMeteo,0,21.0
2026-05-30T19:26,Izmir,93501,2026-05-31T21:00,OpenMeteo,0,19.5
2026-05-30T19:26,Izmir,93501,2026-05-31T22:00,OpenMeteo,0,18.6
2026-05-30T19:26,Izmir,93501,2026-05-31T23:00,OpenMeteo,0,18.3
2026-05-30T19:26,Ankara,90601,2026-05-30T21:00,MGM,AB,13
2026-05-30T19:26,Ankara,90601,2026-05-31T00:00,MGM,A,10
2026-05-30T19:26,Ankara,90601,2026-05-31T03:00,MGM,A,10
2026-05-30T19:26,Ankara,90601,2026-05-31T06:00,MGM,A,16
2026-05-30T19:26,Ankara,90601,2026-05-31T09:00,MGM,PB,19
2026-05-30T19:26,Ankara,90601,2026-05-31T12:00,MGM,PB,23
2026-05-30T19:26,Ankara,90601,2026-05-31T15:00,MGM,PB,21
2026-05-30T19:26,Ankara,90601,2026-05-31T18:00,MGM,PB,18
2026-05-30T19:26,Ankara,90601,2026-05-31T21:00,MGM,PB,15
2026-05-30T19:26,Trabzon,96101,2026-05-30T21:00,MGM,CB,15
2026-05-30T19:26,Trabzon,96101,2026-05-31T00:00,MGM,CB,14
2026-05-30T19:26,Trabzon,96101,2026-05-31T03:00,MGM,SY,12
2026-05-30T19:26,Trabzon,96101,2026-05-31T06:00,MGM,SY,16
2026-05-30T19:26,Trabzon,96101,2026-05-31T09:00,MGM,SY,19
2026-05-30T19:26,Trabzon,96101,2026-05-31T12:00,MGM,PB,20
2026-05-30T19:26,Trabzon,96101,2026-05-31T15:00,MGM,PB,19
2026-05-30T19:26,Trabzon,96101,2026-05-31T18:00,MGM,PB,17
2026-05-30T19:26,Trabzon,96101,2026-05-31T21:00,MGM,PB,15
2026-05-30T19:26,Trabzon,96101,2026-05-30T00:00,OpenMeteo,3,12.9
2026-05-30T19:26,Trabzon,96101,2026-05-30T01:00,OpenMeteo,2,12.6
2026-05-30T19:26,Trabzon,96101,2026-05-30T02:00,OpenMeteo,2,12.3
2026-05-30T19:26,Trabzon,96101,2026-05-30T03:00,OpenMeteo,0,12.2
2026-05-30T19:26,Trabzon,96101,2026-05-30T04:00,OpenMeteo,0,13.9
2026-05-30T19:26,Trabzon,96101,2026-05-30T05:00,OpenMeteo,0,14.6
2026-05-30T19:26,Trabzon,96101,2026-05-30T06:00,OpenMeteo,0,15.7
2026-05-30T19:26,Trabzon,96101,2026-05-30T07:00,OpenMeteo,0,16.2
2026-05-30T19:26,Trabzon,96101,2026-05-30T08:00,OpenMeteo,1,16.8
2026-05-30T19:26,Trabzon,96101,2026-05-30T09:00,OpenMeteo,0,17.1
2026-05-30T19:26,Trabzon,96101,2026-05-30T10:00,OpenMeteo,0,17.5
2026-05-30T19:26,Trabzon,96101,2026-05-30T11:00,OpenMeteo,2,17.5
2026-05-30T19:26,Trabzon,96101,2026-05-30T12:00,OpenMeteo,2,17.1
2026-05-30T19:26,Trabzon,96101,2026-05-30T13:00,OpenMeteo,2,17.0
2026-05-30T19:26,Trabzon,96101,2026-05-30T14:00,OpenMeteo,2,17.1
2026-05-30T19:26,Trabzon,96101,2026-05-30T15:00,OpenMeteo,1,17.2
2026-05-30T19:26,Trabzon,96101,2026-05-30T16:00,OpenMeteo,0,16.8
2026-05-30T19:26,Trabzon,96101,2026-05-30T17:00,OpenMeteo,2,16.2
2026-05-30T19:26,Trabzon,96101,2026-05-30T18:00,OpenMeteo,1,14.4
2026-05-30T19:26,Trabzon,96101,2026-05-30T19:00,OpenMeteo,1,13.7
2026-05-30T19:26,Trabzon,96101,2026-05-30T20:00,OpenMeteo,1,13.3
2026-05-30T19:26,Trabzon,96101,2026-05-30T21:00,OpenMeteo,2,13.0
2026-05-30T19:26,Trabzon,96101,2026-05-30T22:00,OpenMeteo,3,13.1
2026-05-30T19:26,Trabzon,96101,2026-05-30T23:00,OpenMeteo,3,13.4
2026-05-30T19:26,Trabzon,96101,2026-05-31T00:00,OpenMeteo,3,13.7
2026-05-30T19:26,Trabzon,96101,2026-05-31T01:00,OpenMeteo,3,15.7
2026-05-30T19:26,Trabzon,96101,2026-05-31T02:00,OpenMeteo,3,15.5
2026-05-30T19:26,Trabzon,96101,2026-05-31T03:00,OpenMeteo,2,16.6
2026-05-30T19:26,Trabzon,96101,2026-05-31T04:00,OpenMeteo,2,17.3
2026-05-30T19:26,Trabzon,96101,2026-05-31T05:00,OpenMeteo,2,19.1
2026-05-30T19:26,Trabzon,96101,2026-05-31T06:00,OpenMeteo,2,18.9
2026-05-30T19:26,Trabzon,96101,2026-05-31T07:00,OpenMeteo,1,18.4
2026-05-30T19:26,Trabzon,96101,2026-05-31T08:00,OpenMeteo,1,18.4
2026-05-30T19:26,Trabzon,96101,2026-05-31T09:00,OpenMeteo,1,18.2
2026-05-30T19:26,Trabzon,96101,2026-05-31T10:00,OpenMeteo,1,18.3
2026-05-30T19:26,Trabzon,96101,2026-05-31T11:00,OpenMeteo,1,18.6
2026-05-30T19:26,Trabzon,96101,2026-05-31T12:00,OpenMeteo,1,18.7
2026-05-30T19:26,Trabzon,96101,2026-05-31T13:00,OpenMeteo,1,18.8
2026-05-30T19:26,Trabzon,96101,2026-05-31T14:00,OpenMeteo,1,18.8
2026-05-30T19:26,Trabzon,96101,2026-05-31T15:00,OpenMeteo,0,18.7
2026-05-30T19:26,Trabzon,96101,2026-05-31T16:00,OpenMeteo,0,18.5
2026-05-30T19:26,Trabzon,96101,2026-05-31T17:00,OpenMeteo,0,18.0
2026-05-30T19:26,Trabzon,96101,2026-05-31T18:00,OpenMeteo,0,16.6
2026-05-30T19:26,Trabzon,96101,2026-05-31T19:00,OpenMeteo,0,15.8
2026-05-30T19:26,Trabzon,96101,2026-05-31T20:00,OpenMeteo,2,15.7
2026-05-30T19:26,Trabzon,96101,2026-05-31T21:00,OpenMeteo,2,15.3
2026-05-30T19:26,Trabzon,96101,2026-05-31T22:00,OpenMeteo,1,14.7
2026-05-30T19:26,Trabzon,96101,2026-05-31T23:00,OpenMeteo,0,14.5
2026-05-30T19:26,Erzurum,92501,2026-05-30T21:00,MGM,PB,5
2026-05-30T19:26,Erzurum,92501,2026-05-31T00:00,MGM,PB,2
2026-05-30T19:26,Erzurum,92501,2026-05-31T03:00,MGM,PB,4
2026-05-30T19:26,Erzurum,92501,2026-05-31T06:00,MGM,CB,10
2026-05-30T19:26,Erzurum,92501,2026-05-31T09:00,MGM,CB,12
2026-05-30T19:26,Erzurum,92501,2026-05-31T12:00,MGM,R,13
2026-05-30T19:26,Erzurum,92501,2026-05-31T15:00,MGM,R,15
2026-05-30T19:26,Erzurum,92501,2026-05-31T18:00,MGM,PB,9
2026-05-30T19:26,Erzurum,92501,2026-05-31T21:00,MGM,PB,5
2026-05-30T19:26,Erzurum,92501,2026-05-30T00:00,OpenMeteo,2,5.8
2026-05-30T19:26,Erzurum,92501,2026-05-30T01:00,OpenMeteo,2,5.4
2026-05-30T19:26,Erzurum,92501,2026-05-30T02:00,OpenMeteo,2,4.5
2026-05-30T19:26,Erzurum,92501,2026-05-30T03:00,OpenMeteo,1,4.0
2026-05-30T19:26,Erzurum,92501,2026-05-30T04:00,OpenMeteo,0,4.5
2026-05-30T19:26,Erzurum,92501,2026-05-30T05:00,OpenMeteo,2,5.4
2026-05-30T19:26,Erzurum,92501,2026-05-30T06:00,OpenMeteo,1,6.4
2026-05-30T19:26,Erzurum,92501,2026-05-30T07:00,OpenMeteo,1,7.6
2026-05-30T19:26,Erzurum,92501,2026-05-30T08:00,OpenMeteo,1,8.8
2026-05-30T19:26,Erzurum,92501,2026-05-30T09:00,OpenMeteo,0,10.0
2026-05-30T19:26,Erzurum,92501,2026-05-30T10:00,OpenMeteo,0,10.9
2026-05-30T19:26,Erzurum,92501,2026-05-30T11:00,OpenMeteo,0,11.8
2026-05-30T19:26,Erzurum,92501,2026-05-30T12:00,OpenMeteo,0,11.5
2026-05-30T19:26,Erzurum,92501,2026-05-30T13:00,OpenMeteo,3,11.7
2026-05-30T19:26,Erzurum,92501,2026-05-30T14:00,OpenMeteo,0,11.1
2026-05-30T19:26,Erzurum,92501,2026-05-30T15:00,OpenMeteo,0,10.2
2026-05-30T19:26,Erzurum,92501,2026-05-30T16:00,OpenMeteo,0,9.2
2026-05-30T19:26,Erzurum,92501,2026-05-30T17:00,OpenMeteo,1,7.3
2026-05-30T19:26,Erzurum,92501,2026-05-30T18:00,OpenMeteo,2,5.9
2026-05-30T19:26,Erzurum,92501,2026-05-30T19:00,OpenMeteo,2,5.2
2026-05-30T19:26,Erzurum,92501,2026-05-30T20:00,OpenMeteo,2,4.4
2026-05-30T19:26,Erzurum,92501,2026-05-30T21:00,OpenMeteo,1,3.8
2026-05-30T19:26,Erzurum,92501,2026-05-30T22:00,OpenMeteo,0,3.1
2026-05-30T19:26,Erzurum,92501,2026-05-30T23:00,OpenMeteo,0,2.2
2026-05-30T19:26,Erzurum,92501,2026-05-31T00:00,OpenMeteo,1,1.9
2026-05-30T19:26,Erzurum,92501,2026-05-31T01:00,OpenMeteo,0,1.6
2026-05-30T19:26,Erzurum,92501,2026-05-31T02:00,OpenMeteo,1,1.3
2026-05-30T19:26,Erzurum,92501,2026-05-31T03:00,OpenMeteo,1,2.0
2026-05-30T19:26,Erzurum,92501,2026-05-31T04:00,OpenMeteo,2,3.5
2026-05-30T19:26,Erzurum,92501,2026-05-31T05:00,OpenMeteo,2,5.5
2026-05-30T19:26,Erzurum,92501,2026-05-31T06:00,OpenMeteo,2,7.8
2026-05-30T19:26,Erzurum,92501,2026-05-31T07:00,OpenMeteo,1,9.6
2026-05-30T19:26,Erzurum,92501,2026-05-31T08:00,OpenMeteo,3,10.6
2026-05-30T19:26,Erzurum,92501,2026-05-31T09:00,OpenMeteo,2,11.5
2026-05-30T19:26,Erzurum,92501,2026-05-31T10:00,OpenMeteo,3,12.2
2026-05-30T19:26,Erzurum,92501,2026-05-31T11:00,OpenMeteo,3,13.0
2026-05-30T19:26,Erzurum,92501,2026-05-31T12:00,OpenMeteo,3,12.8
2026-05-30T19:26,Erzurum,92501,2026-05-31T13:00,OpenMeteo,1,12.8
2026-05-30T19:26,Erzurum,92501,2026-05-31T14:00,OpenMeteo,1,12.6
2026-05-30T19:26,Erzurum,92501,2026-05-31T15:00,OpenMeteo,0,12.2
2026-05-30T19:26,Erzurum,92501,2026-05-31T16:00,OpenMeteo,0,10.7
2026-05-30T19:26,Erzurum,92501,2026-05-31T17:00,OpenMeteo,0,8.7
2026-05-30T19:26,Erzurum,92501,2026-05-31T18:00,OpenMeteo,0,6.9
2026-05-30T19:26,Erzurum,92501,2026-05-31T19:00,OpenMeteo,0,5.8
2026-05-30T19:26,Erzurum,92501,2026-05-31T20:00,OpenMeteo,0,4.9
2026-05-30T19:26,Erzurum,92501,2026-05-31T21:00,OpenMeteo,1,4.0
2026-05-30T19:26,Erzurum,92501,2026-05-31T22:00,OpenMeteo,1,3.4
2026-05-30T19:26,Erzurum,92501,2026-05-31T23:00,OpenMeteo,0,2.8
2026-05-30T19:26,Gaziantep,92701,2026-05-30T21:00,MGM,AB,17
2026-05-30T19:26,Gaziantep,92701,2026-05-31T00:00,MGM,AB,15
2026-05-30T19:26,Gaziantep,92701,2026-05-31T03:00,MGM,AB,14
2026-05-30T19:26,Gaziantep,92701,2026-05-31T06:00,MGM,AB,22
2026-05-30T19:26,Gaziantep,92701,2026-05-31T09:00,MGM,AB,25
2026-05-30T19:26,Gaziantep,92701,2026-05-31T12:00,MGM,AB,29
2026-05-30T19:26,Gaziantep,92701,2026-05-31T15:00,MGM,AB,27
2026-05-30T19:26,Gaziantep,92701,2026-05-31T18:00,MGM,PB,21
2026-05-30T19:26,Gaziantep,92701,2026-05-31T21:00,MGM,PB,18
2026-05-30T19:26,Gaziantep,92701,2026-05-30T00:00,OpenMeteo,2,15.8
2026-05-30T19:26,Gaziantep,92701,2026-05-30T01:00,OpenMeteo,0,15.3
2026-05-30T19:26,Gaziantep,92701,2026-05-30T02:00,OpenMeteo,0,14.8
2026-05-30T19:26,Gaziantep,92701,2026-05-30T03:00,OpenMeteo,0,14.4
2026-05-30T19:26,Gaziantep,92701,2026-05-30T04:00,OpenMeteo,0,15.4
2026-05-30T19:26,Gaziantep,92701,2026-05-30T05:00,OpenMeteo,0,16.8
2026-05-30T19:26,Gaziantep,92701,2026-05-30T06:00,OpenMeteo,1,18.3
2026-05-30T19:26,Gaziantep,92701,2026-05-30T07:00,OpenMeteo,0,19.5
2026-05-30T19:26,Gaziantep,92701,2026-05-30T08:00,OpenMeteo,0,20.9
2026-05-30T19:26,Gaziantep,92701,2026-05-30T09:00,OpenMeteo,0,22.2
2026-05-30T19:26,Gaziantep,92701,2026-05-30T10:00,OpenMeteo,0,23.2
2026-05-30T19:26,Gaziantep,92701,2026-05-30T11:00,OpenMeteo,2,24.0
2026-05-30T19:26,Gaziantep,92701,2026-05-30T12:00,OpenMeteo,1,24.6
2026-05-30T19:26,Gaziantep,92701,2026-05-30T13:00,OpenMeteo,0,24.5
2026-05-30T19:26,Gaziantep,92701,2026-05-30T14:00,OpenMeteo,0,23.8
2026-05-30T19:26,Gaziantep,92701,2026-05-30T15:00,OpenMeteo,0,23.0
2026-05-30T19:26,Gaziantep,92701,2026-05-30T16:00,OpenMeteo,0,21.9
2026-05-30T19:26,Gaziantep,92701,2026-05-30T17:00,OpenMeteo,0,20.0
2026-05-30T19:26,Gaziantep,92701,2026-05-30T18:00,OpenMeteo,0,18.7
2026-05-30T19:26,Gaziantep,92701,2026-05-30T19:00,OpenMeteo,0,17.3
2026-05-30T19:26,Gaziantep,92701,2026-05-30T20:00,OpenMeteo,0,16.3
2026-05-30T19:26,Gaziantep,92701,2026-05-30T21:00,OpenMeteo,0,15.5
2026-05-30T19:26,Gaziantep,92701,2026-05-30T22:00,OpenMeteo,0,15.0
2026-05-30T19:26,Gaziantep,92701,2026-05-30T23:00,OpenMeteo,0,14.7
2026-05-30T19:26,Gaziantep,92701,2026-05-31T00:00,OpenMeteo,0,14.1
2026-05-30T19:26,Gaziantep,92701,2026-05-31T01:00,OpenMeteo,0,13.7
2026-05-30T19:26,Gaziantep,92701,2026-05-31T02:00,OpenMeteo,0,13.7
2026-05-30T19:26,Gaziantep,92701,2026-05-31T03:00,OpenMeteo,0,13.4
2026-05-30T19:26,Gaziantep,92701,2026-05-31T04:00,OpenMeteo,0,15.9
2026-05-30T19:26,Gaziantep,92701,2026-05-31T05:00,OpenMeteo,0,18.3
2026-05-30T19:26,Gaziantep,92701,2026-05-31T06:00,OpenMeteo,0,20.0
2026-05-30T19:26,Gaziantep,92701,2026-05-31T07:00,OpenMeteo,0,21.5
2026-05-30T19:26,Gaziantep,92701,2026-05-31T08:00,OpenMeteo,0,23.0
2026-05-30T19:26,Gaziantep,92701,2026-05-31T09:00,OpenMeteo,0,24.2
2026-05-30T19:26,Gaziantep,92701,2026-05-31T10:00,OpenMeteo,0,25.1
2026-05-30T19:26,Gaziantep,92701,2026-05-31T11:00,OpenMeteo,1,26.0
2026-05-30T19:26,Gaziantep,92701,2026-05-31T12:00,OpenMeteo,1,26.4
2026-05-30T19:26,Gaziantep,92701,2026-05-31T13:00,OpenMeteo,1,26.4
2026-05-30T19:26,Gaziantep,92701,2026-05-31T14:00,OpenMeteo,2,26.0
2026-05-30T19:26,Gaziantep,92701,2026-05-31T15:00,OpenMeteo,1,25.4
2026-05-30T19:26,Gaziantep,92701,2026-05-31T16:00,OpenMeteo,1,24.8
2026-05-30T19:26,Gaziantep,92701,2026-05-31T17:00,OpenMeteo,1,22.5
2026-05-30T19:26,Gaziantep,92701,2026-05-31T18:00,OpenMeteo,1,20.9
2026-05-30T19:26,Gaziantep,92701,2026-05-31T19:00,OpenMeteo,0,19.2
2026-05-30T19:26,Gaziantep,92701,2026-05-31T20:00,OpenMeteo,0,17.7
2026-05-30T19:26,Gaziantep,92701,2026-05-31T21:00,OpenMeteo,0,16.3
2026-05-30T19:26,Gaziantep,92701,2026-05-31T22:00,OpenMeteo,0,15.6
2026-05-30T19:26,Gaziantep,92701,2026-05-31T23:00,OpenMeteo,0,14.6
2026-05-30T22:04,Istanbul,93401,2026-05-31T00:00,MGM,AB,18
2026-05-30T22:04,Istanbul,93401,2026-05-31T03:00,MGM,AB,17
2026-05-30T22:04,Istanbul,93401,2026-05-31T06:00,MGM,AB,21
2026-05-30T22:04,Istanbul,93401,2026-05-31T09:00,MGM,AB,22
2026-05-30T22:04,Istanbul,93401,2026-05-31T12:00,MGM,PB,25
2026-05-30T22:04,Istanbul,93401,2026-05-31T15:00,MGM,PB,26
2026-05-30T22:04,Istanbul,93401,2026-05-31T18:00,MGM,PB,23
2026-05-30T22:04,Istanbul,93401,2026-05-31T21:00,MGM,PB,22
2026-05-30T22:04,Istanbul,93401,2026-05-30T00:00,OpenMeteo,0,13.4
2026-05-30T22:04,Istanbul,93401,2026-05-30T01:00,OpenMeteo,0,13.2
2026-05-30T22:04,Istanbul,93401,2026-05-30T02:00,OpenMeteo,0,13.0
2026-05-30T22:04,Istanbul,93401,2026-05-30T03:00,OpenMeteo,0,13.1
2026-05-30T22:04,Istanbul,93401,2026-05-30T04:00,OpenMeteo,0,13.9
2026-05-30T22:04,Istanbul,93401,2026-05-30T05:00,OpenMeteo,1,16.1
2026-05-30T22:04,Istanbul,93401,2026-05-30T06:00,OpenMeteo,1,17.9
2026-05-30T22:04,Istanbul,93401,2026-05-30T07:00,OpenMeteo,1,19.0
2026-05-30T22:04,Istanbul,93401,2026-05-30T08:00,OpenMeteo,1,19.7
2026-05-30T22:04,Istanbul,93401,2026-05-30T09:00,OpenMeteo,0,19.8
2026-05-30T22:04,Istanbul,93401,2026-05-30T10:00,OpenMeteo,0,20.5
2026-05-30T22:04,Istanbul,93401,2026-05-30T11:00,OpenMeteo,0,21.3
2026-05-30T22:04,Istanbul,93401,2026-05-30T12:00,OpenMeteo,2,21.4
2026-05-30T22:04,Istanbul,93401,2026-05-30T13:00,OpenMeteo,1,21.6
2026-05-30T22:04,Istanbul,93401,2026-05-30T14:00,OpenMeteo,0,21.4
2026-05-30T22:04,Istanbul,93401,2026-05-30T15:00,OpenMeteo,3,21.4
2026-05-30T22:04,Istanbul,93401,2026-05-30T16:00,OpenMeteo,3,20.9
2026-05-30T22:04,Istanbul,93401,2026-05-30T17:00,OpenMeteo,0,20.3
2026-05-30T22:04,Istanbul,93401,2026-05-30T18:00,OpenMeteo,0,19.6
2026-05-30T22:04,Istanbul,93401,2026-05-30T19:00,OpenMeteo,0,18.9
2026-05-30T22:04,Istanbul,93401,2026-05-30T20:00,OpenMeteo,2,18.4
2026-05-30T22:04,Istanbul,93401,2026-05-30T21:00,OpenMeteo,1,18.1
2026-05-30T22:04,Istanbul,93401,2026-05-30T22:00,OpenMeteo,1,17.4
2026-05-30T22:04,Istanbul,93401,2026-05-30T23:00,OpenMeteo,1,17.0
2026-05-30T22:04,Istanbul,93401,2026-05-31T00:00,OpenMeteo,1,16.9
2026-05-30T22:04,Istanbul,93401,2026-05-31T01:00,OpenMeteo,1,16.8
2026-05-30T22:04,Istanbul,93401,2026-05-31T02:00,OpenMeteo,0,16.8
2026-05-30T22:04,Istanbul,93401,2026-05-31T03:00,OpenMeteo,0,16.9
2026-05-30T22:04,Istanbul,93401,2026-05-31T04:00,OpenMeteo,1,17.5
2026-05-30T22:04,Istanbul,93401,2026-05-31T05:00,OpenMeteo,1,19.0
2026-05-30T22:04,Istanbul,93401,2026-05-31T06:00,OpenMeteo,3,20.0
2026-05-30T22:04,Istanbul,93401,2026-05-31T07:00,OpenMeteo,3,20.7
2026-05-30T22:04,Istanbul,93401,2026-05-31T08:00,OpenMeteo,1,21.7
2026-05-30T22:04,Istanbul,93401,2026-05-31T09:00,OpenMeteo,3,22.6
2026-05-30T22:04,Istanbul,93401,2026-05-31T10:00,OpenMeteo,2,22.7
2026-05-30T22:04,Istanbul,93401,2026-05-31T11:00,OpenMeteo,2,23.0
2026-05-30T22:04,Istanbul,93401,2026-05-31T12:00,OpenMeteo,3,23.2
2026-05-30T22:04,Istanbul,93401,2026-05-31T13:00,OpenMeteo,3,23.6
2026-05-30T22:04,Istanbul,93401,2026-05-31T14:00,OpenMeteo,3,23.7
2026-05-30T22:04,Istanbul,93401,2026-05-31T15:00,OpenMeteo,3,23.2
2026-05-30T22:04,Istanbul,93401,2026-05-31T16:00,OpenMeteo,3,22.2
2026-05-30T22:04,Istanbul,93401,2026-05-31T17:00,OpenMeteo,3,21.3
2026-05-30T22:04,Istanbul,93401,2026-05-31T18:00,OpenMeteo,3,20.2
2026-05-30T22:04,Istanbul,93401,2026-05-31T19:00,OpenMeteo,3,19.7
2026-05-30T22:04,Istanbul,93401,2026-05-31T20:00,OpenMeteo,1,19.4
2026-05-30T22:04,Istanbul,93401,2026-05-31T21:00,OpenMeteo,1,19.1
2026-05-30T22:04,Istanbul,93401,2026-05-31T22:00,OpenMeteo,1,18.8
2026-05-30T22:04,Istanbul,93401,2026-05-31T23:00,OpenMeteo,2,18.5
2026-05-30T22:04,Izmir,93501,2026-05-31T00:00,MGM,AB,19
2026-05-30T22:04,Izmir,93501,2026-05-31T03:00,MGM,AB,16
2026-05-30T22:04,Izmir,93501,2026-05-31T06:00,MGM,AB,23
2026-05-30T22:04,Izmir,93501,2026-05-31T09:00,MGM,AB,28
2026-05-30T22:04,Izmir,93501,2026-05-31T12:00,MGM,AB,31
2026-05-30T22:04,Izmir,93501,2026-05-31T15:00,MGM,AB,30
2026-05-30T22:04,Izmir,93501,2026-05-31T18:00,MGM,AB,25
2026-05-30T22:04,Izmir,93501,2026-05-31T21:00,MGM,AB,23
2026-05-30T22:04,Izmir,93501,2026-05-30T00:00,OpenMeteo,0,15.8
2026-05-30T22:04,Izmir,93501,2026-05-30T01:00,OpenMeteo,0,14.6
2026-05-30T22:04,Izmir,93501,2026-05-30T02:00,OpenMeteo,0,13.8
2026-05-30T22:04,Izmir,93501,2026-05-30T03:00,OpenMeteo,0,13.5
2026-05-30T22:04,Izmir,93501,2026-05-30T04:00,OpenMeteo,0,14.1
2026-05-30T22:04,Izmir,93501,2026-05-30T05:00,OpenMeteo,0,17.4
2026-05-30T22:04,Izmir,93501,2026-05-30T06:00,OpenMeteo,0,21.4
2026-05-30T22:04,Izmir,93501,2026-05-30T07:00,OpenMeteo,0,23.4
2026-05-30T22:04,Izmir,93501,2026-05-30T08:00,OpenMeteo,0,24.9
2026-05-30T22:04,Izmir,93501,2026-05-30T09:00,OpenMeteo,0,26.3
2026-05-30T22:04,Izmir,93501,2026-05-30T10:00,OpenMeteo,0,27.4
2026-05-30T22:04,Izmir,93501,2026-05-30T11:00,OpenMeteo,0,28.3
2026-05-30T22:04,Izmir,93501,2026-05-30T12:00,OpenMeteo,0,28.8
2026-05-30T22:04,Izmir,93501,2026-05-30T13:00,OpenMeteo,0,28.7
2026-05-30T22:04,Izmir,93501,2026-05-30T14:00,OpenMeteo,0,27.8
2026-05-30T22:04,Izmir,93501,2026-05-30T15:00,OpenMeteo,0,27.1
2026-05-30T22:04,Izmir,93501,2026-05-30T16:00,OpenMeteo,0,25.8
2026-05-30T22:04,Izmir,93501,2026-05-30T17:00,OpenMeteo,0,24.3
2026-05-30T22:04,Izmir,93501,2026-05-30T18:00,OpenMeteo,0,22.4
2026-05-30T22:04,Izmir,93501,2026-05-30T19:00,OpenMeteo,0,21.5
2026-05-30T22:04,Izmir,93501,2026-05-30T20:00,OpenMeteo,0,18.6
2026-05-30T22:04,Izmir,93501,2026-05-30T21:00,OpenMeteo,0,16.5
2026-05-30T22:04,Izmir,93501,2026-05-30T22:00,OpenMeteo,0,15.5
2026-05-30T22:04,Izmir,93501,2026-05-30T23:00,OpenMeteo,0,14.7
2026-05-30T22:04,Izmir,93501,2026-05-31T00:00,OpenMeteo,0,13.9
2026-05-30T22:04,Izmir,93501,2026-05-31T01:00,OpenMeteo,0,13.9
2026-05-30T22:04,Izmir,93501,2026-05-31T02:00,OpenMeteo,0,14.1
2026-05-30T22:04,Izmir,93501,2026-05-31T03:00,OpenMeteo,0,14.0
2026-05-30T22:04,Izmir,93501,2026-05-31T04:00,OpenMeteo,0,15.2
2026-05-30T22:04,Izmir,93501,2026-05-31T05:00,OpenMeteo,1,19.1
2026-05-30T22:04,Izmir,93501,2026-05-31T06:00,OpenMeteo,1,22.7
2026-05-30T22:04,Izmir,93501,2026-05-31T07:00,OpenMeteo,1,24.7
2026-05-30T22:04,Izmir,93501,2026-05-31T08:00,OpenMeteo,0,26.5
2026-05-30T22:04,Izmir,93501,2026-05-31T09:00,OpenMeteo,1,27.9
2026-05-30T22:04,Izmir,93501,2026-05-31T10:00,OpenMeteo,1,28.9
2026-05-30T22:04,Izmir,93501,2026-05-31T11:00,OpenMeteo,3,29.1
2026-05-30T22:04,Izmir,93501,2026-05-31T12:00,OpenMeteo,1,29.8
2026-05-30T22:04,Izmir,93501,2026-05-31T13:00,OpenMeteo,0,30.2
2026-05-30T22:04,Izmir,93501,2026-05-31T14:00,OpenMeteo,0,29.9
2026-05-30T22:04,Izmir,93501,2026-05-31T15:00,OpenMeteo,0,29.0
2026-05-30T22:04,Izmir,93501,2026-05-31T16:00,OpenMeteo,1,28.1
2026-05-30T22:04,Izmir,93501,2026-05-31T17:00,OpenMeteo,3,26.7
2026-05-30T22:04,Izmir,93501,2026-05-31T18:00,OpenMeteo,0,24.8
2026-05-30T22:04,Izmir,93501,2026-05-31T19:00,OpenMeteo,0,23.2
2026-05-30T22:04,Izmir,93501,2026-05-31T20:00,OpenMeteo,0,21.1
2026-05-30T22:04,Izmir,93501,2026-05-31T21:00,OpenMeteo,0,19.5
2026-05-30T22:04,Izmir,93501,2026-05-31T22:00,OpenMeteo,0,18.1
2026-05-30T22:04,Izmir,93501,2026-05-31T23:00,OpenMeteo,0,17.8
2026-05-30T22:04,Ankara,90601,2026-05-31T00:00,MGM,A,10
2026-05-30T22:04,Ankara,90601,2026-05-31T03:00,MGM,A,10
2026-05-30T22:04,Ankara,90601,2026-05-31T06:00,MGM,A,16
2026-05-30T22:04,Ankara,90601,2026-05-31T09:00,MGM,PB,19
2026-05-30T22:04,Ankara,90601,2026-05-31T12:00,MGM,PB,23
2026-05-30T22:04,Ankara,90601,2026-05-31T15:00,MGM,PB,21
2026-05-30T22:04,Ankara,90601,2026-05-31T18:00,MGM,PB,18
2026-05-30T22:04,Ankara,90601,2026-05-31T21:00,MGM,PB,15
2026-05-30T22:04,Trabzon,96101,2026-05-31T00:00,MGM,CB,14
2026-05-30T22:04,Trabzon,96101,2026-05-31T03:00,MGM,SY,12
2026-05-30T22:04,Trabzon,96101,2026-05-31T06:00,MGM,SY,16
2026-05-30T22:04,Trabzon,96101,2026-05-31T09:00,MGM,SY,19
2026-05-30T22:04,Trabzon,96101,2026-05-31T12:00,MGM,PB,20
2026-05-30T22:04,Trabzon,96101,2026-05-31T15:00,MGM,PB,19
2026-05-30T22:04,Trabzon,96101,2026-05-31T18:00,MGM,PB,17
2026-05-30T22:04,Trabzon,96101,2026-05-31T21:00,MGM,PB,15
2026-05-30T22:04,Trabzon,96101,2026-05-30T00:00,OpenMeteo,3,12.9
2026-05-30T22:04,Trabzon,96101,2026-05-30T01:00,OpenMeteo,2,12.6
2026-05-30T22:04,Trabzon,96101,2026-05-30T02:00,OpenMeteo,2,12.3
2026-05-30T22:04,Trabzon,96101,2026-05-30T03:00,OpenMeteo,0,12.2
2026-05-30T22:04,Trabzon,96101,2026-05-30T04:00,OpenMeteo,0,13.9
2026-05-30T22:04,Trabzon,96101,2026-05-30T05:00,OpenMeteo,0,14.6
2026-05-30T22:04,Trabzon,96101,2026-05-30T06:00,OpenMeteo,0,15.7
2026-05-30T22:04,Trabzon,96101,2026-05-30T07:00,OpenMeteo,0,16.2
2026-05-30T22:04,Trabzon,96101,2026-05-30T08:00,OpenMeteo,1,16.8
2026-05-30T22:04,Trabzon,96101,2026-05-30T09:00,OpenMeteo,0,17.1
2026-05-30T22:04,Trabzon,96101,2026-05-30T10:00,OpenMeteo,0,17.5
2026-05-30T22:04,Trabzon,96101,2026-05-30T11:00,OpenMeteo,2,17.5
2026-05-30T22:04,Trabzon,96101,2026-05-30T12:00,OpenMeteo,2,17.1
2026-05-30T22:04,Trabzon,96101,2026-05-30T13:00,OpenMeteo,2,17.0
2026-05-30T22:04,Trabzon,96101,2026-05-30T14:00,OpenMeteo,2,17.1
2026-05-30T22:04,Trabzon,96101,2026-05-30T15:00,OpenMeteo,1,17.2
2026-05-30T22:04,Trabzon,96101,2026-05-30T16:00,OpenMeteo,0,16.8
2026-05-30T22:04,Trabzon,96101,2026-05-30T17:00,OpenMeteo,2,16.2
2026-05-30T22:04,Trabzon,96101,2026-05-30T18:00,OpenMeteo,1,14.3
2026-05-30T22:04,Trabzon,96101,2026-05-30T19:00,OpenMeteo,0,13.6
2026-05-30T22:04,Trabzon,96101,2026-05-30T20:00,OpenMeteo,1,13.1
2026-05-30T22:04,Trabzon,96101,2026-05-30T21:00,OpenMeteo,2,12.7
2026-05-30T22:04,Trabzon,96101,2026-05-30T22:00,OpenMeteo,3,12.6
2026-05-30T22:04,Trabzon,96101,2026-05-30T23:00,OpenMeteo,3,13.0
2026-05-30T22:04,Trabzon,96101,2026-05-31T00:00,OpenMeteo,2,13.3
2026-05-30T22:04,Trabzon,96101,2026-05-31T01:00,OpenMeteo,80,16.2
2026-05-30T22:04,Trabzon,96101,2026-05-31T02:00,OpenMeteo,3,15.8
2026-05-30T22:04,Trabzon,96101,2026-05-31T03:00,OpenMeteo,2,15.5
2026-05-30T22:04,Trabzon,96101,2026-05-31T04:00,OpenMeteo,2,15.7
2026-05-30T22:04,Trabzon,96101,2026-05-31T05:00,OpenMeteo,2,17.7
2026-05-30T22:04,Trabzon,96101,2026-05-31T06:00,OpenMeteo,2,18.0
2026-05-30T22:04,Trabzon,96101,2026-05-31T07:00,OpenMeteo,1,18.4
2026-05-30T22:04,Trabzon,96101,2026-05-31T08:00,OpenMeteo,2,18.3
2026-05-30T22:04,Trabzon,96101,2026-05-31T09:00,OpenMeteo,2,18.2
2026-05-30T22:04,Trabzon,96101,2026-05-31T10:00,OpenMeteo,2,18.1
2026-05-30T22:04,Trabzon,96101,2026-05-31T11:00,OpenMeteo,2,18.3
2026-05-30T22:04,Trabzon,96101,2026-05-31T12:00,OpenMeteo,2,18.4
2026-05-30T22:04,Trabzon,96101,2026-05-31T13:00,OpenMeteo,1,18.5
2026-05-30T22:04,Trabzon,96101,2026-05-31T14:00,OpenMeteo,1,18.4
2026-05-30T22:04,Trabzon,96101,2026-05-31T15:00,OpenMeteo,0,18.2
2026-05-30T22:04,Trabzon,96101,2026-05-31T16:00,OpenMeteo,0,18.0
2026-05-30T22:04,Trabzon,96101,2026-05-31T17:00,OpenMeteo,0,17.5
2026-05-30T22:04,Trabzon,96101,2026-05-31T18:00,OpenMeteo,0,16.3
2026-05-30T22:04,Trabzon,96101,2026-05-31T19:00,OpenMeteo,1,15.6
2026-05-30T22:04,Trabzon,96101,2026-05-31T20:00,OpenMeteo,1,15.2
2026-05-30T22:04,Trabzon,96101,2026-05-31T21:00,OpenMeteo,3,15.1
2026-05-30T22:04,Trabzon,96101,2026-05-31T22:00,OpenMeteo,1,14.9
2026-05-30T22:04,Trabzon,96101,2026-05-31T23:00,OpenMeteo,0,14.4
2026-05-30T22:04,Erzurum,92501,2026-05-31T00:00,MGM,PB,2
2026-05-30T22:04,Erzurum,92501,2026-05-31T03:00,MGM,PB,4
2026-05-30T22:04,Erzurum,92501,2026-05-31T06:00,MGM,CB,10
2026-05-30T22:04,Erzurum,92501,2026-05-31T09:00,MGM,CB,12
2026-05-30T22:04,Erzurum,92501,2026-05-31T12:00,MGM,R,13
2026-05-30T22:04,Erzurum,92501,2026-05-31T15:00,MGM,R,15
2026-05-30T22:04,Erzurum,92501,2026-05-31T18:00,MGM,PB,9
2026-05-30T22:04,Erzurum,92501,2026-05-31T21:00,MGM,PB,5
2026-05-30T22:04,Erzurum,92501,2026-05-30T00:00,OpenMeteo,2,5.8
2026-05-30T22:04,Erzurum,92501,2026-05-30T01:00,OpenMeteo,2,5.4
2026-05-30T22:04,Erzurum,92501,2026-05-30T02:00,OpenMeteo,2,4.5
2026-05-30T22:04,Erzurum,92501,2026-05-30T03:00,OpenMeteo,1,4.0
2026-05-30T22:04,Erzurum,92501,2026-05-30T04:00,OpenMeteo,0,4.5
2026-05-30T22:04,Erzurum,92501,2026-05-30T05:00,OpenMeteo,2,5.4
2026-05-30T22:04,Erzurum,92501,2026-05-30T06:00,OpenMeteo,1,6.4
2026-05-30T22:04,Erzurum,92501,2026-05-30T07:00,OpenMeteo,1,7.6
2026-05-30T22:04,Erzurum,92501,2026-05-30T08:00,OpenMeteo,1,8.8
2026-05-30T22:04,Erzurum,92501,2026-05-30T09:00,OpenMeteo,0,10.0
2026-05-30T22:04,Erzurum,92501,2026-05-30T10:00,OpenMeteo,0,10.9
2026-05-30T22:04,Erzurum,92501,2026-05-30T11:00,OpenMeteo,0,11.8
2026-05-30T22:04,Erzurum,92501,2026-05-30T12:00,OpenMeteo,0,11.5
2026-05-30T22:04,Erzurum,92501,2026-05-30T13:00,OpenMeteo,3,11.7
2026-05-30T22:04,Erzurum,92501,2026-05-30T14:00,OpenMeteo,0,11.1
2026-05-30T22:04,Erzurum,92501,2026-05-30T15:00,OpenMeteo,0,10.2
2026-05-30T22:04,Erzurum,92501,2026-05-30T16:00,OpenMeteo,0,9.2
2026-05-30T22:04,Erzurum,92501,2026-05-30T17:00,OpenMeteo,1,7.3
2026-05-30T22:04,Erzurum,92501,2026-05-30T18:00,OpenMeteo,2,5.7
2026-05-30T22:04,Erzurum,92501,2026-05-30T19:00,OpenMeteo,2,4.9
2026-05-30T22:04,Erzurum,92501,2026-05-30T20:00,OpenMeteo,2,4.4
2026-05-30T22:04,Erzurum,92501,2026-05-30T21:00,OpenMeteo,1,3.7
2026-05-30T22:04,Erzurum,92501,2026-05-30T22:00,OpenMeteo,0,2.9
2026-05-30T22:04,Erzurum,92501,2026-05-30T23:00,OpenMeteo,1,2.1
2026-05-30T22:04,Erzurum,92501,2026-05-31T00:00,OpenMeteo,1,1.8
2026-05-30T22:04,Erzurum,92501,2026-05-31T01:00,OpenMeteo,0,1.5
2026-05-30T22:04,Erzurum,92501,2026-05-31T02:00,OpenMeteo,1,1.2
2026-05-30T22:04,Erzurum,92501,2026-05-31T03:00,OpenMeteo,1,1.8
2026-05-30T22:04,Erzurum,92501,2026-05-31T04:00,OpenMeteo,2,3.2
2026-05-30T22:04,Erzurum,92501,2026-05-31T05:00,OpenMeteo,2,5.3
2026-05-30T22:04,Erzurum,92501,2026-05-31T06:00,OpenMeteo,2,8.0
2026-05-30T22:04,Erzurum,92501,2026-05-31T07:00,OpenMeteo,1,9.7
2026-05-30T22:04,Erzurum,92501,2026-05-31T08:00,OpenMeteo,2,10.6
2026-05-30T22:04,Erzurum,92501,2026-05-31T09:00,OpenMeteo,2,11.6
2026-05-30T22:04,Erzurum,92501,2026-05-31T10:00,OpenMeteo,2,12.2
2026-05-30T22:04,Erzurum,92501,2026-05-31T11:00,OpenMeteo,2,12.9
2026-05-30T22:04,Erzurum,92501,2026-05-31T12:00,OpenMeteo,2,13.0
2026-05-30T22:04,Erzurum,92501,2026-05-31T13:00,OpenMeteo,2,13.0
2026-05-30T22:04,Erzurum,92501,2026-05-31T14:00,OpenMeteo,1,12.7
2026-05-30T22:04,Erzurum,92501,2026-05-31T15:00,OpenMeteo,0,12.1
2026-05-30T22:04,Erzurum,92501,2026-05-31T16:00,OpenMeteo,0,10.7
2026-05-30T22:04,Erzurum,92501,2026-05-31T17:00,OpenMeteo,1,8.7
2026-05-30T22:04,Erzurum,92501,2026-05-31T18:00,OpenMeteo,0,6.8
2026-05-30T22:04,Erzurum,92501,2026-05-31T19:00,OpenMeteo,0,5.7
2026-05-30T22:04,Erzurum,92501,2026-05-31T20:00,OpenMeteo,0,4.8
2026-05-30T22:04,Erzurum,92501,2026-05-31T21:00,OpenMeteo,0,3.9
2026-05-30T22:04,Erzurum,92501,2026-05-31T22:00,OpenMeteo,1,3.2
2026-05-30T22:04,Erzurum,92501,2026-05-31T23:00,OpenMeteo,1,2.5
2026-05-30T22:04,Gaziantep,92701,2026-05-31T00:00,MGM,AB,15
2026-05-30T22:04,Gaziantep,92701,2026-05-31T03:00,MGM,AB,14
2026-05-30T22:04,Gaziantep,92701,2026-05-31T06:00,MGM,AB,22
2026-05-30T22:04,Gaziantep,92701,2026-05-31T09:00,MGM,AB,25
2026-05-30T22:04,Gaziantep,92701,2026-05-31T12:00,MGM,AB,29
2026-05-30T22:04,Gaziantep,92701,2026-05-31T15:00,MGM,AB,27
2026-05-30T22:04,Gaziantep,92701,2026-05-31T18:00,MGM,PB,21
2026-05-30T22:04,Gaziantep,92701,2026-05-31T21:00,MGM,PB,18
2026-05-30T22:04,Gaziantep,92701,2026-05-30T00:00,OpenMeteo,2,15.8
2026-05-30T22:04,Gaziantep,92701,2026-05-30T01:00,OpenMeteo,0,15.3
2026-05-30T22:04,Gaziantep,92701,2026-05-30T02:00,OpenMeteo,0,14.8
2026-05-30T22:04,Gaziantep,92701,2026-05-30T03:00,OpenMeteo,0,14.4
2026-05-30T22:04,Gaziantep,92701,2026-05-30T04:00,OpenMeteo,0,15.4
2026-05-30T22:04,Gaziantep,92701,2026-05-30T05:00,OpenMeteo,0,16.8
2026-05-30T22:04,Gaziantep,92701,2026-05-30T06:00,OpenMeteo,1,18.3
2026-05-30T22:04,Gaziantep,92701,2026-05-30T07:00,OpenMeteo,0,19.5
2026-05-30T22:04,Gaziantep,92701,2026-05-30T08:00,OpenMeteo,0,20.9
2026-05-30T22:04,Gaziantep,92701,2026-05-30T09:00,OpenMeteo,0,22.2
2026-05-30T22:04,Gaziantep,92701,2026-05-30T10:00,OpenMeteo,0,23.2
2026-05-30T22:04,Gaziantep,92701,2026-05-30T11:00,OpenMeteo,2,24.0
2026-05-30T22:04,Gaziantep,92701,2026-05-30T12:00,OpenMeteo,1,24.6
2026-05-30T22:04,Gaziantep,92701,2026-05-30T13:00,OpenMeteo,0,24.5
2026-05-30T22:04,Gaziantep,92701,2026-05-30T14:00,OpenMeteo,0,23.8
2026-05-30T22:04,Gaziantep,92701,2026-05-30T15:00,OpenMeteo,0,23.0
2026-05-30T22:04,Gaziantep,92701,2026-05-30T16:00,OpenMeteo,0,21.9
2026-05-30T22:04,Gaziantep,92701,2026-05-30T17:00,OpenMeteo,0,20.0
2026-05-30T22:04,Gaziantep,92701,2026-05-30T18:00,OpenMeteo,0,18.5
2026-05-30T22:04,Gaziantep,92701,2026-05-30T19:00,OpenMeteo,0,17.2
2026-05-30T22:04,Gaziantep,92701,2026-05-30T20:00,OpenMeteo,0,16.2
2026-05-30T22:04,Gaziantep,92701,2026-05-30T21:00,OpenMeteo,0,15.3
2026-05-30T22:04,Gaziantep,92701,2026-05-30T22:00,OpenMeteo,0,14.9
2026-05-30T22:04,Gaziantep,92701,2026-05-30T23:00,OpenMeteo,0,14.4
2026-05-30T22:04,Gaziantep,92701,2026-05-31T00:00,OpenMeteo,0,14.1
2026-05-30T22:04,Gaziantep,92701,2026-05-31T01:00,OpenMeteo,0,13.9
2026-05-30T22:04,Gaziantep,92701,2026-05-31T02:00,OpenMeteo,0,13.8
2026-05-30T22:04,Gaziantep,92701,2026-05-31T03:00,OpenMeteo,0,13.5
2026-05-30T22:04,Gaziantep,92701,2026-05-31T04:00,OpenMeteo,0,15.8
2026-05-30T22:04,Gaziantep,92701,2026-05-31T05:00,OpenMeteo,0,18.2
2026-05-30T22:04,Gaziantep,92701,2026-05-31T06:00,OpenMeteo,0,20.0
2026-05-30T22:04,Gaziantep,92701,2026-05-31T07:00,OpenMeteo,0,21.4
2026-05-30T22:04,Gaziantep,92701,2026-05-31T08:00,OpenMeteo,0,22.9
2026-05-30T22:04,Gaziantep,92701,2026-05-31T09:00,OpenMeteo,0,24.2
2026-05-30T22:04,Gaziantep,92701,2026-05-31T10:00,OpenMeteo,0,25.2
2026-05-30T22:04,Gaziantep,92701,2026-05-31T11:00,OpenMeteo,1,26.0
2026-05-30T22:04,Gaziantep,92701,2026-05-31T12:00,OpenMeteo,1,26.4
2026-05-30T22:04,Gaziantep,92701,2026-05-31T13:00,OpenMeteo,1,26.4
2026-05-30T22:04,Gaziantep,92701,2026-05-31T14:00,OpenMeteo,2,25.9
2026-05-30T22:04,Gaziantep,92701,2026-05-31T15:00,OpenMeteo,1,25.4
2026-05-30T22:04,Gaziantep,92701,2026-05-31T16:00,OpenMeteo,1,24.6
2026-05-30T22:04,Gaziantep,92701,2026-05-31T17:00,OpenMeteo,1,22.5
2026-05-30T22:04,Gaziantep,92701,2026-05-31T18:00,OpenMeteo,0,21.0
2026-05-30T22:04,Gaziantep,92701,2026-05-31T19:00,OpenMeteo,0,19.3
2026-05-30T22:04,Gaziantep,92701,2026-05-31T20:00,OpenMeteo,0,17.9
2026-05-30T22:04,Gaziantep,92701,2026-05-31T21:00,OpenMeteo,0,16.5
2026-05-30T22:04,Gaziantep,92701,2026-05-31T22:00,OpenMeteo,0,15.5
2026-05-30T22:04,Gaziantep,92701,2026-05-31T23:00,OpenMeteo,0,14.7
2026-05-31T04:24,Istanbul,93401,2026-05-31T06:00,MGM,AB,21
2026-05-31T04:24,Istanbul,93401,2026-05-31T09:00,MGM,AB,22
2026-05-31T04:24,Istanbul,93401,2026-05-31T12:00,MGM,PB,25
2026-05-31T04:24,Istanbul,93401,2026-05-31T15:00,MGM,PB,26
2026-05-31T04:24,Istanbul,93401,2026-05-31T18:00,MGM,PB,23
2026-05-31T04:24,Istanbul,93401,2026-05-31T21:00,MGM,PB,22
2026-05-31T04:24,Istanbul,93401,2026-05-31T00:00,OpenMeteo,1,16.7
2026-05-31T04:24,Istanbul,93401,2026-05-31T01:00,OpenMeteo,1,16.4
2026-05-31T04:24,Istanbul,93401,2026-05-31T02:00,OpenMeteo,0,16.4
2026-05-31T04:24,Istanbul,93401,2026-05-31T03:00,OpenMeteo,1,16.5
2026-05-31T04:24,Istanbul,93401,2026-05-31T04:00,OpenMeteo,1,17.2
2026-05-31T04:24,Istanbul,93401,2026-05-31T05:00,OpenMeteo,1,18.6
2026-05-31T04:24,Istanbul,93401,2026-05-31T06:00,OpenMeteo,3,19.7
2026-05-31T04:24,Istanbul,93401,2026-05-31T07:00,OpenMeteo,3,20.4
2026-05-31T04:24,Istanbul,93401,2026-05-31T08:00,OpenMeteo,2,21.4
2026-05-31T04:24,Istanbul,93401,2026-05-31T09:00,OpenMeteo,3,21.9
2026-05-31T04:24,Istanbul,93401,2026-05-31T10:00,OpenMeteo,2,21.7
2026-05-31T04:24,Istanbul,93401,2026-05-31T11:00,OpenMeteo,3,21.9
2026-05-31T04:24,Istanbul,93401,2026-05-31T12:00,OpenMeteo,2,21.9
2026-05-31T04:24,Istanbul,93401,2026-05-31T13:00,OpenMeteo,2,22.7
2026-05-31T04:24,Istanbul,93401,2026-05-31T14:00,OpenMeteo,3,22.8
2026-05-31T04:24,Istanbul,93401,2026-05-31T15:00,OpenMeteo,3,22.3
2026-05-31T04:24,Istanbul,93401,2026-05-31T16:00,OpenMeteo,3,21.6
2026-05-31T04:24,Istanbul,93401,2026-05-31T17:00,OpenMeteo,1,20.9
2026-05-31T04:24,Istanbul,93401,2026-05-31T18:00,OpenMeteo,3,19.9
2026-05-31T04:24,Istanbul,93401,2026-05-31T19:00,OpenMeteo,2,19.5
2026-05-31T04:24,Istanbul,93401,2026-05-31T20:00,OpenMeteo,3,19.0
2026-05-31T04:24,Istanbul,93401,2026-05-31T21:00,OpenMeteo,1,18.7
2026-05-31T04:24,Istanbul,93401,2026-05-31T22:00,OpenMeteo,1,18.3
2026-05-31T04:24,Istanbul,93401,2026-05-31T23:00,OpenMeteo,1,18.2
2026-05-31T04:24,Istanbul,93401,2026-06-01T00:00,OpenMeteo,1,18.1
2026-05-31T04:24,Istanbul,93401,2026-06-01T01:00,OpenMeteo,1,17.8
2026-05-31T04:24,Istanbul,93401,2026-06-01T02:00,OpenMeteo,1,17.5
2026-05-31T04:24,Istanbul,93401,2026-06-01T03:00,OpenMeteo,1,17.4
2026-05-31T04:24,Istanbul,93401,2026-06-01T04:00,OpenMeteo,1,17.9
2026-05-31T04:24,Istanbul,93401,2026-06-01T05:00,OpenMeteo,1,19.5
2026-05-31T04:24,Istanbul,93401,2026-06-01T06:00,OpenMeteo,2,20.8
2026-05-31T04:24,Istanbul,93401,2026-06-01T07:00,OpenMeteo,2,21.9
2026-05-31T04:24,Istanbul,93401,2026-06-01T08:00,OpenMeteo,2,22.7
2026-05-31T04:24,Istanbul,93401,2026-06-01T09:00,OpenMeteo,1,23.6
2026-05-31T04:24,Istanbul,93401,2026-06-01T10:00,OpenMeteo,1,24.4
2026-05-31T04:24,Istanbul,93401,2026-06-01T11:00,OpenMeteo,0,25.0
2026-05-31T04:24,Istanbul,93401,2026-06-01T12:00,OpenMeteo,0,25.5
2026-05-31T04:24,Istanbul,93401,2026-06-01T13:00,OpenMeteo,1,25.9
2026-05-31T04:24,Istanbul,93401,2026-06-01T14:00,OpenMeteo,0,26.2
2026-05-31T04:24,Istanbul,93401,2026-06-01T15:00,OpenMeteo,1,25.9
2026-05-31T04:24,Istanbul,93401,2026-06-01T16:00,OpenMeteo,1,24.8
2026-05-31T04:24,Istanbul,93401,2026-06-01T17:00,OpenMeteo,1,23.2
2026-05-31T04:24,Istanbul,93401,2026-06-01T18:00,OpenMeteo,1,21.9
2026-05-31T04:24,Istanbul,93401,2026-06-01T19:00,OpenMeteo,1,21.2
2026-05-31T04:24,Istanbul,93401,2026-06-01T20:00,OpenMeteo,3,20.8
2026-05-31T04:24,Istanbul,93401,2026-06-01T21:00,OpenMeteo,3,20.5
2026-05-31T04:24,Istanbul,93401,2026-06-01T22:00,OpenMeteo,3,20.3
2026-05-31T04:24,Istanbul,93401,2026-06-01T23:00,OpenMeteo,2,19.8
2026-05-31T04:24,Izmir,93501,2026-05-31T06:00,MGM,AB,23
2026-05-31T04:24,Izmir,93501,2026-05-31T09:00,MGM,AB,28
2026-05-31T04:24,Izmir,93501,2026-05-31T12:00,MGM,AB,31
2026-05-31T04:24,Izmir,93501,2026-05-31T15:00,MGM,AB,30
2026-05-31T04:24,Izmir,93501,2026-05-31T18:00,MGM,AB,25
2026-05-31T04:24,Izmir,93501,2026-05-31T21:00,MGM,AB,23
2026-05-31T04:24,Izmir,93501,2026-05-31T00:00,OpenMeteo,0,14.2
2026-05-31T04:24,Izmir,93501,2026-05-31T01:00,OpenMeteo,0,13.8
2026-05-31T04:24,Izmir,93501,2026-05-31T02:00,OpenMeteo,0,13.7
2026-05-31T04:24,Izmir,93501,2026-05-31T03:00,OpenMeteo,0,13.6
2026-05-31T04:24,Izmir,93501,2026-05-31T04:00,OpenMeteo,0,14.7
2026-05-31T04:24,Izmir,93501,2026-05-31T05:00,OpenMeteo,1,18.9
2026-05-31T04:24,Izmir,93501,2026-05-31T06:00,OpenMeteo,1,22.4
2026-05-31T04:24,Izmir,93501,2026-05-31T07:00,OpenMeteo,1,24.1
2026-05-31T04:24,Izmir,93501,2026-05-31T08:00,OpenMeteo,1,25.7
2026-05-31T04:24,Izmir,93501,2026-05-31T09:00,OpenMeteo,2,27.2
2026-05-31T04:24,Izmir,93501,2026-05-31T10:00,OpenMeteo,2,28.7
2026-05-31T04:24,Izmir,93501,2026-05-31T11:00,OpenMeteo,1,29.2
2026-05-31T04:24,Izmir,93501,2026-05-31T12:00,OpenMeteo,1,29.8
2026-05-31T04:24,Izmir,93501,2026-05-31T13:00,OpenMeteo,3,29.9
2026-05-31T04:24,Izmir,93501,2026-05-31T14:00,OpenMeteo,0,29.5
2026-05-31T04:24,Izmir,93501,2026-05-31T15:00,OpenMeteo,0,28.7
2026-05-31T04:24,Izmir,93501,2026-05-31T16:00,OpenMeteo,0,27.7
2026-05-31T04:24,Izmir,93501,2026-05-31T17:00,OpenMeteo,0,26.4
2026-05-31T04:24,Izmir,93501,2026-05-31T18:00,OpenMeteo,0,24.8
2026-05-31T04:24,Izmir,93501,2026-05-31T19:00,OpenMeteo,0,23.3
2026-05-31T04:24,Izmir,93501,2026-05-31T20:00,OpenMeteo,0,21.5
2026-05-31T04:24,Izmir,93501,2026-05-31T21:00,OpenMeteo,0,19.3
2026-05-31T04:24,Izmir,93501,2026-05-31T22:00,OpenMeteo,0,18.3
2026-05-31T04:24,Izmir,93501,2026-05-31T23:00,OpenMeteo,0,17.8
2026-05-31T04:24,Izmir,93501,2026-06-01T00:00,OpenMeteo,0,17.3
2026-05-31T04:24,Izmir,93501,2026-06-01T01:00,OpenMeteo,0,17.0
2026-05-31T04:24,Izmir,93501,2026-06-01T02:00,OpenMeteo,0,16.8
2026-05-31T04:24,Izmir,93501,2026-06-01T03:00,OpenMeteo,0,16.6
2026-05-31T04:24,Izmir,93501,2026-06-01T04:00,OpenMeteo,0,17.6
2026-05-31T04:24,Izmir,93501,2026-06-01T05:00,OpenMeteo,0,21.1
2026-05-31T04:24,Izmir,93501,2026-06-01T06:00,OpenMeteo,0,24.0
2026-05-31T04:24,Izmir,93501,2026-06-01T07:00,OpenMeteo,0,25.9
2026-05-31T04:24,Izmir,93501,2026-06-01T08:00,OpenMeteo,0,27.9
2026-05-31T04:24,Izmir,93501,2026-06-01T09:00,OpenMeteo,0,29.8
2026-05-31T04:24,Izmir,93501,2026-06-01T10:00,OpenMeteo,0,31.1
2026-05-31T04:24,Izmir,93501,2026-06-01T11:00,OpenMeteo,0,31.8
2026-05-31T04:24,Izmir,93501,2026-06-01T12:00,OpenMeteo,0,32.1
2026-05-31T04:24,Izmir,93501,2026-06-01T13:00,OpenMeteo,0,31.9
2026-05-31T04:24,Izmir,93501,2026-06-01T14:00,OpenMeteo,0,31.4
2026-05-31T04:24,Izmir,93501,2026-06-01T15:00,OpenMeteo,0,30.5
2026-05-31T04:24,Izmir,93501,2026-06-01T16:00,OpenMeteo,0,29.2
2026-05-31T04:24,Izmir,93501,2026-06-01T17:00,OpenMeteo,0,27.5
2026-05-31T04:24,Izmir,93501,2026-06-01T18:00,OpenMeteo,0,25.5
2026-05-31T04:24,Izmir,93501,2026-06-01T19:00,OpenMeteo,0,24.0
2026-05-31T04:24,Izmir,93501,2026-06-01T20:00,OpenMeteo,0,21.6
2026-05-31T04:24,Izmir,93501,2026-06-01T21:00,OpenMeteo,0,20.9
2026-05-31T04:24,Izmir,93501,2026-06-01T22:00,OpenMeteo,0,20.4
2026-05-31T04:24,Izmir,93501,2026-06-01T23:00,OpenMeteo,0,19.5
2026-05-31T04:24,Antalya,90701,2026-05-31T06:00,MGM,AB,25
2026-05-31T04:24,Antalya,90701,2026-05-31T09:00,MGM,AB,27
2026-05-31T04:24,Antalya,90701,2026-05-31T12:00,MGM,AB,25
2026-05-31T04:24,Antalya,90701,2026-05-31T15:00,MGM,AB,24
2026-05-31T04:24,Antalya,90701,2026-05-31T18:00,MGM,AB,23
2026-05-31T04:24,Antalya,90701,2026-05-31T21:00,MGM,AB,22
2026-05-31T04:24,Antalya,90701,2026-05-31T00:00,OpenMeteo,0,18.3
2026-05-31T04:24,Antalya,90701,2026-05-31T01:00,OpenMeteo,0,17.9
2026-05-31T04:24,Antalya,90701,2026-05-31T02:00,OpenMeteo,0,17.6
2026-05-31T04:24,Antalya,90701,2026-05-31T03:00,OpenMeteo,0,17.6
2026-05-31T04:24,Antalya,90701,2026-05-31T04:00,OpenMeteo,0,18.4
2026-05-31T04:24,Antalya,90701,2026-05-31T05:00,OpenMeteo,0,20.9
2026-05-31T04:24,Antalya,90701,2026-05-31T06:00,OpenMeteo,0,24.2
2026-05-31T04:24,Antalya,90701,2026-05-31T07:00,OpenMeteo,0,26.3
2026-05-31T04:24,Antalya,90701,2026-05-31T08:00,OpenMeteo,0,25.7
2026-05-31T04:24,Antalya,90701,2026-05-31T09:00,OpenMeteo,0,25.5
2026-05-31T04:24,Antalya,90701,2026-05-31T10:00,OpenMeteo,0,25.6
2026-05-31T04:24,Antalya,90701,2026-05-31T11:00,OpenMeteo,0,25.6
2026-05-31T04:24,Antalya,90701,2026-05-31T12:00,OpenMeteo,1,25.5
2026-05-31T04:24,Antalya,90701,2026-05-31T13:00,OpenMeteo,0,25.2
2026-05-31T04:24,Antalya,90701,2026-05-31T14:00,OpenMeteo,0,24.9
2026-05-31T04:24,Antalya,90701,2026-05-31T15:00,OpenMeteo,0,24.4
2026-05-31T04:24,Antalya,90701,2026-05-31T16:00,OpenMeteo,1,23.8
2026-05-31T04:24,Antalya,90701,2026-05-31T17:00,OpenMeteo,0,23.0
2026-05-31T04:24,Antalya,90701,2026-05-31T18:00,OpenMeteo,1,22.4
2026-05-31T04:24,Antalya,90701,2026-05-31T19:00,OpenMeteo,1,21.8
2026-05-31T04:24,Antalya,90701,2026-05-31T20:00,OpenMeteo,1,21.1
2026-05-31T04:24,Antalya,90701,2026-05-31T21:00,OpenMeteo,1,20.3
2026-05-31T04:24,Antalya,90701,2026-05-31T22:00,OpenMeteo,0,19.7
2026-05-31T04:24,Antalya,90701,2026-05-31T23:00,OpenMeteo,1,19.1
2026-05-31T04:24,Antalya,90701,2026-06-01T00:00,OpenMeteo,1,18.7
2026-05-31T04:24,Antalya,90701,2026-06-01T01:00,OpenMeteo,0,18.3
2026-05-31T04:24,Antalya,90701,2026-06-01T02:00,OpenMeteo,0,18.0
2026-05-31T04:24,Antalya,90701,2026-06-01T03:00,OpenMeteo,1,17.7
2026-05-31T04:24,Antalya,90701,2026-06-01T04:00,OpenMeteo,0,18.2
2026-05-31T04:24,Antalya,90701,2026-06-01T05:00,OpenMeteo,0,20.4
2026-05-31T04:24,Antalya,90701,2026-06-01T06:00,OpenMeteo,0,22.8
2026-05-31T04:24,Antalya,90701,2026-06-01T07:00,OpenMeteo,0,23.9
2026-05-31T04:24,Antalya,90701,2026-06-01T08:00,OpenMeteo,0,24.3
2026-05-31T04:24,Antalya,90701,2026-06-01T09:00,OpenMeteo,0,24.7
2026-05-31T04:24,Antalya,90701,2026-06-01T10:00,OpenMeteo,0,24.8
2026-05-31T04:24,Antalya,90701,2026-06-01T11:00,OpenMeteo,0,24.7
2026-05-31T04:24,Antalya,90701,2026-06-01T12:00,OpenMeteo,1,24.5
2026-05-31T04:24,Antalya,90701,2026-06-01T13:00,OpenMeteo,1,24.3
2026-05-31T04:24,Antalya,90701,2026-06-01T14:00,OpenMeteo,1,24.1
2026-05-31T04:24,Antalya,90701,2026-06-01T15:00,OpenMeteo,0,23.9
2026-05-31T04:24,Antalya,90701,2026-06-01T16:00,OpenMeteo,1,23.6
2026-05-31T04:24,Antalya,90701,2026-06-01T17:00,OpenMeteo,0,23.0
2026-05-31T04:24,Antalya,90701,2026-06-01T18:00,OpenMeteo,1,22.5
2026-05-31T04:24,Antalya,90701,2026-06-01T19:00,OpenMeteo,1,22.0
2026-05-31T04:24,Antalya,90701,2026-06-01T20:00,OpenMeteo,0,21.3
2026-05-31T04:24,Antalya,90701,2026-06-01T21:00,OpenMeteo,1,20.7
2026-05-31T04:24,Antalya,90701,2026-06-01T22:00,OpenMeteo,1,20.2
2026-05-31T04:24,Antalya,90701,2026-06-01T23:00,OpenMeteo,1,19.9
2026-05-31T04:24,Trabzon,96101,2026-05-31T06:00,MGM,SY,16
2026-05-31T04:24,Trabzon,96101,2026-05-31T09:00,MGM,SY,19
2026-05-31T04:24,Trabzon,96101,2026-05-31T12:00,MGM,PB,20
2026-05-31T04:24,Trabzon,96101,2026-05-31T15:00,MGM,PB,19
2026-05-31T04:24,Trabzon,96101,2026-05-31T18:00,MGM,PB,17
2026-05-31T04:24,Trabzon,96101,2026-05-31T21:00,MGM,PB,15
2026-05-31T04:24,Erzurum,92501,2026-05-31T06:00,MGM,CB,10
2026-05-31T04:24,Erzurum,92501,2026-05-31T09:00,MGM,CB,12
2026-05-31T04:24,Erzurum,92501,2026-05-31T12:00,MGM,R,13
2026-05-31T04:24,Erzurum,92501,2026-05-31T15:00,MGM,R,15
2026-05-31T04:24,Erzurum,92501,2026-05-31T18:00,MGM,PB,9
2026-05-31T04:24,Erzurum,92501,2026-05-31T21:00,MGM,PB,5
2026-05-31T04:24,Erzurum,92501,2026-05-31T00:00,OpenMeteo,1,1.7
2026-05-31T04:24,Erzurum,92501,2026-05-31T01:00,OpenMeteo,0,1.6
2026-05-31T04:24,Erzurum,92501,2026-05-31T02:00,OpenMeteo,0,1.2
2026-05-31T04:24,Erzurum,92501,2026-05-31T03:00,OpenMeteo,1,1.5
2026-05-31T04:24,Erzurum,92501,2026-05-31T04:00,OpenMeteo,2,3.3
2026-05-31T04:24,Erzurum,92501,2026-05-31T05:00,OpenMeteo,2,6.0
2026-05-31T04:24,Erzurum,92501,2026-05-31T06:00,OpenMeteo,2,8.7
2026-05-31T04:24,Erzurum,92501,2026-05-31T07:00,OpenMeteo,0,9.9
2026-05-31T04:24,Erzurum,92501,2026-05-31T08:00,OpenMeteo,2,10.8
2026-05-31T04:24,Erzurum,92501,2026-05-31T09:00,OpenMeteo,3,11.7
2026-05-31T04:24,Erzurum,92501,2026-05-31T10:00,OpenMeteo,2,12.6
2026-05-31T04:24,Erzurum,92501,2026-05-31T11:00,OpenMeteo,2,13.1
2026-05-31T04:24,Erzurum,92501,2026-05-31T12:00,OpenMeteo,2,13.3
2026-05-31T04:24,Erzurum,92501,2026-05-31T13:00,OpenMeteo,1,13.4
2026-05-31T04:24,Erzurum,92501,2026-05-31T14:00,OpenMeteo,0,13.2
2026-05-31T04:24,Erzurum,92501,2026-05-31T15:00,OpenMeteo,0,12.5
2026-05-31T04:24,Erzurum,92501,2026-05-31T16:00,OpenMeteo,0,11.2
2026-05-31T04:24,Erzurum,92501,2026-05-31T17:00,OpenMeteo,1,9.0
2026-05-31T04:24,Erzurum,92501,2026-05-31T18:00,OpenMeteo,1,7.3
2026-05-31T04:24,Erzurum,92501,2026-05-31T19:00,OpenMeteo,0,6.0
2026-05-31T04:24,Erzurum,92501,2026-05-31T20:00,OpenMeteo,0,5.0
2026-05-31T04:24,Erzurum,92501,2026-05-31T21:00,OpenMeteo,1,4.3
2026-05-31T04:24,Erzurum,92501,2026-05-31T22:00,OpenMeteo,2,3.4
2026-05-31T04:24,Erzurum,92501,2026-05-31T23:00,OpenMeteo,2,2.8
2026-05-31T04:24,Erzurum,92501,2026-06-01T00:00,OpenMeteo,1,2.5
2026-05-31T04:24,Erzurum,92501,2026-06-01T01:00,OpenMeteo,1,2.4
2026-05-31T04:24,Erzurum,92501,2026-06-01T02:00,OpenMeteo,1,2.1
2026-05-31T04:24,Erzurum,92501,2026-06-01T03:00,OpenMeteo,1,2.6
2026-05-31T04:24,Erzurum,92501,2026-06-01T04:00,OpenMeteo,2,4.2
2026-05-31T04:24,Erzurum,92501,2026-06-01T05:00,OpenMeteo,2,6.6
2026-05-31T04:24,Erzurum,92501,2026-06-01T06:00,OpenMeteo,1,9.7
2026-05-31T04:24,Erzurum,92501,2026-06-01T07:00,OpenMeteo,2,12.1
2026-05-31T04:24,Erzurum,92501,2026-06-01T08:00,OpenMeteo,2,14.1
2026-05-31T04:24,Erzurum,92501,2026-06-01T09:00,OpenMeteo,2,15.0
2026-05-31T04:24,Erzurum,92501,2026-06-01T10:00,OpenMeteo,80,14.9
2026-05-31T04:24,Erzurum,92501,2026-06-01T11:00,OpenMeteo,2,15.6
2026-05-31T04:24,Erzurum,92501,2026-06-01T12:00,OpenMeteo,80,15.1
2026-05-31T04:24,Erzurum,92501,2026-06-01T13:00,OpenMeteo,80,14.0
2026-05-31T04:24,Erzurum,92501,2026-06-01T14:00,OpenMeteo,1,14.1
2026-05-31T04:24,Erzurum,92501,2026-06-01T15:00,OpenMeteo,80,13.3
2026-05-31T04:24,Erzurum,92501,2026-06-01T16:00,OpenMeteo,80,11.2
2026-05-31T04:24,Erzurum,92501,2026-06-01T17:00,OpenMeteo,3,10.2
2026-05-31T04:24,Erzurum,92501,2026-06-01T18:00,OpenMeteo,3,9.5
2026-05-31T04:24,Erzurum,92501,2026-06-01T19:00,OpenMeteo,3,8.8
2026-05-31T04:24,Erzurum,92501,2026-06-01T20:00,OpenMeteo,2,8.4
2026-05-31T04:24,Erzurum,92501,2026-06-01T21:00,OpenMeteo,2,7.5
2026-05-31T04:24,Erzurum,92501,2026-06-01T22:00,OpenMeteo,2,7.2
2026-05-31T04:24,Erzurum,92501,2026-06-01T23:00,OpenMeteo,2,6.8
2026-05-31T08:54,Istanbul,93401,2026-05-31T09:00,MGM,AB,22
2026-05-31T08:54,Istanbul,93401,2026-05-31T12:00,MGM,PB,25
2026-05-31T08:54,Istanbul,93401,2026-05-31T15:00,MGM,PB,26
2026-05-31T08:54,Istanbul,93401,2026-05-31T18:00,MGM,PB,23
2026-05-31T08:54,Istanbul,93401,2026-05-31T21:00,MGM,PB,22
2026-05-31T08:54,Istanbul,93401,2026-05-31T00:00,OpenMeteo,1,16.7
2026-05-31T08:54,Istanbul,93401,2026-05-31T01:00,OpenMeteo,1,16.4
2026-05-31T08:54,Istanbul,93401,2026-05-31T02:00,OpenMeteo,0,16.4
2026-05-31T08:54,Istanbul,93401,2026-05-31T03:00,OpenMeteo,1,16.6
2026-05-31T08:54,Istanbul,93401,2026-05-31T04:00,OpenMeteo,1,17.3
2026-05-31T08:54,Istanbul,93401,2026-05-31T05:00,OpenMeteo,1,18.7
2026-05-31T08:54,Istanbul,93401,2026-05-31T06:00,OpenMeteo,2,19.8
2026-05-31T08:54,Istanbul,93401,2026-05-31T07:00,OpenMeteo,3,20.4
2026-05-31T08:54,Istanbul,93401,2026-05-31T08:00,OpenMeteo,3,21.2
2026-05-31T08:54,Istanbul,93401,2026-05-31T09:00,OpenMeteo,2,21.9
2026-05-31T08:54,Istanbul,93401,2026-05-31T10:00,OpenMeteo,2,22.0
2026-05-31T08:54,Istanbul,93401,2026-05-31T11:00,OpenMeteo,2,22.4
2026-05-31T08:54,Istanbul,93401,2026-05-31T12:00,OpenMeteo,3,22.3
2026-05-31T08:54,Istanbul,93401,2026-05-31T13:00,OpenMeteo,2,22.9
2026-05-31T08:54,Istanbul,93401,2026-05-31T14:00,OpenMeteo,3,22.9
2026-05-31T08:54,Istanbul,93401,2026-05-31T15:00,OpenMeteo,3,22.3
2026-05-31T08:54,Istanbul,93401,2026-05-31T16:00,OpenMeteo,3,21.7
2026-05-31T08:54,Istanbul,93401,2026-05-31T17:00,OpenMeteo,1,20.9
2026-05-31T08:54,Istanbul,93401,2026-05-31T18:00,OpenMeteo,3,19.9
2026-05-31T08:54,Istanbul,93401,2026-05-31T19:00,OpenMeteo,3,19.4
2026-05-31T08:54,Istanbul,93401,2026-05-31T20:00,OpenMeteo,3,19.1
2026-05-31T08:54,Istanbul,93401,2026-05-31T21:00,OpenMeteo,2,18.9
2026-05-31T08:54,Istanbul,93401,2026-05-31T22:00,OpenMeteo,1,18.5
2026-05-31T08:54,Istanbul,93401,2026-05-31T23:00,OpenMeteo,1,18.4
2026-05-31T08:54,Istanbul,93401,2026-06-01T00:00,OpenMeteo,2,18.0
2026-05-31T08:54,Istanbul,93401,2026-06-01T01:00,OpenMeteo,2,17.8
2026-05-31T08:54,Istanbul,93401,2026-06-01T02:00,OpenMeteo,1,17.5
2026-05-31T08:54,Istanbul,93401,2026-06-01T03:00,OpenMeteo,0,17.3
2026-05-31T08:54,Istanbul,93401,2026-06-01T04:00,OpenMeteo,1,17.9
2026-05-31T08:54,Istanbul,93401,2026-06-01T05:00,OpenMeteo,2,19.2
2026-05-31T08:54,Istanbul,93401,2026-06-01T06:00,OpenMeteo,2,20.1
2026-05-31T08:54,Istanbul,93401,2026-06-01T07:00,OpenMeteo,1,21.6
2026-05-31T08:54,Istanbul,93401,2026-06-01T08:00,OpenMeteo,2,22.9
2026-05-31T08:54,Istanbul,93401,2026-06-01T09:00,OpenMeteo,1,23.7
2026-05-31T08:54,Istanbul,93401,2026-06-01T10:00,OpenMeteo,1,24.4
2026-05-31T08:54,Istanbul,93401,2026-06-01T11:00,OpenMeteo,0,25.0
2026-05-31T08:54,Istanbul,93401,2026-06-01T12:00,OpenMeteo,0,25.5
2026-05-31T08:54,Istanbul,93401,2026-06-01T13:00,OpenMeteo,1,25.9
2026-05-31T08:54,Istanbul,93401,2026-06-01T14:00,OpenMeteo,0,26.2
2026-05-31T08:54,Istanbul,93401,2026-06-01T15:00,OpenMeteo,1,25.9
2026-05-31T08:54,Istanbul,93401,2026-06-01T16:00,OpenMeteo,1,24.8
2026-05-31T08:54,Istanbul,93401,2026-06-01T17:00,OpenMeteo,1,23.2
2026-05-31T08:54,Istanbul,93401,2026-06-01T18:00,OpenMeteo,1,21.9
2026-05-31T08:54,Istanbul,93401,2026-06-01T19:00,OpenMeteo,1,21.2
2026-05-31T08:54,Istanbul,93401,2026-06-01T20:00,OpenMeteo,3,20.8
2026-05-31T08:54,Istanbul,93401,2026-06-01T21:00,OpenMeteo,3,20.5
2026-05-31T08:54,Istanbul,93401,2026-06-01T22:00,OpenMeteo,3,20.3
2026-05-31T08:54,Istanbul,93401,2026-06-01T23:00,OpenMeteo,2,19.8
2026-05-31T08:54,Izmir,93501,2026-05-31T09:00,MGM,AB,28
2026-05-31T08:54,Izmir,93501,2026-05-31T12:00,MGM,AB,31
2026-05-31T08:54,Izmir,93501,2026-05-31T15:00,MGM,AB,30
2026-05-31T08:54,Izmir,93501,2026-05-31T18:00,MGM,AB,25
2026-05-31T08:54,Izmir,93501,2026-05-31T21:00,MGM,AB,23
2026-05-31T08:54,Izmir,93501,2026-05-31T00:00,OpenMeteo,0,14.2
2026-05-31T08:54,Izmir,93501,2026-05-31T01:00,OpenMeteo,0,13.8
2026-05-31T08:54,Izmir,93501,2026-05-31T02:00,OpenMeteo,0,13.7
2026-05-31T08:54,Izmir,93501,2026-05-31T03:00,OpenMeteo,0,13.6
2026-05-31T08:54,Izmir,93501,2026-05-31T04:00,OpenMeteo,0,14.8
2026-05-31T08:54,Izmir,93501,2026-05-31T05:00,OpenMeteo,1,19.0
2026-05-31T08:54,Izmir,93501,2026-05-31T06:00,OpenMeteo,1,22.2
2026-05-31T08:54,Izmir,93501,2026-05-31T07:00,OpenMeteo,1,24.1
2026-05-31T08:54,Izmir,93501,2026-05-31T08:00,OpenMeteo,2,25.8
2026-05-31T08:54,Izmir,93501,2026-05-31T09:00,OpenMeteo,2,27.2
2026-05-31T08:54,Izmir,93501,2026-05-31T10:00,OpenMeteo,2,28.6
2026-05-31T08:54,Izmir,93501,2026-05-31T11:00,OpenMeteo,1,29.1
2026-05-31T08:54,Izmir,93501,2026-05-31T12:00,OpenMeteo,1,29.8
2026-05-31T08:54,Izmir,93501,2026-05-31T13:00,OpenMeteo,3,30.0
2026-05-31T08:54,Izmir,93501,2026-05-31T14:00,OpenMeteo,0,29.4
2026-05-31T08:54,Izmir,93501,2026-05-31T15:00,OpenMeteo,0,28.6
2026-05-31T08:54,Izmir,93501,2026-05-31T16:00,OpenMeteo,0,27.5
2026-05-31T08:54,Izmir,93501,2026-05-31T17:00,OpenMeteo,0,26.2
2026-05-31T08:54,Izmir,93501,2026-05-31T18:00,OpenMeteo,0,24.7
2026-05-31T08:54,Izmir,93501,2026-05-31T19:00,OpenMeteo,0,22.6
2026-05-31T08:54,Izmir,93501,2026-05-31T20:00,OpenMeteo,0,20.8
2026-05-31T08:54,Izmir,93501,2026-05-31T21:00,OpenMeteo,0,19.4
2026-05-31T08:54,Izmir,93501,2026-05-31T22:00,OpenMeteo,0,18.5
2026-05-31T08:54,Izmir,93501,2026-05-31T23:00,OpenMeteo,0,17.7
2026-05-31T08:54,Izmir,93501,2026-06-01T00:00,OpenMeteo,0,17.4
2026-05-31T08:54,Izmir,93501,2026-06-01T01:00,OpenMeteo,0,17.2
2026-05-31T08:54,Izmir,93501,2026-06-01T02:00,OpenMeteo,0,16.8
2026-05-31T08:54,Izmir,93501,2026-06-01T03:00,OpenMeteo,0,16.6
2026-05-31T08:54,Izmir,93501,2026-06-01T04:00,OpenMeteo,0,17.7
2026-05-31T08:54,Izmir,93501,2026-06-01T05:00,OpenMeteo,0,21.2
2026-05-31T08:54,Izmir,93501,2026-06-01T06:00,OpenMeteo,0,24.1
2026-05-31T08:54,Izmir,93501,2026-06-01T07:00,OpenMeteo,0,25.9
2026-05-31T08:54,Izmir,93501,2026-06-01T08:00,OpenMeteo,0,27.9
2026-05-31T08:54,Izmir,93501,2026-06-01T09:00,OpenMeteo,0,29.9
2026-05-31T08:54,Izmir,93501,2026-06-01T10:00,OpenMeteo,0,31.1
2026-05-31T08:54,Izmir,93501,2026-06-01T11:00,OpenMeteo,0,31.8
2026-05-31T08:54,Izmir,93501,2026-06-01T12:00,OpenMeteo,0,32.1
2026-05-31T08:54,Izmir,93501,2026-06-01T13:00,OpenMeteo,0,31.9
2026-05-31T08:54,Izmir,93501,2026-06-01T14:00,OpenMeteo,0,31.4
2026-05-31T08:54,Izmir,93501,2026-06-01T15:00,OpenMeteo,0,30.5
2026-05-31T08:54,Izmir,93501,2026-06-01T16:00,OpenMeteo,0,29.2
2026-05-31T08:54,Izmir,93501,2026-06-01T17:00,OpenMeteo,0,27.5
2026-05-31T08:54,Izmir,93501,2026-06-01T18:00,OpenMeteo,0,25.5
2026-05-31T08:54,Izmir,93501,2026-06-01T19:00,OpenMeteo,0,24.0
2026-05-31T08:54,Izmir,93501,2026-06-01T20:00,OpenMeteo,0,21.6
2026-05-31T08:54,Izmir,93501,2026-06-01T21:00,OpenMeteo,0,20.9
2026-05-31T08:54,Izmir,93501,2026-06-01T22:00,OpenMeteo,0,20.4
2026-05-31T08:54,Izmir,93501,2026-06-01T23:00,OpenMeteo,0,19.5
2026-05-31T08:54,Ankara,90601,2026-05-31T09:00,MGM,PB,19
2026-05-31T08:54,Ankara,90601,2026-05-31T12:00,MGM,PB,23
2026-05-31T08:54,Ankara,90601,2026-05-31T15:00,MGM,PB,21
2026-05-31T08:54,Ankara,90601,2026-05-31T18:00,MGM,PB,18
2026-05-31T08:54,Ankara,90601,2026-05-31T21:00,MGM,PB,15
2026-05-31T08:54,Ankara,90601,2026-05-31T00:00,OpenMeteo,1,10.1
2026-05-31T08:54,Ankara,90601,2026-05-31T01:00,OpenMeteo,0,9.4
2026-05-31T08:54,Ankara,90601,2026-05-31T02:00,OpenMeteo,0,8.9
2026-05-31T08:54,Ankara,90601,2026-05-31T03:00,OpenMeteo,0,8.2
2026-05-31T08:54,Ankara,90601,2026-05-31T04:00,OpenMeteo,0,9.3
2026-05-31T08:54,Ankara,90601,2026-05-31T05:00,OpenMeteo,0,12.1
2026-05-31T08:54,Ankara,90601,2026-05-31T06:00,OpenMeteo,0,14.5
2026-05-31T08:54,Ankara,90601,2026-05-31T07:00,OpenMeteo,0,16.2
2026-05-31T08:54,Ankara,90601,2026-05-31T08:00,OpenMeteo,1,17.7
2026-05-31T08:54,Ankara,90601,2026-05-31T09:00,OpenMeteo,1,18.9
2026-05-31T08:54,Ankara,90601,2026-05-31T10:00,OpenMeteo,2,20.0
2026-05-31T08:54,Ankara,90601,2026-05-31T11:00,OpenMeteo,3,20.6
2026-05-31T08:54,Ankara,90601,2026-05-31T12:00,OpenMeteo,3,20.6
2026-05-31T08:54,Ankara,90601,2026-05-31T13:00,OpenMeteo,2,21.0
2026-05-31T08:54,Ankara,90601,2026-05-31T14:00,OpenMeteo,3,20.7
2026-05-31T08:54,Ankara,90601,2026-05-31T15:00,OpenMeteo,2,20.2
2026-05-31T08:54,Ankara,90601,2026-05-31T16:00,OpenMeteo,2,19.7
2026-05-31T08:54,Ankara,90601,2026-05-31T17:00,OpenMeteo,2,18.5
2026-05-31T08:54,Ankara,90601,2026-05-31T18:00,OpenMeteo,2,17.6
2026-05-31T08:54,Ankara,90601,2026-05-31T19:00,OpenMeteo,2,15.8
2026-05-31T08:54,Ankara,90601,2026-05-31T20:00,OpenMeteo,2,14.5
2026-05-31T08:54,Ankara,90601,2026-05-31T21:00,OpenMeteo,2,13.4
2026-05-31T08:54,Ankara,90601,2026-05-31T22:00,OpenMeteo,2,12.7
2026-05-31T08:54,Ankara,90601,2026-05-31T23:00,OpenMeteo,2,12.2
2026-05-31T08:54,Ankara,90601,2026-06-01T00:00,OpenMeteo,2,12.2
2026-05-31T08:54,Ankara,90601,2026-06-01T01:00,OpenMeteo,2,12.2
2026-05-31T08:54,Ankara,90601,2026-06-01T02:00,OpenMeteo,2,12.0
2026-05-31T08:54,Ankara,90601,2026-06-01T03:00,OpenMeteo,1,11.6
2026-05-31T08:54,Ankara,90601,2026-06-01T04:00,OpenMeteo,3,12.3
2026-05-31T08:54,Ankara,90601,2026-06-01T05:00,OpenMeteo,0,14.8
2026-05-31T08:54,Ankara,90601,2026-06-01T06:00,OpenMeteo,1,17.2
2026-05-31T08:54,Ankara,90601,2026-06-01T07:00,OpenMeteo,1,19.1
2026-05-31T08:54,Ankara,90601,2026-06-01T08:00,OpenMeteo,1,20.0
2026-05-31T08:54,Ankara,90601,2026-06-01T09:00,OpenMeteo,2,20.9
2026-05-31T08:54,Ankara,90601,2026-06-01T10:00,OpenMeteo,2,22.2
2026-05-31T08:54,Ankara,90601,2026-06-01T11:00,OpenMeteo,2,22.9
2026-05-31T08:54,Ankara,90601,2026-06-01T12:00,OpenMeteo,3,23.3
2026-05-31T08:54,Ankara,90601,2026-06-01T13:00,OpenMeteo,2,23.2
2026-05-31T08:54,Ankara,90601,2026-06-01T14:00,OpenMeteo,1,23.4
2026-05-31T08:54,Ankara,90601,2026-06-01T15:00,OpenMeteo,0,22.7
2026-05-31T08:54,Ankara,90601,2026-06-01T16:00,OpenMeteo,2,22.3
2026-05-31T08:54,Ankara,90601,2026-06-01T17:00,OpenMeteo,0,20.7
2026-05-31T08:54,Ankara,90601,2026-06-01T18:00,OpenMeteo,0,19.1
2026-05-31T08:54,Ankara,90601,2026-06-01T19:00,OpenMeteo,0,17.8
2026-05-31T08:54,Ankara,90601,2026-06-01T20:00,OpenMeteo,1,16.2
2026-05-31T08:54,Ankara,90601,2026-06-01T21:00,OpenMeteo,1,14.5
2026-05-31T08:54,Ankara,90601,2026-06-01T22:00,OpenMeteo,0,13.3
2026-05-31T08:54,Ankara,90601,2026-06-01T23:00,OpenMeteo,0,12.3
2026-05-31T08:54,Trabzon,96101,2026-05-31T09:00,MGM,SY,19
2026-05-31T08:54,Trabzon,96101,2026-05-31T12:00,MGM,PB,20
2026-05-31T08:54,Trabzon,96101,2026-05-31T15:00,MGM,PB,19
2026-05-31T08:54,Trabzon,96101,2026-05-31T18:00,MGM,PB,17
2026-05-31T08:54,Trabzon,96101,2026-05-31T21:00,MGM,PB,15
2026-05-31T08:54,Trabzon,96101,2026-05-31T00:00,OpenMeteo,2,13.3
2026-05-31T08:54,Trabzon,96101,2026-05-31T01:00,OpenMeteo,80,15.6
2026-05-31T08:54,Trabzon,96101,2026-05-31T02:00,OpenMeteo,3,15.1
2026-05-31T08:54,Trabzon,96101,2026-05-31T03:00,OpenMeteo,61,15.0
2026-05-31T08:54,Trabzon,96101,2026-05-31T04:00,OpenMeteo,2,15.7
2026-05-31T08:54,Trabzon,96101,2026-05-31T05:00,OpenMeteo,2,16.9
2026-05-31T08:54,Trabzon,96101,2026-05-31T06:00,OpenMeteo,1,17.4
2026-05-31T08:54,Trabzon,96101,2026-05-31T07:00,OpenMeteo,2,18.0
2026-05-31T08:54,Trabzon,96101,2026-05-31T08:00,OpenMeteo,2,17.7
2026-05-31T08:54,Trabzon,96101,2026-05-31T09:00,OpenMeteo,2,17.6
2026-05-31T08:54,Trabzon,96101,2026-05-31T10:00,OpenMeteo,2,17.9
2026-05-31T08:54,Trabzon,96101,2026-05-31T11:00,OpenMeteo,2,18.0
2026-05-31T08:54,Trabzon,96101,2026-05-31T12:00,OpenMeteo,1,18.3
2026-05-31T08:54,Trabzon,96101,2026-05-31T13:00,OpenMeteo,1,18.3
2026-05-31T08:54,Trabzon,96101,2026-05-31T14:00,OpenMeteo,1,18.3
2026-05-31T08:54,Trabzon,96101,2026-05-31T15:00,OpenMeteo,0,18.1
2026-05-31T08:54,Trabzon,96101,2026-05-31T16:00,OpenMeteo,0,17.8
2026-05-31T08:54,Trabzon,96101,2026-05-31T17:00,OpenMeteo,0,17.2
2026-05-31T08:54,Trabzon,96101,2026-05-31T18:00,OpenMeteo,0,16.1
2026-05-31T08:54,Trabzon,96101,2026-05-31T19:00,OpenMeteo,0,15.3
2026-05-31T08:54,Trabzon,96101,2026-05-31T20:00,OpenMeteo,3,14.7
2026-05-31T08:54,Trabzon,96101,2026-05-31T21:00,OpenMeteo,0,14.6
2026-05-31T08:54,Trabzon,96101,2026-05-31T22:00,OpenMeteo,3,14.4
2026-05-31T08:54,Trabzon,96101,2026-05-31T23:00,OpenMeteo,0,14.4
2026-05-31T08:54,Trabzon,96101,2026-06-01T00:00,OpenMeteo,1,14.3
2026-05-31T08:54,Trabzon,96101,2026-06-01T01:00,OpenMeteo,1,14.1
2026-05-31T08:54,Trabzon,96101,2026-06-01T02:00,OpenMeteo,1,14.3
2026-05-31T08:54,Trabzon,96101,2026-06-01T03:00,OpenMeteo,1,15.1
2026-05-31T08:54,Trabzon,96101,2026-06-01T04:00,OpenMeteo,3,17.7
2026-05-31T08:54,Trabzon,96101,2026-06-01T05:00,OpenMeteo,2,20.7
2026-05-31T08:54,Trabzon,96101,2026-06-01T06:00,OpenMeteo,2,20.4
2026-05-31T08:54,Trabzon,96101,2026-06-01T07:00,OpenMeteo,2,20.7
2026-05-31T08:54,Trabzon,96101,2026-06-01T08:00,OpenMeteo,2,21.0
2026-05-31T08:54,Trabzon,96101,2026-06-01T09:00,OpenMeteo,2,21.5
2026-05-31T08:54,Trabzon,96101,2026-06-01T10:00,OpenMeteo,1,21.7
2026-05-31T08:54,Trabzon,96101,2026-06-01T11:00,OpenMeteo,1,22.2
2026-05-31T08:54,Trabzon,96101,2026-06-01T12:00,OpenMeteo,2,22.1
2026-05-31T08:54,Trabzon,96101,2026-06-01T13:00,OpenMeteo,2,21.2
2026-05-31T08:54,Trabzon,96101,2026-06-01T14:00,OpenMeteo,3,20.5
2026-05-31T08:54,Trabzon,96101,2026-06-01T15:00,OpenMeteo,2,20.1
2026-05-31T08:54,Trabzon,96101,2026-06-01T16:00,OpenMeteo,3,19.0
2026-05-31T08:54,Trabzon,96101,2026-06-01T17:00,OpenMeteo,2,18.4
2026-05-31T08:54,Trabzon,96101,2026-06-01T18:00,OpenMeteo,3,18.1
2026-05-31T08:54,Trabzon,96101,2026-06-01T19:00,OpenMeteo,2,17.8
2026-05-31T08:54,Trabzon,96101,2026-06-01T20:00,OpenMeteo,2,17.3
2026-05-31T08:54,Trabzon,96101,2026-06-01T21:00,OpenMeteo,2,17.0
2026-05-31T08:54,Trabzon,96101,2026-06-01T22:00,OpenMeteo,2,16.6
2026-05-31T08:54,Trabzon,96101,2026-06-01T23:00,OpenMeteo,2,16.2
2026-05-31T08:54,Erzurum,92501,2026-05-31T09:00,MGM,CB,12
2026-05-31T08:54,Erzurum,92501,2026-05-31T12:00,MGM,R,13
2026-05-31T08:54,Erzurum,92501,2026-05-31T15:00,MGM,R,15
2026-05-31T08:54,Erzurum,92501,2026-05-31T18:00,MGM,PB,9
2026-05-31T08:54,Erzurum,92501,2026-05-31T21:00,MGM,PB,5
2026-05-31T08:54,Erzurum,92501,2026-05-31T00:00,OpenMeteo,1,1.7
2026-05-31T08:54,Erzurum,92501,2026-05-31T01:00,OpenMeteo,0,1.6
2026-05-31T08:54,Erzurum,92501,2026-05-31T02:00,OpenMeteo,0,1.2
2026-05-31T08:54,Erzurum,92501,2026-05-31T03:00,OpenMeteo,1,2.1
2026-05-31T08:54,Erzurum,92501,2026-05-31T04:00,OpenMeteo,1,4.0
2026-05-31T08:54,Erzurum,92501,2026-05-31T05:00,OpenMeteo,2,6.4
2026-05-31T08:54,Erzurum,92501,2026-05-31T06:00,OpenMeteo,2,8.9
2026-05-31T08:54,Erzurum,92501,2026-05-31T07:00,OpenMeteo,0,9.9
2026-05-31T08:54,Erzurum,92501,2026-05-31T08:00,OpenMeteo,2,10.9
2026-05-31T08:54,Erzurum,92501,2026-05-31T09:00,OpenMeteo,3,11.8
2026-05-31T08:54,Erzurum,92501,2026-05-31T10:00,OpenMeteo,2,12.7
2026-05-31T08:54,Erzurum,92501,2026-05-31T11:00,OpenMeteo,1,13.2
2026-05-31T08:54,Erzurum,92501,2026-05-31T12:00,OpenMeteo,2,13.2
2026-05-31T08:54,Erzurum,92501,2026-05-31T13:00,OpenMeteo,1,13.1
2026-05-31T08:54,Erzurum,92501,2026-05-31T14:00,OpenMeteo,0,12.9
2026-05-31T08:54,Erzurum,92501,2026-05-31T15:00,OpenMeteo,0,12.5
2026-05-31T08:54,Erzurum,92501,2026-05-31T16:00,OpenMeteo,0,11.2
2026-05-31T08:54,Erzurum,92501,2026-05-31T17:00,OpenMeteo,0,8.9
2026-05-31T08:54,Erzurum,92501,2026-05-31T18:00,OpenMeteo,1,7.2
2026-05-31T08:54,Erzurum,92501,2026-05-31T19:00,OpenMeteo,0,5.9
2026-05-31T08:54,Erzurum,92501,2026-05-31T20:00,OpenMeteo,0,5.0
2026-05-31T08:54,Erzurum,92501,2026-05-31T21:00,OpenMeteo,1,4.2
2026-05-31T08:54,Erzurum,92501,2026-05-31T22:00,OpenMeteo,1,3.4
2026-05-31T08:54,Erzurum,92501,2026-05-31T23:00,OpenMeteo,1,2.6
2026-05-31T08:54,Erzurum,92501,2026-06-01T00:00,OpenMeteo,0,2.5
2026-05-31T08:54,Erzurum,92501,2026-06-01T01:00,OpenMeteo,1,2.3
2026-05-31T08:54,Erzurum,92501,2026-06-01T02:00,OpenMeteo,1,2.1
2026-05-31T08:54,Erzurum,92501,2026-06-01T03:00,OpenMeteo,1,2.6
2026-05-31T08:54,Erzurum,92501,2026-06-01T04:00,OpenMeteo,1,4.0
2026-05-31T08:54,Erzurum,92501,2026-06-01T05:00,OpenMeteo,2,6.4
2026-05-31T08:54,Erzurum,92501,2026-06-01T06:00,OpenMeteo,1,9.4
2026-05-31T08:54,Erzurum,92501,2026-06-01T07:00,OpenMeteo,2,11.8
2026-05-31T08:54,Erzurum,92501,2026-06-01T08:00,OpenMeteo,1,13.9
2026-05-31T08:54,Erzurum,92501,2026-06-01T09:00,OpenMeteo,1,15.5
2026-05-31T08:54,Erzurum,92501,2026-06-01T10:00,OpenMeteo,80,14.9
2026-05-31T08:54,Erzurum,92501,2026-06-01T11:00,OpenMeteo,2,15.6
2026-05-31T08:54,Erzurum,92501,2026-06-01T12:00,OpenMeteo,80,15.1
2026-05-31T08:54,Erzurum,92501,2026-06-01T13:00,OpenMeteo,80,14.0
2026-05-31T08:54,Erzurum,92501,2026-06-01T14:00,OpenMeteo,1,14.1
2026-05-31T08:54,Erzurum,92501,2026-06-01T15:00,OpenMeteo,80,13.3
2026-05-31T08:54,Erzurum,92501,2026-06-01T16:00,OpenMeteo,80,11.2
2026-05-31T08:54,Erzurum,92501,2026-06-01T17:00,OpenMeteo,3,10.2
2026-05-31T08:54,Erzurum,92501,2026-06-01T18:00,OpenMeteo,3,9.5
2026-05-31T08:54,Erzurum,92501,2026-06-01T19:00,OpenMeteo,3,8.8
2026-05-31T08:54,Erzurum,92501,2026-06-01T20:00,OpenMeteo,2,8.4
2026-05-31T08:54,Erzurum,92501,2026-06-01T21:00,OpenMeteo,2,7.5
2026-05-31T08:54,Erzurum,92501,2026-06-01T22:00,OpenMeteo,2,7.2
2026-05-31T08:54,Erzurum,92501,2026-06-01T23:00,OpenMeteo,2,6.8
2026-05-31T08:54,Gaziantep,92701,2026-05-31T09:00,MGM,AB,25
2026-05-31T08:54,Gaziantep,92701,2026-05-31T12:00,MGM,AB,29
2026-05-31T08:54,Gaziantep,92701,2026-05-31T15:00,MGM,AB,27
2026-05-31T08:54,Gaziantep,92701,2026-05-31T18:00,MGM,PB,21
2026-05-31T08:54,Gaziantep,92701,2026-05-31T21:00,MGM,PB,18
2026-05-31T11:03,Istanbul,93401,2026-05-31T12:00,MGM,PB,26
2026-05-31T11:03,Istanbul,93401,2026-05-31T15:00,MGM,PB,24
2026-05-31T11:03,Istanbul,93401,2026-05-31T18:00,MGM,PB,22
2026-05-31T11:03,Istanbul,93401,2026-05-31T21:00,MGM,PB,21
2026-05-31T11:03,Istanbul,93401,2026-06-01T00:00,MGM,AB,20
2026-05-31T11:03,Istanbul,93401,2026-06-01T03:00,MGM,AB,19
2026-05-31T11:03,Istanbul,93401,2026-06-01T06:00,MGM,PB,22
2026-05-31T11:03,Istanbul,93401,2026-06-01T09:00,MGM,PB,24
2026-05-31T11:03,Istanbul,93401,2026-06-01T12:00,MGM,PB,26
2026-05-31T11:03,Istanbul,93401,2026-06-01T15:00,MGM,PB,25
2026-05-31T11:03,Istanbul,93401,2026-06-01T18:00,MGM,AB,23
2026-05-31T11:03,Istanbul,93401,2026-06-01T21:00,MGM,AB,22
2026-05-31T11:03,Istanbul,93401,2026-05-31T00:00,OpenMeteo,1,16.7
2026-05-31T11:03,Istanbul,93401,2026-05-31T01:00,OpenMeteo,1,16.4
2026-05-31T11:03,Istanbul,93401,2026-05-31T02:00,OpenMeteo,0,16.4
2026-05-31T11:03,Istanbul,93401,2026-05-31T03:00,OpenMeteo,1,16.6
2026-05-31T11:03,Istanbul,93401,2026-05-31T04:00,OpenMeteo,1,17.3
2026-05-31T11:03,Istanbul,93401,2026-05-31T05:00,OpenMeteo,1,18.7
2026-05-31T11:03,Istanbul,93401,2026-05-31T06:00,OpenMeteo,2,19.8
2026-05-31T11:03,Istanbul,93401,2026-05-31T07:00,OpenMeteo,3,20.5
2026-05-31T11:03,Istanbul,93401,2026-05-31T08:00,OpenMeteo,2,21.3
2026-05-31T11:03,Istanbul,93401,2026-05-31T09:00,OpenMeteo,2,21.8
2026-05-31T11:03,Istanbul,93401,2026-05-31T10:00,OpenMeteo,2,21.8
2026-05-31T11:03,Istanbul,93401,2026-05-31T11:00,OpenMeteo,3,22.1
2026-05-31T11:03,Istanbul,93401,2026-05-31T12:00,OpenMeteo,2,22.1
2026-05-31T11:03,Istanbul,93401,2026-05-31T13:00,OpenMeteo,2,22.7
2026-05-31T11:03,Istanbul,93401,2026-05-31T14:00,OpenMeteo,3,22.7
2026-05-31T11:03,Istanbul,93401,2026-05-31T15:00,OpenMeteo,3,22.3
2026-05-31T11:03,Istanbul,93401,2026-05-31T16:00,OpenMeteo,3,21.5
2026-05-31T11:03,Istanbul,93401,2026-05-31T17:00,OpenMeteo,3,20.8
2026-05-31T11:03,Istanbul,93401,2026-05-31T18:00,OpenMeteo,3,19.9
2026-05-31T11:03,Istanbul,93401,2026-05-31T19:00,OpenMeteo,2,19.4
2026-05-31T11:03,Istanbul,93401,2026-05-31T20:00,OpenMeteo,1,19.0
2026-05-31T11:03,Istanbul,93401,2026-05-31T21:00,OpenMeteo,1,18.8
2026-05-31T11:03,Istanbul,93401,2026-05-31T22:00,OpenMeteo,1,18.5
2026-05-31T11:03,Istanbul,93401,2026-05-31T23:00,OpenMeteo,0,18.3
2026-05-31T11:03,Istanbul,93401,2026-06-01T00:00,OpenMeteo,0,18.1
2026-05-31T11:03,Istanbul,93401,2026-06-01T01:00,OpenMeteo,0,17.8
2026-05-31T11:03,Istanbul,93401,2026-06-01T02:00,OpenMeteo,1,17.6
2026-05-31T11:03,Istanbul,93401,2026-06-01T03:00,OpenMeteo,1,17.5
2026-05-31T11:03,Istanbul,93401,2026-06-01T04:00,OpenMeteo,1,18.0
2026-05-31T11:03,Istanbul,93401,2026-06-01T05:00,OpenMeteo,1,19.4
2026-05-31T11:03,Istanbul,93401,2026-06-01T06:00,OpenMeteo,2,20.8
2026-05-31T11:03,Istanbul,93401,2026-06-01T07:00,OpenMeteo,3,21.9
2026-05-31T11:03,Istanbul,93401,2026-06-01T08:00,OpenMeteo,3,22.6
2026-05-31T11:03,Istanbul,93401,2026-06-01T09:00,OpenMeteo,1,23.6
2026-05-31T11:03,Istanbul,93401,2026-06-01T10:00,OpenMeteo,0,24.5
2026-05-31T11:03,Istanbul,93401,2026-06-01T11:00,OpenMeteo,0,25.2
2026-05-31T11:03,Istanbul,93401,2026-06-01T12:00,OpenMeteo,3,25.7
2026-05-31T11:03,Istanbul,93401,2026-06-01T13:00,OpenMeteo,3,25.7
2026-05-31T11:03,Istanbul,93401,2026-06-01T14:00,OpenMeteo,3,25.6
2026-05-31T11:03,Istanbul,93401,2026-06-01T15:00,OpenMeteo,0,25.5
2026-05-31T11:03,Istanbul,93401,2026-06-01T16:00,OpenMeteo,0,25.0
2026-05-31T11:03,Istanbul,93401,2026-06-01T17:00,OpenMeteo,2,23.7
2026-05-31T11:03,Istanbul,93401,2026-06-01T18:00,OpenMeteo,1,22.6
2026-05-31T11:03,Istanbul,93401,2026-06-01T19:00,OpenMeteo,1,21.8
2026-05-31T11:03,Istanbul,93401,2026-06-01T20:00,OpenMeteo,1,20.8
2026-05-31T11:03,Istanbul,93401,2026-06-01T21:00,OpenMeteo,0,20.2
2026-05-31T11:03,Istanbul,93401,2026-06-01T22:00,OpenMeteo,0,19.9
2026-05-31T11:03,Istanbul,93401,2026-06-01T23:00,OpenMeteo,0,19.5
2026-05-31T11:03,Izmir,93501,2026-05-31T12:00,MGM,AB,31
2026-05-31T11:03,Izmir,93501,2026-05-31T15:00,MGM,AB,29
2026-05-31T11:03,Izmir,93501,2026-05-31T18:00,MGM,A,25
2026-05-31T11:03,Izmir,93501,2026-05-31T21:00,MGM,A,23
2026-05-31T11:03,Izmir,93501,2026-06-01T00:00,MGM,A,20
2026-05-31T11:03,Izmir,93501,2026-06-01T03:00,MGM,A,18
2026-05-31T11:03,Izmir,93501,2026-06-01T06:00,MGM,A,25
2026-05-31T11:03,Izmir,93501,2026-06-01T09:00,MGM,A,29
2026-05-31T11:03,Izmir,93501,2026-06-01T12:00,MGM,AB,32
2026-05-31T11:03,Izmir,93501,2026-06-01T15:00,MGM,AB,29
2026-05-31T11:03,Izmir,93501,2026-06-01T18:00,MGM,A,25
2026-05-31T11:03,Izmir,93501,2026-06-01T21:00,MGM,A,22
2026-05-31T11:03,Izmir,93501,2026-05-31T00:00,OpenMeteo,0,14.2
2026-05-31T11:03,Izmir,93501,2026-05-31T01:00,OpenMeteo,0,13.8
2026-05-31T11:03,Izmir,93501,2026-05-31T02:00,OpenMeteo,0,13.7
2026-05-31T11:03,Izmir,93501,2026-05-31T03:00,OpenMeteo,0,13.6
2026-05-31T11:03,Izmir,93501,2026-05-31T04:00,OpenMeteo,0,14.8
2026-05-31T11:03,Izmir,93501,2026-05-31T05:00,OpenMeteo,1,19.0
2026-05-31T11:03,Izmir,93501,2026-05-31T06:00,OpenMeteo,1,22.3
2026-05-31T11:03,Izmir,93501,2026-05-31T07:00,OpenMeteo,0,24.3
2026-05-31T11:03,Izmir,93501,2026-05-31T08:00,OpenMeteo,1,26.1
2026-05-31T11:03,Izmir,93501,2026-05-31T09:00,OpenMeteo,1,27.4
2026-05-31T11:03,Izmir,93501,2026-05-31T10:00,OpenMeteo,3,28.7
2026-05-31T11:03,Izmir,93501,2026-05-31T11:00,OpenMeteo,1,29.4
2026-05-31T11:03,Izmir,93501,2026-05-31T12:00,OpenMeteo,0,29.6
2026-05-31T11:03,Izmir,93501,2026-05-31T13:00,OpenMeteo,3,30.2
2026-05-31T11:03,Izmir,93501,2026-05-31T14:00,OpenMeteo,0,29.8
2026-05-31T11:03,Izmir,93501,2026-05-31T15:00,OpenMeteo,0,28.7
2026-05-31T11:03,Izmir,93501,2026-05-31T16:00,OpenMeteo,0,27.8
2026-05-31T11:03,Izmir,93501,2026-05-31T17:00,OpenMeteo,0,26.4
2026-05-31T11:03,Izmir,93501,2026-05-31T18:00,OpenMeteo,0,24.8
2026-05-31T11:03,Izmir,93501,2026-05-31T19:00,OpenMeteo,0,23.1
2026-05-31T11:03,Izmir,93501,2026-05-31T20:00,OpenMeteo,0,21.1
2026-05-31T11:03,Izmir,93501,2026-05-31T21:00,OpenMeteo,0,19.3
2026-05-31T11:03,Izmir,93501,2026-05-31T22:00,OpenMeteo,0,18.4
2026-05-31T11:03,Izmir,93501,2026-05-31T23:00,OpenMeteo,0,17.9
2026-05-31T11:03,Izmir,93501,2026-06-01T00:00,OpenMeteo,0,17.5
2026-05-31T11:03,Izmir,93501,2026-06-01T01:00,OpenMeteo,0,17.1
2026-05-31T11:03,Izmir,93501,2026-06-01T02:00,OpenMeteo,0,16.8
2026-05-31T11:03,Izmir,93501,2026-06-01T03:00,OpenMeteo,0,16.6
2026-05-31T11:03,Izmir,93501,2026-06-01T04:00,OpenMeteo,0,17.5
2026-05-31T11:03,Izmir,93501,2026-06-01T05:00,OpenMeteo,0,21.2
2026-05-31T11:03,Izmir,93501,2026-06-01T06:00,OpenMeteo,0,24.0
2026-05-31T11:03,Izmir,93501,2026-06-01T07:00,OpenMeteo,0,25.9
2026-05-31T11:03,Izmir,93501,2026-06-01T08:00,OpenMeteo,0,27.9
2026-05-31T11:03,Izmir,93501,2026-06-01T09:00,OpenMeteo,0,29.8
2026-05-31T11:03,Izmir,93501,2026-06-01T10:00,OpenMeteo,0,31.2
2026-05-31T11:03,Izmir,93501,2026-06-01T11:00,OpenMeteo,0,31.7
2026-05-31T11:03,Izmir,93501,2026-06-01T12:00,OpenMeteo,0,32.1
2026-05-31T11:03,Izmir,93501,2026-06-01T13:00,OpenMeteo,0,32.0
2026-05-31T11:03,Izmir,93501,2026-06-01T14:00,OpenMeteo,0,31.5
2026-05-31T11:03,Izmir,93501,2026-06-01T15:00,OpenMeteo,0,30.6
2026-05-31T11:03,Izmir,93501,2026-06-01T16:00,OpenMeteo,0,29.3
2026-05-31T11:03,Izmir,93501,2026-06-01T17:00,OpenMeteo,0,27.8
2026-05-31T11:03,Izmir,93501,2026-06-01T18:00,OpenMeteo,0,25.7
2026-05-31T11:03,Izmir,93501,2026-06-01T19:00,OpenMeteo,0,23.9
2026-05-31T11:03,Izmir,93501,2026-06-01T20:00,OpenMeteo,0,21.7
2026-05-31T11:03,Izmir,93501,2026-06-01T21:00,OpenMeteo,0,20.7
2026-05-31T11:03,Izmir,93501,2026-06-01T22:00,OpenMeteo,0,20.4
2026-05-31T11:03,Izmir,93501,2026-06-01T23:00,OpenMeteo,0,19.6
2026-05-31T11:03,Antalya,90701,2026-05-31T12:00,MGM,AB,27
2026-05-31T11:03,Antalya,90701,2026-05-31T15:00,MGM,AB,25
2026-05-31T11:03,Antalya,90701,2026-05-31T18:00,MGM,AB,24
2026-05-31T11:03,Antalya,90701,2026-05-31T21:00,MGM,AB,23
2026-05-31T11:03,Antalya,90701,2026-06-01T00:00,MGM,AB,21
2026-05-31T11:03,Antalya,90701,2026-06-01T03:00,MGM,AB,19
2026-05-31T11:03,Antalya,90701,2026-06-01T06:00,MGM,AB,24
2026-05-31T11:03,Antalya,90701,2026-06-01T09:00,MGM,AB,25
2026-05-31T11:03,Antalya,90701,2026-06-01T12:00,MGM,AB,27
2026-05-31T11:03,Antalya,90701,2026-06-01T15:00,MGM,AB,26
2026-05-31T11:03,Antalya,90701,2026-06-01T18:00,MGM,AB,25
2026-05-31T11:03,Antalya,90701,2026-06-01T21:00,MGM,AB,23
2026-05-31T11:03,Antalya,90701,2026-05-31T00:00,OpenMeteo,0,18.3
2026-05-31T11:03,Antalya,90701,2026-05-31T01:00,OpenMeteo,0,17.9
2026-05-31T11:03,Antalya,90701,2026-05-31T02:00,OpenMeteo,0,17.6
2026-05-31T11:03,Antalya,90701,2026-05-31T03:00,OpenMeteo,0,17.3
2026-05-31T11:03,Antalya,90701,2026-05-31T04:00,OpenMeteo,0,18.2
2026-05-31T11:03,Antalya,90701,2026-05-31T05:00,OpenMeteo,0,20.8
2026-05-31T11:03,Antalya,90701,2026-05-31T06:00,OpenMeteo,0,24.1
2026-05-31T11:03,Antalya,90701,2026-05-31T07:00,OpenMeteo,0,26.3
2026-05-31T11:03,Antalya,90701,2026-05-31T08:00,OpenMeteo,0,26.2
2026-05-31T11:03,Antalya,90701,2026-05-31T09:00,OpenMeteo,0,25.5
2026-05-31T11:03,Antalya,90701,2026-05-31T10:00,OpenMeteo,0,25.5
2026-05-31T11:03,Antalya,90701,2026-05-31T11:00,OpenMeteo,0,25.6
2026-05-31T11:03,Antalya,90701,2026-05-31T12:00,OpenMeteo,1,25.4
2026-05-31T11:03,Antalya,90701,2026-05-31T13:00,OpenMeteo,0,25.1
2026-05-31T11:03,Antalya,90701,2026-05-31T14:00,OpenMeteo,0,24.6
2026-05-31T11:03,Antalya,90701,2026-05-31T15:00,OpenMeteo,0,24.2
2026-05-31T11:03,Antalya,90701,2026-05-31T16:00,OpenMeteo,1,23.7
2026-05-31T11:03,Antalya,90701,2026-05-31T17:00,OpenMeteo,1,23.0
2026-05-31T11:03,Antalya,90701,2026-05-31T18:00,OpenMeteo,1,22.5
2026-05-31T11:03,Antalya,90701,2026-05-31T19:00,OpenMeteo,1,22.0
2026-05-31T11:03,Antalya,90701,2026-05-31T20:00,OpenMeteo,1,21.2
2026-05-31T11:03,Antalya,90701,2026-05-31T21:00,OpenMeteo,1,20.5
2026-05-31T11:03,Antalya,90701,2026-05-31T22:00,OpenMeteo,1,20.0
2026-05-31T11:03,Antalya,90701,2026-05-31T23:00,OpenMeteo,1,19.5
2026-05-31T11:03,Antalya,90701,2026-06-01T00:00,OpenMeteo,1,19.0
2026-05-31T11:03,Antalya,90701,2026-06-01T01:00,OpenMeteo,0,18.6
2026-05-31T11:03,Antalya,90701,2026-06-01T02:00,OpenMeteo,0,18.3
2026-05-31T11:03,Antalya,90701,2026-06-01T03:00,OpenMeteo,0,18.1
2026-05-31T11:03,Antalya,90701,2026-06-01T04:00,OpenMeteo,0,18.5
2026-05-31T11:03,Antalya,90701,2026-06-01T05:00,OpenMeteo,0,20.7
2026-05-31T11:03,Antalya,90701,2026-06-01T06:00,OpenMeteo,0,23.1
2026-05-31T11:03,Antalya,90701,2026-06-01T07:00,OpenMeteo,0,24.2
2026-05-31T11:03,Antalya,90701,2026-06-01T08:00,OpenMeteo,0,24.7
2026-05-31T11:03,Antalya,90701,2026-06-01T09:00,OpenMeteo,0,24.9
2026-05-31T11:03,Antalya,90701,2026-06-01T10:00,OpenMeteo,0,25.2
2026-05-31T11:03,Antalya,90701,2026-06-01T11:00,OpenMeteo,0,25.1
2026-05-31T11:03,Antalya,90701,2026-06-01T12:00,OpenMeteo,1,24.9
2026-05-31T11:03,Antalya,90701,2026-06-01T13:00,OpenMeteo,0,24.9
2026-05-31T11:03,Antalya,90701,2026-06-01T14:00,OpenMeteo,0,24.7
2026-05-31T11:03,Antalya,90701,2026-06-01T15:00,OpenMeteo,0,24.2
2026-05-31T11:03,Antalya,90701,2026-06-01T16:00,OpenMeteo,0,23.8
2026-05-31T11:03,Antalya,90701,2026-06-01T17:00,OpenMeteo,1,23.0
2026-05-31T11:03,Antalya,90701,2026-06-01T18:00,OpenMeteo,1,22.4
2026-05-31T11:03,Antalya,90701,2026-06-01T19:00,OpenMeteo,1,22.0
2026-05-31T11:03,Antalya,90701,2026-06-01T20:00,OpenMeteo,1,21.4
2026-05-31T11:03,Antalya,90701,2026-06-01T21:00,OpenMeteo,1,20.6
2026-05-31T11:03,Antalya,90701,2026-06-01T22:00,OpenMeteo,1,20.1
2026-05-31T11:03,Antalya,90701,2026-06-01T23:00,OpenMeteo,1,19.7
2026-05-31T11:03,Ankara,90601,2026-05-31T12:00,MGM,PB,23
2026-05-31T11:03,Ankara,90601,2026-05-31T15:00,MGM,PB,21
2026-05-31T11:03,Ankara,90601,2026-05-31T18:00,MGM,PB,17
2026-05-31T11:03,Ankara,90601,2026-05-31T21:00,MGM,PB,15
2026-05-31T11:03,Ankara,90601,2026-06-01T00:00,MGM,PB,13
2026-05-31T11:03,Ankara,90601,2026-06-01T03:00,MGM,PB,12
2026-05-31T11:03,Ankara,90601,2026-06-01T06:00,MGM,PB,16
2026-05-31T11:03,Ankara,90601,2026-06-01T09:00,MGM,PB,20
2026-05-31T11:03,Ankara,90601,2026-06-01T12:00,MGM,GSY,24
2026-05-31T11:03,Ankara,90601,2026-06-01T15:00,MGM,GSY,21
2026-05-31T11:03,Ankara,90601,2026-06-01T18:00,MGM,PB,18
2026-05-31T11:03,Ankara,90601,2026-06-01T21:00,MGM,PB,15
2026-05-31T11:03,Erzurum,92501,2026-05-31T12:00,MGM,PB,16
2026-05-31T11:03,Erzurum,92501,2026-05-31T15:00,MGM,PB,15
2026-05-31T11:03,Erzurum,92501,2026-05-31T18:00,MGM,PB,10
2026-05-31T11:03,Erzurum,92501,2026-05-31T21:00,MGM,PB,7
2026-05-31T11:03,Erzurum,92501,2026-06-01T00:00,MGM,AB,6
2026-05-31T11:03,Erzurum,92501,2026-06-01T03:00,MGM,AB,4
2026-05-31T11:03,Erzurum,92501,2026-06-01T06:00,MGM,PB,14
2026-05-31T11:03,Erzurum,92501,2026-06-01T09:00,MGM,PB,17
2026-05-31T11:03,Erzurum,92501,2026-06-01T12:00,MGM,GSY,20
2026-05-31T11:03,Erzurum,92501,2026-06-01T15:00,MGM,GSY,13
2026-05-31T11:03,Erzurum,92501,2026-06-01T18:00,MGM,GSY,10
2026-05-31T11:03,Erzurum,92501,2026-06-01T21:00,MGM,GSY,9
2026-05-31T11:03,Gaziantep,92701,2026-05-31T12:00,MGM,AB,27
2026-05-31T11:03,Gaziantep,92701,2026-05-31T15:00,MGM,AB,26
2026-05-31T11:03,Gaziantep,92701,2026-05-31T18:00,MGM,AB,22
2026-05-31T11:03,Gaziantep,92701,2026-05-31T21:00,MGM,AB,18
2026-05-31T11:03,Gaziantep,92701,2026-06-01T00:00,MGM,PB,16
2026-05-31T11:03,Gaziantep,92701,2026-06-01T03:00,MGM,PB,15
2026-05-31T11:03,Gaziantep,92701,2026-06-01T06:00,MGM,PB,22
2026-05-31T11:03,Gaziantep,92701,2026-06-01T09:00,MGM,PB,27
2026-05-31T11:03,Gaziantep,92701,2026-06-01T12:00,MGM,AB,30
2026-05-31T11:03,Gaziantep,92701,2026-06-01T15:00,MGM,AB,27
2026-05-31T11:03,Gaziantep,92701,2026-06-01T18:00,MGM,AB,23
2026-05-31T11:03,Gaziantep,92701,2026-06-01T21:00,MGM,AB,19
2026-05-31T11:03,Gaziantep,92701,2026-05-31T00:00,OpenMeteo,0,14.0
2026-05-31T11:03,Gaziantep,92701,2026-05-31T01:00,OpenMeteo,0,13.6
2026-05-31T11:03,Gaziantep,92701,2026-05-31T02:00,OpenMeteo,0,13.6
2026-05-31T11:03,Gaziantep,92701,2026-05-31T03:00,OpenMeteo,0,13.6
2026-05-31T11:03,Gaziantep,92701,2026-05-31T04:00,OpenMeteo,0,15.9
2026-05-31T11:03,Gaziantep,92701,2026-05-31T05:00,OpenMeteo,0,18.4
2026-05-31T11:03,Gaziantep,92701,2026-05-31T06:00,OpenMeteo,0,20.5
2026-05-31T11:03,Gaziantep,92701,2026-05-31T07:00,OpenMeteo,0,21.8
2026-05-31T11:03,Gaziantep,92701,2026-05-31T08:00,OpenMeteo,0,23.1
2026-05-31T11:03,Gaziantep,92701,2026-05-31T09:00,OpenMeteo,0,24.3
2026-05-31T11:03,Gaziantep,92701,2026-05-31T10:00,OpenMeteo,0,25.3
2026-05-31T11:03,Gaziantep,92701,2026-05-31T11:00,OpenMeteo,0,26.1
2026-05-31T11:03,Gaziantep,92701,2026-05-31T12:00,OpenMeteo,0,26.4
2026-05-31T11:03,Gaziantep,92701,2026-05-31T13:00,OpenMeteo,0,26.3
2026-05-31T11:03,Gaziantep,92701,2026-05-31T14:00,OpenMeteo,0,26.0
2026-05-31T11:03,Gaziantep,92701,2026-05-31T15:00,OpenMeteo,1,25.6
2026-05-31T11:03,Gaziantep,92701,2026-05-31T16:00,OpenMeteo,2,24.2
2026-05-31T11:03,Gaziantep,92701,2026-05-31T17:00,OpenMeteo,1,22.5
2026-05-31T11:03,Gaziantep,92701,2026-05-31T18:00,OpenMeteo,0,20.8
2026-05-31T11:03,Gaziantep,92701,2026-05-31T19:00,OpenMeteo,0,19.0
2026-05-31T11:03,Gaziantep,92701,2026-05-31T20:00,OpenMeteo,0,17.3
2026-05-31T11:03,Gaziantep,92701,2026-05-31T21:00,OpenMeteo,0,15.9
2026-05-31T11:03,Gaziantep,92701,2026-05-31T22:00,OpenMeteo,0,14.9
2026-05-31T11:03,Gaziantep,92701,2026-05-31T23:00,OpenMeteo,0,14.2
2026-05-31T11:03,Gaziantep,92701,2026-06-01T00:00,OpenMeteo,0,13.9
2026-05-31T11:03,Gaziantep,92701,2026-06-01T01:00,OpenMeteo,0,13.8
2026-05-31T11:03,Gaziantep,92701,2026-06-01T02:00,OpenMeteo,0,13.3
2026-05-31T11:03,Gaziantep,92701,2026-06-01T03:00,OpenMeteo,0,13.3
2026-05-31T11:03,Gaziantep,92701,2026-06-01T04:00,OpenMeteo,0,15.8
2026-05-31T11:03,Gaziantep,92701,2026-06-01T05:00,OpenMeteo,0,19.9
2026-05-31T11:03,Gaziantep,92701,2026-06-01T06:00,OpenMeteo,1,22.2
2026-05-31T11:03,Gaziantep,92701,2026-06-01T07:00,OpenMeteo,1,24.1
2026-05-31T11:03,Gaziantep,92701,2026-06-01T08:00,OpenMeteo,1,25.7
2026-05-31T11:03,Gaziantep,92701,2026-06-01T09:00,OpenMeteo,1,26.9
2026-05-31T11:03,Gaziantep,92701,2026-06-01T10:00,OpenMeteo,1,27.9
2026-05-31T11:03,Gaziantep,92701,2026-06-01T11:00,OpenMeteo,0,28.4
2026-05-31T11:03,Gaziantep,92701,2026-06-01T12:00,OpenMeteo,0,28.6
2026-05-31T11:03,Gaziantep,92701,2026-06-01T13:00,OpenMeteo,0,28.4
2026-05-31T11:03,Gaziantep,92701,2026-06-01T14:00,OpenMeteo,1,28.0
2026-05-31T11:03,Gaziantep,92701,2026-06-01T15:00,OpenMeteo,1,26.8
2026-05-31T11:03,Gaziantep,92701,2026-06-01T16:00,OpenMeteo,1,25.0
2026-05-31T11:03,Gaziantep,92701,2026-06-01T17:00,OpenMeteo,0,22.9
2026-05-31T11:03,Gaziantep,92701,2026-06-01T18:00,OpenMeteo,0,21.2
2026-05-31T11:03,Gaziantep,92701,2026-06-01T19:00,OpenMeteo,0,20.1
2026-05-31T11:03,Gaziantep,92701,2026-06-01T20:00,OpenMeteo,0,19.1
2026-05-31T11:03,Gaziantep,92701,2026-06-01T21:00,OpenMeteo,0,18.2
2026-05-31T11:03,Gaziantep,92701,2026-06-01T22:00,OpenMeteo,0,18.2
2026-05-31T11:03,Gaziantep,92701,2026-06-01T23:00,OpenMeteo,0,18.2
2026-05-31T13:58,Istanbul,93401,2026-05-31T15:00,MGM,PB,24
2026-05-31T13:58,Istanbul,93401,2026-05-31T18:00,MGM,PB,22
2026-05-31T13:58,Istanbul,93401,2026-05-31T21:00,MGM,PB,21
2026-05-31T13:58,Istanbul,93401,2026-06-01T00:00,MGM,AB,20
2026-05-31T13:58,Istanbul,93401,2026-06-01T03:00,MGM,AB,19
2026-05-31T13:58,Istanbul,93401,2026-06-01T06:00,MGM,PB,22
2026-05-31T13:58,Istanbul,93401,2026-06-01T09:00,MGM,PB,24
2026-05-31T13:58,Istanbul,93401,2026-06-01T12:00,MGM,PB,26
2026-05-31T13:58,Istanbul,93401,2026-06-01T15:00,MGM,PB,25
2026-05-31T13:58,Istanbul,93401,2026-06-01T18:00,MGM,AB,23
2026-05-31T13:58,Istanbul,93401,2026-06-01T21:00,MGM,AB,22
2026-05-31T13:58,Istanbul,93401,2026-05-31T00:00,OpenMeteo,1,16.7
2026-05-31T13:58,Istanbul,93401,2026-05-31T01:00,OpenMeteo,1,16.4
2026-05-31T13:58,Istanbul,93401,2026-05-31T02:00,OpenMeteo,0,16.4
2026-05-31T13:58,Istanbul,93401,2026-05-31T03:00,OpenMeteo,1,16.6
2026-05-31T13:58,Istanbul,93401,2026-05-31T04:00,OpenMeteo,1,17.3
2026-05-31T13:58,Istanbul,93401,2026-05-31T05:00,OpenMeteo,1,18.7
2026-05-31T13:58,Istanbul,93401,2026-05-31T06:00,OpenMeteo,2,19.8
2026-05-31T13:58,Istanbul,93401,2026-05-31T07:00,OpenMeteo,3,20.5
2026-05-31T13:58,Istanbul,93401,2026-05-31T08:00,OpenMeteo,2,21.3
2026-05-31T13:58,Istanbul,93401,2026-05-31T09:00,OpenMeteo,2,21.7
2026-05-31T13:58,Istanbul,93401,2026-05-31T10:00,OpenMeteo,3,22.0
2026-05-31T13:58,Istanbul,93401,2026-05-31T11:00,OpenMeteo,3,22.3
2026-05-31T13:58,Istanbul,93401,2026-05-31T12:00,OpenMeteo,2,22.1
2026-05-31T13:58,Istanbul,93401,2026-05-31T13:00,OpenMeteo,2,22.7
2026-05-31T13:58,Istanbul,93401,2026-05-31T14:00,OpenMeteo,2,22.6
2026-05-31T13:58,Istanbul,93401,2026-05-31T15:00,OpenMeteo,3,22.1
2026-05-31T13:58,Istanbul,93401,2026-05-31T16:00,OpenMeteo,3,21.4
2026-05-31T13:58,Istanbul,93401,2026-05-31T17:00,OpenMeteo,3,20.8
2026-05-31T13:58,Istanbul,93401,2026-05-31T18:00,OpenMeteo,3,19.8
2026-05-31T13:58,Istanbul,93401,2026-05-31T19:00,OpenMeteo,2,19.4
2026-05-31T13:58,Istanbul,93401,2026-05-31T20:00,OpenMeteo,1,18.9
2026-05-31T13:58,Istanbul,93401,2026-05-31T21:00,OpenMeteo,1,18.5
2026-05-31T13:58,Istanbul,93401,2026-05-31T22:00,OpenMeteo,2,18.4
2026-05-31T13:58,Istanbul,93401,2026-05-31T23:00,OpenMeteo,1,18.3
2026-05-31T13:58,Istanbul,93401,2026-06-01T00:00,OpenMeteo,0,18.0
2026-05-31T13:58,Istanbul,93401,2026-06-01T01:00,OpenMeteo,0,17.7
2026-05-31T13:58,Istanbul,93401,2026-06-01T02:00,OpenMeteo,1,17.4
2026-05-31T13:58,Istanbul,93401,2026-06-01T03:00,OpenMeteo,1,17.3
2026-05-31T13:58,Istanbul,93401,2026-06-01T04:00,OpenMeteo,1,17.8
2026-05-31T13:58,Istanbul,93401,2026-06-01T05:00,OpenMeteo,2,19.3
2026-05-31T13:58,Istanbul,93401,2026-06-01T06:00,OpenMeteo,1,20.7
2026-05-31T13:58,Istanbul,93401,2026-06-01T07:00,OpenMeteo,3,21.7
2026-05-31T13:58,Istanbul,93401,2026-06-01T08:00,OpenMeteo,2,22.7
2026-05-31T13:58,Istanbul,93401,2026-06-01T09:00,OpenMeteo,0,23.5
2026-05-31T13:58,Istanbul,93401,2026-06-01T10:00,OpenMeteo,0,24.3
2026-05-31T13:58,Istanbul,93401,2026-06-01T11:00,OpenMeteo,0,25.1
2026-05-31T13:58,Istanbul,93401,2026-06-01T12:00,OpenMeteo,1,25.5
2026-05-31T13:58,Istanbul,93401,2026-06-01T13:00,OpenMeteo,2,25.9
2026-05-31T13:58,Istanbul,93401,2026-06-01T14:00,OpenMeteo,0,25.8
2026-05-31T13:58,Istanbul,93401,2026-06-01T15:00,OpenMeteo,0,25.7
2026-05-31T13:58,Istanbul,93401,2026-06-01T16:00,OpenMeteo,0,25.0
2026-05-31T13:58,Istanbul,93401,2026-06-01T17:00,OpenMeteo,2,23.7
2026-05-31T13:58,Istanbul,93401,2026-06-01T18:00,OpenMeteo,1,22.6
2026-05-31T13:58,Istanbul,93401,2026-06-01T19:00,OpenMeteo,1,21.8
2026-05-31T13:58,Istanbul,93401,2026-06-01T20:00,OpenMeteo,1,20.8
2026-05-31T13:58,Istanbul,93401,2026-06-01T21:00,OpenMeteo,0,20.2
2026-05-31T13:58,Istanbul,93401,2026-06-01T22:00,OpenMeteo,0,19.9
2026-05-31T13:58,Istanbul,93401,2026-06-01T23:00,OpenMeteo,0,19.5
2026-05-31T13:58,Izmir,93501,2026-05-31T15:00,MGM,AB,29
2026-05-31T13:58,Izmir,93501,2026-05-31T18:00,MGM,A,25
2026-05-31T13:58,Izmir,93501,2026-05-31T21:00,MGM,A,23
2026-05-31T13:58,Izmir,93501,2026-06-01T00:00,MGM,A,20
2026-05-31T13:58,Izmir,93501,2026-06-01T03:00,MGM,A,18
2026-05-31T13:58,Izmir,93501,2026-06-01T06:00,MGM,A,25
2026-05-31T13:58,Izmir,93501,2026-06-01T09:00,MGM,A,29
2026-05-31T13:58,Izmir,93501,2026-06-01T12:00,MGM,AB,32
2026-05-31T13:58,Izmir,93501,2026-06-01T15:00,MGM,AB,29
2026-05-31T13:58,Izmir,93501,2026-06-01T18:00,MGM,A,25
2026-05-31T13:58,Izmir,93501,2026-06-01T21:00,MGM,A,22
2026-05-31T13:58,Izmir,93501,2026-05-31T00:00,OpenMeteo,0,14.2
2026-05-31T13:58,Izmir,93501,2026-05-31T01:00,OpenMeteo,0,13.8
2026-05-31T13:58,Izmir,93501,2026-05-31T02:00,OpenMeteo,0,13.7
2026-05-31T13:58,Izmir,93501,2026-05-31T03:00,OpenMeteo,0,13.6
2026-05-31T13:58,Izmir,93501,2026-05-31T04:00,OpenMeteo,0,14.8
2026-05-31T13:58,Izmir,93501,2026-05-31T05:00,OpenMeteo,1,19.0
2026-05-31T13:58,Izmir,93501,2026-05-31T06:00,OpenMeteo,1,22.3
2026-05-31T13:58,Izmir,93501,2026-05-31T07:00,OpenMeteo,0,24.3
2026-05-31T13:58,Izmir,93501,2026-05-31T08:00,OpenMeteo,1,26.1
2026-05-31T13:58,Izmir,93501,2026-05-31T09:00,OpenMeteo,1,27.3
2026-05-31T13:58,Izmir,93501,2026-05-31T10:00,OpenMeteo,3,28.4
2026-05-31T13:58,Izmir,93501,2026-05-31T11:00,OpenMeteo,2,29.1
2026-05-31T13:58,Izmir,93501,2026-05-31T12:00,OpenMeteo,1,29.6
2026-05-31T13:58,Izmir,93501,2026-05-31T13:00,OpenMeteo,3,29.9
2026-05-31T13:58,Izmir,93501,2026-05-31T14:00,OpenMeteo,0,29.6
2026-05-31T13:58,Izmir,93501,2026-05-31T15:00,OpenMeteo,0,28.4
2026-05-31T13:58,Izmir,93501,2026-05-31T16:00,OpenMeteo,0,27.4
2026-05-31T13:58,Izmir,93501,2026-05-31T17:00,OpenMeteo,0,26.2
2026-05-31T13:58,Izmir,93501,2026-05-31T18:00,OpenMeteo,0,24.7
2026-05-31T13:58,Izmir,93501,2026-05-31T19:00,OpenMeteo,0,22.8
2026-05-31T13:58,Izmir,93501,2026-05-31T20:00,OpenMeteo,0,20.7
2026-05-31T13:58,Izmir,93501,2026-05-31T21:00,OpenMeteo,0,19.4
2026-05-31T13:58,Izmir,93501,2026-05-31T22:00,OpenMeteo,0,18.4
2026-05-31T13:58,Izmir,93501,2026-05-31T23:00,OpenMeteo,0,17.7
2026-05-31T13:58,Izmir,93501,2026-06-01T00:00,OpenMeteo,0,17.6
2026-05-31T13:58,Izmir,93501,2026-06-01T01:00,OpenMeteo,0,17.2
2026-05-31T13:58,Izmir,93501,2026-06-01T02:00,OpenMeteo,0,16.9
2026-05-31T13:58,Izmir,93501,2026-06-01T03:00,OpenMeteo,0,16.7
2026-05-31T13:58,Izmir,93501,2026-06-01T04:00,OpenMeteo,0,17.8
2026-05-31T13:58,Izmir,93501,2026-06-01T05:00,OpenMeteo,0,21.5
2026-05-31T13:58,Izmir,93501,2026-06-01T06:00,OpenMeteo,0,23.9
2026-05-31T13:58,Izmir,93501,2026-06-01T07:00,OpenMeteo,0,25.7
2026-05-31T13:58,Izmir,93501,2026-06-01T08:00,OpenMeteo,0,27.7
2026-05-31T13:58,Izmir,93501,2026-06-01T09:00,OpenMeteo,0,29.5
2026-05-31T13:58,Izmir,93501,2026-06-01T10:00,OpenMeteo,0,30.7
2026-05-31T13:58,Izmir,93501,2026-06-01T11:00,OpenMeteo,0,31.1
2026-05-31T13:58,Izmir,93501,2026-06-01T12:00,OpenMeteo,0,31.8
2026-05-31T13:58,Izmir,93501,2026-06-01T13:00,OpenMeteo,0,31.7
2026-05-31T13:58,Izmir,93501,2026-06-01T14:00,OpenMeteo,0,31.2
2026-05-31T13:58,Izmir,93501,2026-06-01T15:00,OpenMeteo,0,30.4
2026-05-31T13:58,Izmir,93501,2026-06-01T16:00,OpenMeteo,0,29.3
2026-05-31T13:58,Izmir,93501,2026-06-01T17:00,OpenMeteo,0,27.8
2026-05-31T13:58,Izmir,93501,2026-06-01T18:00,OpenMeteo,0,25.7
2026-05-31T13:58,Izmir,93501,2026-06-01T19:00,OpenMeteo,0,23.9
2026-05-31T13:58,Izmir,93501,2026-06-01T20:00,OpenMeteo,0,21.7
2026-05-31T13:58,Izmir,93501,2026-06-01T21:00,OpenMeteo,0,20.7
2026-05-31T13:58,Izmir,93501,2026-06-01T22:00,OpenMeteo,0,20.4
2026-05-31T13:58,Izmir,93501,2026-06-01T23:00,OpenMeteo,0,19.6
2026-05-31T13:58,Antalya,90701,2026-05-31T15:00,MGM,AB,25
2026-05-31T13:58,Antalya,90701,2026-05-31T18:00,MGM,AB,24
2026-05-31T13:58,Antalya,90701,2026-05-31T21:00,MGM,AB,23
2026-05-31T13:58,Antalya,90701,2026-06-01T00:00,MGM,AB,21
2026-05-31T13:58,Antalya,90701,2026-06-01T03:00,MGM,AB,19
2026-05-31T13:58,Antalya,90701,2026-06-01T06:00,MGM,AB,24
2026-05-31T13:58,Antalya,90701,2026-06-01T09:00,MGM,AB,25
2026-05-31T13:58,Antalya,90701,2026-06-01T12:00,MGM,AB,27
2026-05-31T13:58,Antalya,90701,2026-06-01T15:00,MGM,AB,26
2026-05-31T13:58,Antalya,90701,2026-06-01T18:00,MGM,AB,25
2026-05-31T13:58,Antalya,90701,2026-06-01T21:00,MGM,AB,23
2026-05-31T13:58,Ankara,90601,2026-05-31T15:00,MGM,PB,21
2026-05-31T13:58,Ankara,90601,2026-05-31T18:00,MGM,PB,17
2026-05-31T13:58,Ankara,90601,2026-05-31T21:00,MGM,PB,15
2026-05-31T13:58,Ankara,90601,2026-06-01T00:00,MGM,PB,13
2026-05-31T13:58,Ankara,90601,2026-06-01T03:00,MGM,PB,12
2026-05-31T13:58,Ankara,90601,2026-06-01T06:00,MGM,PB,16
2026-05-31T13:58,Ankara,90601,2026-06-01T09:00,MGM,PB,20
2026-05-31T13:58,Ankara,90601,2026-06-01T12:00,MGM,GSY,24
2026-05-31T13:58,Ankara,90601,2026-06-01T15:00,MGM,GSY,21
2026-05-31T13:58,Ankara,90601,2026-06-01T18:00,MGM,PB,18
2026-05-31T13:58,Ankara,90601,2026-06-01T21:00,MGM,PB,15
2026-05-31T13:58,Trabzon,96101,2026-05-31T15:00,MGM,SY,19
2026-05-31T13:58,Trabzon,96101,2026-05-31T18:00,MGM,SY,17
2026-05-31T13:58,Trabzon,96101,2026-05-31T21:00,MGM,SY,16
2026-05-31T13:58,Trabzon,96101,2026-06-01T00:00,MGM,PB,15
2026-05-31T13:58,Trabzon,96101,2026-06-01T03:00,MGM,PB,14
2026-05-31T13:58,Trabzon,96101,2026-06-01T06:00,MGM,PB,18
2026-05-31T13:58,Trabzon,96101,2026-06-01T09:00,MGM,PB,21
2026-05-31T13:58,Trabzon,96101,2026-06-01T12:00,MGM,PB,23
2026-05-31T13:58,Trabzon,96101,2026-06-01T15:00,MGM,GSY,20
2026-05-31T13:58,Trabzon,96101,2026-06-01T18:00,MGM,GSY,19
2026-05-31T13:58,Trabzon,96101,2026-06-01T21:00,MGM,GSY,18
2026-05-31T13:58,Trabzon,96101,2026-05-31T00:00,OpenMeteo,2,13.3
2026-05-31T13:58,Trabzon,96101,2026-05-31T01:00,OpenMeteo,80,15.6
2026-05-31T13:58,Trabzon,96101,2026-05-31T02:00,OpenMeteo,3,15.1
2026-05-31T13:58,Trabzon,96101,2026-05-31T03:00,OpenMeteo,61,15.0
2026-05-31T13:58,Trabzon,96101,2026-05-31T04:00,OpenMeteo,2,15.7
2026-05-31T13:58,Trabzon,96101,2026-05-31T05:00,OpenMeteo,2,16.9
2026-05-31T13:58,Trabzon,96101,2026-05-31T06:00,OpenMeteo,1,17.1
2026-05-31T13:58,Trabzon,96101,2026-05-31T07:00,OpenMeteo,2,17.7
2026-05-31T13:58,Trabzon,96101,2026-05-31T08:00,OpenMeteo,2,17.5
2026-05-31T13:58,Trabzon,96101,2026-05-31T09:00,OpenMeteo,2,17.8
2026-05-31T13:58,Trabzon,96101,2026-05-31T10:00,OpenMeteo,2,18.0
2026-05-31T13:58,Trabzon,96101,2026-05-31T11:00,OpenMeteo,1,18.2
2026-05-31T13:58,Trabzon,96101,2026-05-31T12:00,OpenMeteo,1,18.5
2026-05-31T13:58,Trabzon,96101,2026-05-31T13:00,OpenMeteo,0,18.5
2026-05-31T13:58,Trabzon,96101,2026-05-31T14:00,OpenMeteo,0,18.5
2026-05-31T13:58,Trabzon,96101,2026-05-31T15:00,OpenMeteo,0,18.3
2026-05-31T13:58,Trabzon,96101,2026-05-31T16:00,OpenMeteo,0,17.9
2026-05-31T13:58,Trabzon,96101,2026-05-31T17:00,OpenMeteo,0,17.3
2026-05-31T13:58,Trabzon,96101,2026-05-31T18:00,OpenMeteo,0,15.9
2026-05-31T13:58,Trabzon,96101,2026-05-31T19:00,OpenMeteo,0,15.2
2026-05-31T13:58,Trabzon,96101,2026-05-31T20:00,OpenMeteo,3,14.9
2026-05-31T13:58,Trabzon,96101,2026-05-31T21:00,OpenMeteo,1,14.8
2026-05-31T13:58,Trabzon,96101,2026-05-31T22:00,OpenMeteo,1,14.6
2026-05-31T13:58,Trabzon,96101,2026-05-31T23:00,OpenMeteo,1,14.5
2026-05-31T13:58,Trabzon,96101,2026-06-01T00:00,OpenMeteo,1,14.1
2026-05-31T13:58,Trabzon,96101,2026-06-01T01:00,OpenMeteo,1,14.0
2026-05-31T13:58,Trabzon,96101,2026-06-01T02:00,OpenMeteo,1,14.2
2026-05-31T13:58,Trabzon,96101,2026-06-01T03:00,OpenMeteo,0,15.0
2026-05-31T13:58,Trabzon,96101,2026-06-01T04:00,OpenMeteo,1,17.8
2026-05-31T13:58,Trabzon,96101,2026-06-01T05:00,OpenMeteo,2,20.8
2026-05-31T13:58,Trabzon,96101,2026-06-01T06:00,OpenMeteo,2,22.6
2026-05-31T13:58,Trabzon,96101,2026-06-01T07:00,OpenMeteo,2,20.5
2026-05-31T13:58,Trabzon,96101,2026-06-01T08:00,OpenMeteo,2,21.4
2026-05-31T13:58,Trabzon,96101,2026-06-01T09:00,OpenMeteo,2,22.1
2026-05-31T13:58,Trabzon,96101,2026-06-01T10:00,OpenMeteo,2,21.7
2026-05-31T13:58,Trabzon,96101,2026-06-01T11:00,OpenMeteo,2,22.1
2026-05-31T13:58,Trabzon,96101,2026-06-01T12:00,OpenMeteo,2,22.1
2026-05-31T13:58,Trabzon,96101,2026-06-01T13:00,OpenMeteo,2,21.1
2026-05-31T13:58,Trabzon,96101,2026-06-01T14:00,OpenMeteo,2,20.1
2026-05-31T13:58,Trabzon,96101,2026-06-01T15:00,OpenMeteo,3,19.3
2026-05-31T13:58,Trabzon,96101,2026-06-01T16:00,OpenMeteo,3,18.6
2026-05-31T13:58,Trabzon,96101,2026-06-01T17:00,OpenMeteo,3,18.3
2026-05-31T13:58,Trabzon,96101,2026-06-01T18:00,OpenMeteo,3,18.0
2026-05-31T13:58,Trabzon,96101,2026-06-01T19:00,OpenMeteo,3,17.5
2026-05-31T13:58,Trabzon,96101,2026-06-01T20:00,OpenMeteo,2,17.3
2026-05-31T13:58,Trabzon,96101,2026-06-01T21:00,OpenMeteo,2,16.9
2026-05-31T13:58,Trabzon,96101,2026-06-01T22:00,OpenMeteo,3,16.6
2026-05-31T13:58,Trabzon,96101,2026-06-01T23:00,OpenMeteo,2,16.2
2026-05-31T13:58,Erzurum,92501,2026-05-31T15:00,MGM,PB,15
2026-05-31T13:58,Erzurum,92501,2026-05-31T18:00,MGM,PB,10
2026-05-31T13:58,Erzurum,92501,2026-05-31T21:00,MGM,PB,7
2026-05-31T13:58,Erzurum,92501,2026-06-01T00:00,MGM,AB,6
2026-05-31T13:58,Erzurum,92501,2026-06-01T03:00,MGM,AB,4
2026-05-31T13:58,Erzurum,92501,2026-06-01T06:00,MGM,PB,14
2026-05-31T13:58,Erzurum,92501,2026-06-01T09:00,MGM,PB,17
2026-05-31T13:58,Erzurum,92501,2026-06-01T12:00,MGM,GSY,20
2026-05-31T13:58,Erzurum,92501,2026-06-01T15:00,MGM,GSY,13
2026-05-31T13:58,Erzurum,92501,2026-06-01T18:00,MGM,GSY,10
2026-05-31T13:58,Erzurum,92501,2026-06-01T21:00,MGM,GSY,9
2026-05-31T13:58,Erzurum,92501,2026-05-31T00:00,OpenMeteo,1,1.7
2026-05-31T13:58,Erzurum,92501,2026-05-31T01:00,OpenMeteo,0,1.6
2026-05-31T13:58,Erzurum,92501,2026-05-31T02:00,OpenMeteo,0,1.2
2026-05-31T13:58,Erzurum,92501,2026-05-31T03:00,OpenMeteo,1,2.1
2026-05-31T13:58,Erzurum,92501,2026-05-31T04:00,OpenMeteo,1,4.0
2026-05-31T13:58,Erzurum,92501,2026-05-31T05:00,OpenMeteo,2,6.4
2026-05-31T13:58,Erzurum,92501,2026-05-31T06:00,OpenMeteo,2,9.1
2026-05-31T13:58,Erzurum,92501,2026-05-31T07:00,OpenMeteo,2,10.0
2026-05-31T13:58,Erzurum,92501,2026-05-31T08:00,OpenMeteo,2,11.0
2026-05-31T13:58,Erzurum,92501,2026-05-31T09:00,OpenMeteo,1,11.6
2026-05-31T13:58,Erzurum,92501,2026-05-31T10:00,OpenMeteo,2,12.7
2026-05-31T13:58,Erzurum,92501,2026-05-31T11:00,OpenMeteo,2,13.1
2026-05-31T13:58,Erzurum,92501,2026-05-31T12:00,OpenMeteo,3,13.2
2026-05-31T13:58,Erzurum,92501,2026-05-31T13:00,OpenMeteo,0,13.2
2026-05-31T13:58,Erzurum,92501,2026-05-31T14:00,OpenMeteo,0,12.8
2026-05-31T13:58,Erzurum,92501,2026-05-31T15:00,OpenMeteo,0,12.2
2026-05-31T13:58,Erzurum,92501,2026-05-31T16:00,OpenMeteo,0,11.0
2026-05-31T13:58,Erzurum,92501,2026-05-31T17:00,OpenMeteo,0,8.8
2026-05-31T13:58,Erzurum,92501,2026-05-31T18:00,OpenMeteo,0,7.0
2026-05-31T13:58,Erzurum,92501,2026-05-31T19:00,OpenMeteo,0,5.8
2026-05-31T13:58,Erzurum,92501,2026-05-31T20:00,OpenMeteo,0,4.8
2026-05-31T13:58,Erzurum,92501,2026-05-31T21:00,OpenMeteo,0,4.0
2026-05-31T13:58,Erzurum,92501,2026-05-31T22:00,OpenMeteo,0,2.8
2026-05-31T13:58,Erzurum,92501,2026-05-31T23:00,OpenMeteo,1,2.2
2026-05-31T13:58,Erzurum,92501,2026-06-01T00:00,OpenMeteo,0,2.2
2026-05-31T13:58,Erzurum,92501,2026-06-01T01:00,OpenMeteo,0,2.2
2026-05-31T13:58,Erzurum,92501,2026-06-01T02:00,OpenMeteo,1,1.8
2026-05-31T13:58,Erzurum,92501,2026-06-01T03:00,OpenMeteo,2,2.4
2026-05-31T13:58,Erzurum,92501,2026-06-01T04:00,OpenMeteo,1,3.9
2026-05-31T13:58,Erzurum,92501,2026-06-01T05:00,OpenMeteo,2,6.3
2026-05-31T13:58,Erzurum,92501,2026-06-01T06:00,OpenMeteo,2,9.1
2026-05-31T13:58,Erzurum,92501,2026-06-01T07:00,OpenMeteo,1,11.6
2026-05-31T13:58,Erzurum,92501,2026-06-01T08:00,OpenMeteo,1,13.7
2026-05-31T13:58,Erzurum,92501,2026-06-01T09:00,OpenMeteo,2,15.1
2026-05-31T13:58,Erzurum,92501,2026-06-01T10:00,OpenMeteo,2,15.9
2026-05-31T13:58,Erzurum,92501,2026-06-01T11:00,OpenMeteo,2,15.9
2026-05-31T13:58,Erzurum,92501,2026-06-01T12:00,OpenMeteo,3,15.6
2026-05-31T13:58,Erzurum,92501,2026-06-01T13:00,OpenMeteo,95,13.8
2026-05-31T13:58,Erzurum,92501,2026-06-01T14:00,OpenMeteo,3,14.1
2026-05-31T13:58,Erzurum,92501,2026-06-01T15:00,OpenMeteo,3,13.5
2026-05-31T13:58,Erzurum,92501,2026-06-01T16:00,OpenMeteo,80,12.1
2026-05-31T13:58,Erzurum,92501,2026-06-01T17:00,OpenMeteo,3,10.6
2026-05-31T13:58,Erzurum,92501,2026-06-01T18:00,OpenMeteo,3,9.5
2026-05-31T13:58,Erzurum,92501,2026-06-01T19:00,OpenMeteo,2,8.7
2026-05-31T13:58,Erzurum,92501,2026-06-01T20:00,OpenMeteo,2,8.2
2026-05-31T13:58,Erzurum,92501,2026-06-01T21:00,OpenMeteo,2,7.6
2026-05-31T13:58,Erzurum,92501,2026-06-01T22:00,OpenMeteo,2,7.1
2026-05-31T13:58,Erzurum,92501,2026-06-01T23:00,OpenMeteo,2,6.8
2026-05-31T13:58,Gaziantep,92701,2026-05-31T15:00,MGM,AB,26
2026-05-31T13:58,Gaziantep,92701,2026-05-31T18:00,MGM,AB,22
2026-05-31T13:58,Gaziantep,92701,2026-05-31T21:00,MGM,AB,18
2026-05-31T13:58,Gaziantep,92701,2026-06-01T00:00,MGM,PB,16
2026-05-31T13:58,Gaziantep,92701,2026-06-01T03:00,MGM,PB,15
2026-05-31T13:58,Gaziantep,92701,2026-06-01T06:00,MGM,PB,22
2026-05-31T13:58,Gaziantep,92701,2026-06-01T09:00,MGM,PB,27
2026-05-31T13:58,Gaziantep,92701,2026-06-01T12:00,MGM,AB,30
2026-05-31T13:58,Gaziantep,92701,2026-06-01T15:00,MGM,AB,27
2026-05-31T13:58,Gaziantep,92701,2026-06-01T18:00,MGM,AB,23
2026-05-31T13:58,Gaziantep,92701,2026-06-01T21:00,MGM,AB,19
2026-05-31T13:58,Gaziantep,92701,2026-05-31T00:00,OpenMeteo,0,14.0
2026-05-31T13:58,Gaziantep,92701,2026-05-31T01:00,OpenMeteo,0,13.6
2026-05-31T13:58,Gaziantep,92701,2026-05-31T02:00,OpenMeteo,0,13.6
2026-05-31T13:58,Gaziantep,92701,2026-05-31T03:00,OpenMeteo,0,13.6
2026-05-31T13:58,Gaziantep,92701,2026-05-31T04:00,OpenMeteo,0,15.9
2026-05-31T13:58,Gaziantep,92701,2026-05-31T05:00,OpenMeteo,0,18.4
2026-05-31T13:58,Gaziantep,92701,2026-05-31T06:00,OpenMeteo,0,20.5
2026-05-31T13:58,Gaziantep,92701,2026-05-31T07:00,OpenMeteo,0,21.8
2026-05-31T13:58,Gaziantep,92701,2026-05-31T08:00,OpenMeteo,0,23.1
2026-05-31T13:58,Gaziantep,92701,2026-05-31T09:00,OpenMeteo,0,23.9
2026-05-31T13:58,Gaziantep,92701,2026-05-31T10:00,OpenMeteo,0,25.0
2026-05-31T13:58,Gaziantep,92701,2026-05-31T11:00,OpenMeteo,0,25.7
2026-05-31T13:58,Gaziantep,92701,2026-05-31T12:00,OpenMeteo,1,26.1
2026-05-31T13:58,Gaziantep,92701,2026-05-31T13:00,OpenMeteo,1,26.0
2026-05-31T13:58,Gaziantep,92701,2026-05-31T14:00,OpenMeteo,1,25.7
2026-05-31T13:58,Gaziantep,92701,2026-05-31T15:00,OpenMeteo,1,25.2
2026-05-31T13:58,Gaziantep,92701,2026-05-31T16:00,OpenMeteo,2,24.2
2026-05-31T13:58,Gaziantep,92701,2026-05-31T17:00,OpenMeteo,1,22.3
2026-05-31T13:58,Gaziantep,92701,2026-05-31T18:00,OpenMeteo,0,20.8
2026-05-31T13:58,Gaziantep,92701,2026-05-31T19:00,OpenMeteo,0,19.0
2026-05-31T13:58,Gaziantep,92701,2026-05-31T20:00,OpenMeteo,0,17.4
2026-05-31T13:58,Gaziantep,92701,2026-05-31T21:00,OpenMeteo,0,16.0
2026-05-31T13:58,Gaziantep,92701,2026-05-31T22:00,OpenMeteo,0,15.1
2026-05-31T13:58,Gaziantep,92701,2026-05-31T23:00,OpenMeteo,0,14.2
2026-05-31T13:58,Gaziantep,92701,2026-06-01T00:00,OpenMeteo,0,13.7
2026-05-31T13:58,Gaziantep,92701,2026-06-01T01:00,OpenMeteo,0,13.3
2026-05-31T13:58,Gaziantep,92701,2026-06-01T02:00,OpenMeteo,0,13.0
2026-05-31T13:58,Gaziantep,92701,2026-06-01T03:00,OpenMeteo,0,13.1
2026-05-31T13:58,Gaziantep,92701,2026-06-01T04:00,OpenMeteo,0,15.5
2026-05-31T13:58,Gaziantep,92701,2026-06-01T05:00,OpenMeteo,1,19.5
2026-05-31T13:58,Gaziantep,92701,2026-06-01T06:00,OpenMeteo,2,21.9
2026-05-31T13:58,Gaziantep,92701,2026-06-01T07:00,OpenMeteo,1,23.8
2026-05-31T13:58,Gaziantep,92701,2026-06-01T08:00,OpenMeteo,2,25.3
2026-05-31T13:58,Gaziantep,92701,2026-06-01T09:00,OpenMeteo,2,26.5
2026-05-31T13:58,Gaziantep,92701,2026-06-01T10:00,OpenMeteo,0,27.3
2026-05-31T13:58,Gaziantep,92701,2026-06-01T11:00,OpenMeteo,0,28.0
2026-05-31T13:58,Gaziantep,92701,2026-06-01T12:00,OpenMeteo,0,28.2
2026-05-31T13:58,Gaziantep,92701,2026-06-01T13:00,OpenMeteo,0,28.0
2026-05-31T13:58,Gaziantep,92701,2026-06-01T14:00,OpenMeteo,1,27.6
2026-05-31T13:58,Gaziantep,92701,2026-06-01T15:00,OpenMeteo,1,26.6
2026-05-31T13:58,Gaziantep,92701,2026-06-01T16:00,OpenMeteo,1,25.0
2026-05-31T13:58,Gaziantep,92701,2026-06-01T17:00,OpenMeteo,0,22.9
2026-05-31T13:58,Gaziantep,92701,2026-06-01T18:00,OpenMeteo,0,21.2
2026-05-31T13:58,Gaziantep,92701,2026-06-01T19:00,OpenMeteo,0,20.1
2026-05-31T13:58,Gaziantep,92701,2026-06-01T20:00,OpenMeteo,0,19.1
2026-05-31T13:58,Gaziantep,92701,2026-06-01T21:00,OpenMeteo,0,18.2
2026-05-31T13:58,Gaziantep,92701,2026-06-01T22:00,OpenMeteo,0,18.2
2026-05-31T13:58,Gaziantep,92701,2026-06-01T23:00,OpenMeteo,0,18.2
2026-05-31T16:16,Istanbul,93401,2026-05-31T18:00,MGM,PB,22
2026-05-31T16:16,Istanbul,93401,2026-05-31T21:00,MGM,PB,21
2026-05-31T16:16,Istanbul,93401,2026-06-01T00:00,MGM,AB,20
2026-05-31T16:16,Istanbul,93401,2026-06-01T03:00,MGM,AB,19
2026-05-31T16:16,Istanbul,93401,2026-06-01T06:00,MGM,PB,22
2026-05-31T16:16,Istanbul,93401,2026-06-01T09:00,MGM,PB,24
2026-05-31T16:16,Istanbul,93401,2026-06-01T12:00,MGM,PB,26
2026-05-31T16:16,Istanbul,93401,2026-06-01T15:00,MGM,PB,25
2026-05-31T16:16,Istanbul,93401,2026-06-01T18:00,MGM,AB,23
2026-05-31T16:16,Istanbul,93401,2026-06-01T21:00,MGM,AB,22
2026-05-31T16:16,Istanbul,93401,2026-05-31T00:00,OpenMeteo,1,16.7
2026-05-31T16:16,Istanbul,93401,2026-05-31T01:00,OpenMeteo,1,16.4
2026-05-31T16:16,Istanbul,93401,2026-05-31T02:00,OpenMeteo,0,16.4
2026-05-31T16:16,Istanbul,93401,2026-05-31T03:00,OpenMeteo,1,16.6
2026-05-31T16:16,Istanbul,93401,2026-05-31T04:00,OpenMeteo,1,17.3
2026-05-31T16:16,Istanbul,93401,2026-05-31T05:00,OpenMeteo,1,18.7
2026-05-31T16:16,Istanbul,93401,2026-05-31T06:00,OpenMeteo,2,19.8
2026-05-31T16:16,Istanbul,93401,2026-05-31T07:00,OpenMeteo,3,20.5
2026-05-31T16:16,Istanbul,93401,2026-05-31T08:00,OpenMeteo,2,21.3
2026-05-31T16:16,Istanbul,93401,2026-05-31T09:00,OpenMeteo,2,21.7
2026-05-31T16:16,Istanbul,93401,2026-05-31T10:00,OpenMeteo,3,22.0
2026-05-31T16:16,Istanbul,93401,2026-05-31T11:00,OpenMeteo,3,22.3
2026-05-31T16:16,Istanbul,93401,2026-05-31T12:00,OpenMeteo,2,22.4
2026-05-31T16:16,Istanbul,93401,2026-05-31T13:00,OpenMeteo,2,23.2
2026-05-31T16:16,Istanbul,93401,2026-05-31T14:00,OpenMeteo,1,23.2
2026-05-31T16:16,Istanbul,93401,2026-05-31T15:00,OpenMeteo,2,22.8
2026-05-31T16:16,Istanbul,93401,2026-05-31T16:00,OpenMeteo,3,21.9
2026-05-31T16:16,Istanbul,93401,2026-05-31T17:00,OpenMeteo,1,21.0
2026-05-31T16:16,Istanbul,93401,2026-05-31T18:00,OpenMeteo,1,20.0
2026-05-31T16:16,Istanbul,93401,2026-05-31T19:00,OpenMeteo,1,19.4
2026-05-31T16:16,Istanbul,93401,2026-05-31T20:00,OpenMeteo,1,19.0
2026-05-31T16:16,Istanbul,93401,2026-05-31T21:00,OpenMeteo,2,18.7
2026-05-31T16:16,Istanbul,93401,2026-05-31T22:00,OpenMeteo,1,18.8
2026-05-31T16:16,Istanbul,93401,2026-05-31T23:00,OpenMeteo,1,18.4
2026-05-31T16:16,Istanbul,93401,2026-06-01T00:00,OpenMeteo,1,18.1
2026-05-31T16:16,Istanbul,93401,2026-06-01T01:00,OpenMeteo,1,18.0
2026-05-31T16:16,Istanbul,93401,2026-06-01T02:00,OpenMeteo,0,17.7
2026-05-31T16:16,Istanbul,93401,2026-06-01T03:00,OpenMeteo,1,17.5
2026-05-31T16:16,Istanbul,93401,2026-06-01T04:00,OpenMeteo,2,18.1
2026-05-31T16:16,Istanbul,93401,2026-06-01T05:00,OpenMeteo,1,19.6
2026-05-31T16:16,Istanbul,93401,2026-06-01T06:00,OpenMeteo,0,21.0
2026-05-31T16:16,Istanbul,93401,2026-06-01T07:00,OpenMeteo,2,22.0
2026-05-31T16:16,Istanbul,93401,2026-06-01T08:00,OpenMeteo,1,22.9
2026-05-31T16:16,Istanbul,93401,2026-06-01T09:00,OpenMeteo,1,23.7
2026-05-31T16:16,Istanbul,93401,2026-06-01T10:00,OpenMeteo,0,24.5
2026-05-31T16:16,Istanbul,93401,2026-06-01T11:00,OpenMeteo,0,25.1
2026-05-31T16:16,Istanbul,93401,2026-06-01T12:00,OpenMeteo,3,25.3
2026-05-31T16:16,Istanbul,93401,2026-06-01T13:00,OpenMeteo,0,25.6
2026-05-31T16:16,Istanbul,93401,2026-06-01T14:00,OpenMeteo,0,25.9
2026-05-31T16:16,Istanbul,93401,2026-06-01T15:00,OpenMeteo,0,25.8
2026-05-31T16:16,Istanbul,93401,2026-06-01T16:00,OpenMeteo,0,25.0
2026-05-31T16:16,Istanbul,93401,2026-06-01T17:00,OpenMeteo,1,23.5
2026-05-31T16:16,Istanbul,93401,2026-06-01T18:00,OpenMeteo,1,22.1
2026-05-31T16:16,Istanbul,93401,2026-06-01T19:00,OpenMeteo,2,21.5
2026-05-31T16:16,Istanbul,93401,2026-06-01T20:00,OpenMeteo,2,21.2
2026-05-31T16:16,Istanbul,93401,2026-06-01T21:00,OpenMeteo,1,20.6
2026-05-31T16:16,Istanbul,93401,2026-06-01T22:00,OpenMeteo,1,20.3
2026-05-31T16:16,Istanbul,93401,2026-06-01T23:00,OpenMeteo,1,19.8
2026-05-31T16:16,Izmir,93501,2026-05-31T18:00,MGM,A,25
2026-05-31T16:16,Izmir,93501,2026-05-31T21:00,MGM,A,23
2026-05-31T16:16,Izmir,93501,2026-06-01T00:00,MGM,A,20
2026-05-31T16:16,Izmir,93501,2026-06-01T03:00,MGM,A,18
2026-05-31T16:16,Izmir,93501,2026-06-01T06:00,MGM,A,25
2026-05-31T16:16,Izmir,93501,2026-06-01T09:00,MGM,A,29
2026-05-31T16:16,Izmir,93501,2026-06-01T12:00,MGM,AB,32
2026-05-31T16:16,Izmir,93501,2026-06-01T15:00,MGM,AB,29
2026-05-31T16:16,Izmir,93501,2026-06-01T18:00,MGM,A,25
2026-05-31T16:16,Izmir,93501,2026-06-01T21:00,MGM,A,22
2026-05-31T16:16,Izmir,93501,2026-05-31T00:00,OpenMeteo,0,14.2
2026-05-31T16:16,Izmir,93501,2026-05-31T01:00,OpenMeteo,0,13.8
2026-05-31T16:16,Izmir,93501,2026-05-31T02:00,OpenMeteo,0,13.7
2026-05-31T16:16,Izmir,93501,2026-05-31T03:00,OpenMeteo,0,13.6
2026-05-31T16:16,Izmir,93501,2026-05-31T04:00,OpenMeteo,0,14.8
2026-05-31T16:16,Izmir,93501,2026-05-31T05:00,OpenMeteo,1,19.0
2026-05-31T16:16,Izmir,93501,2026-05-31T06:00,OpenMeteo,1,22.3
2026-05-31T16:16,Izmir,93501,2026-05-31T07:00,OpenMeteo,0,24.3
2026-05-31T16:16,Izmir,93501,2026-05-31T08:00,OpenMeteo,1,26.1
2026-05-31T16:16,Izmir,93501,2026-05-31T09:00,OpenMeteo,1,27.3
2026-05-31T16:16,Izmir,93501,2026-05-31T10:00,OpenMeteo,3,28.4
2026-05-31T16:16,Izmir,93501,2026-05-31T11:00,OpenMeteo,2,29.1
2026-05-31T16:16,Izmir,93501,2026-05-31T12:00,OpenMeteo,1,29.6
2026-05-31T16:16,Izmir,93501,2026-05-31T13:00,OpenMeteo,2,29.9
2026-05-31T16:16,Izmir,93501,2026-05-31T14:00,OpenMeteo,0,29.5
2026-05-31T16:16,Izmir,93501,2026-05-31T15:00,OpenMeteo,0,28.4
2026-05-31T16:16,Izmir,93501,2026-05-31T16:00,OpenMeteo,0,27.4
2026-05-31T16:16,Izmir,93501,2026-05-31T17:00,OpenMeteo,0,26.1
2026-05-31T16:16,Izmir,93501,2026-05-31T18:00,OpenMeteo,0,24.5
2026-05-31T16:16,Izmir,93501,2026-05-31T19:00,OpenMeteo,0,22.3
2026-05-31T16:16,Izmir,93501,2026-05-31T20:00,OpenMeteo,0,20.2
2026-05-31T16:16,Izmir,93501,2026-05-31T21:00,OpenMeteo,0,19.0
2026-05-31T16:16,Izmir,93501,2026-05-31T22:00,OpenMeteo,0,18.0
2026-05-31T16:16,Izmir,93501,2026-05-31T23:00,OpenMeteo,0,17.4
2026-05-31T16:16,Izmir,93501,2026-06-01T00:00,OpenMeteo,0,17.3
2026-05-31T16:16,Izmir,93501,2026-06-01T01:00,OpenMeteo,0,16.7
2026-05-31T16:16,Izmir,93501,2026-06-01T02:00,OpenMeteo,0,16.0
2026-05-31T16:16,Izmir,93501,2026-06-01T03:00,OpenMeteo,0,15.8
2026-05-31T16:16,Izmir,93501,2026-06-01T04:00,OpenMeteo,0,16.9
2026-05-31T16:16,Izmir,93501,2026-06-01T05:00,OpenMeteo,0,21.1
2026-05-31T16:16,Izmir,93501,2026-06-01T06:00,OpenMeteo,0,23.7
2026-05-31T16:16,Izmir,93501,2026-06-01T07:00,OpenMeteo,0,25.5
2026-05-31T16:16,Izmir,93501,2026-06-01T08:00,OpenMeteo,0,27.5
2026-05-31T16:16,Izmir,93501,2026-06-01T09:00,OpenMeteo,0,29.3
2026-05-31T16:16,Izmir,93501,2026-06-01T10:00,OpenMeteo,0,30.5
2026-05-31T16:16,Izmir,93501,2026-06-01T11:00,OpenMeteo,0,31.1
2026-05-31T16:16,Izmir,93501,2026-06-01T12:00,OpenMeteo,0,31.6
2026-05-31T16:16,Izmir,93501,2026-06-01T13:00,OpenMeteo,0,31.4
2026-05-31T16:16,Izmir,93501,2026-06-01T14:00,OpenMeteo,0,30.9
2026-05-31T16:16,Izmir,93501,2026-06-01T15:00,OpenMeteo,0,30.1
2026-05-31T16:16,Izmir,93501,2026-06-01T16:00,OpenMeteo,0,28.9
2026-05-31T16:16,Izmir,93501,2026-06-01T17:00,OpenMeteo,0,27.4
2026-05-31T16:16,Izmir,93501,2026-06-01T18:00,OpenMeteo,0,25.2
2026-05-31T16:16,Izmir,93501,2026-06-01T19:00,OpenMeteo,0,23.5
2026-05-31T16:16,Izmir,93501,2026-06-01T20:00,OpenMeteo,0,21.4
2026-05-31T16:16,Izmir,93501,2026-06-01T21:00,OpenMeteo,0,20.5
2026-05-31T16:16,Izmir,93501,2026-06-01T22:00,OpenMeteo,0,20.0
2026-05-31T16:16,Izmir,93501,2026-06-01T23:00,OpenMeteo,0,19.5
2026-05-31T16:16,Antalya,90701,2026-05-31T18:00,MGM,AB,24
2026-05-31T16:16,Antalya,90701,2026-05-31T21:00,MGM,AB,23
2026-05-31T16:16,Antalya,90701,2026-06-01T00:00,MGM,AB,21
2026-05-31T16:16,Antalya,90701,2026-06-01T03:00,MGM,AB,19
2026-05-31T16:16,Antalya,90701,2026-06-01T06:00,MGM,AB,24
2026-05-31T16:16,Antalya,90701,2026-06-01T09:00,MGM,AB,25
2026-05-31T16:16,Antalya,90701,2026-06-01T12:00,MGM,AB,27
2026-05-31T16:16,Antalya,90701,2026-06-01T15:00,MGM,AB,26
2026-05-31T16:16,Antalya,90701,2026-06-01T18:00,MGM,AB,25
2026-05-31T16:16,Antalya,90701,2026-06-01T21:00,MGM,AB,23
2026-05-31T16:16,Ankara,90601,2026-05-31T18:00,MGM,PB,17
2026-05-31T16:16,Ankara,90601,2026-05-31T21:00,MGM,PB,15
2026-05-31T16:16,Ankara,90601,2026-06-01T00:00,MGM,PB,13
2026-05-31T16:16,Ankara,90601,2026-06-01T03:00,MGM,PB,12
2026-05-31T16:16,Ankara,90601,2026-06-01T06:00,MGM,PB,16
2026-05-31T16:16,Ankara,90601,2026-06-01T09:00,MGM,PB,20
2026-05-31T16:16,Ankara,90601,2026-06-01T12:00,MGM,GSY,24
2026-05-31T16:16,Ankara,90601,2026-06-01T15:00,MGM,GSY,21
2026-05-31T16:16,Ankara,90601,2026-06-01T18:00,MGM,PB,18
2026-05-31T16:16,Ankara,90601,2026-06-01T21:00,MGM,PB,15
2026-05-31T16:16,Trabzon,96101,2026-05-31T18:00,MGM,SY,17
2026-05-31T16:16,Trabzon,96101,2026-05-31T21:00,MGM,SY,16
2026-05-31T16:16,Trabzon,96101,2026-06-01T00:00,MGM,PB,15
2026-05-31T16:16,Trabzon,96101,2026-06-01T03:00,MGM,PB,14
2026-05-31T16:16,Trabzon,96101,2026-06-01T06:00,MGM,PB,18
2026-05-31T16:16,Trabzon,96101,2026-06-01T09:00,MGM,PB,21
2026-05-31T16:16,Trabzon,96101,2026-06-01T12:00,MGM,PB,23
2026-05-31T16:16,Trabzon,96101,2026-06-01T15:00,MGM,GSY,20
2026-05-31T16:16,Trabzon,96101,2026-06-01T18:00,MGM,GSY,19
2026-05-31T16:16,Trabzon,96101,2026-06-01T21:00,MGM,GSY,18
2026-05-31T16:16,Trabzon,96101,2026-05-31T00:00,OpenMeteo,2,13.3
2026-05-31T16:16,Trabzon,96101,2026-05-31T01:00,OpenMeteo,80,15.6
2026-05-31T16:16,Trabzon,96101,2026-05-31T02:00,OpenMeteo,3,15.1
2026-05-31T16:16,Trabzon,96101,2026-05-31T03:00,OpenMeteo,61,15.0
2026-05-31T16:16,Trabzon,96101,2026-05-31T04:00,OpenMeteo,2,15.7
2026-05-31T16:16,Trabzon,96101,2026-05-31T05:00,OpenMeteo,2,16.9
2026-05-31T16:16,Trabzon,96101,2026-05-31T06:00,OpenMeteo,1,17.1
2026-05-31T16:16,Trabzon,96101,2026-05-31T07:00,OpenMeteo,2,17.7
2026-05-31T16:16,Trabzon,96101,2026-05-31T08:00,OpenMeteo,2,17.5
2026-05-31T16:16,Trabzon,96101,2026-05-31T09:00,OpenMeteo,2,17.8
2026-05-31T16:16,Trabzon,96101,2026-05-31T10:00,OpenMeteo,2,18.0
2026-05-31T16:16,Trabzon,96101,2026-05-31T11:00,OpenMeteo,1,18.2
2026-05-31T16:16,Trabzon,96101,2026-05-31T12:00,OpenMeteo,1,18.4
2026-05-31T16:16,Trabzon,96101,2026-05-31T13:00,OpenMeteo,0,18.5
2026-05-31T16:16,Trabzon,96101,2026-05-31T14:00,OpenMeteo,0,18.4
2026-05-31T16:16,Trabzon,96101,2026-05-31T15:00,OpenMeteo,0,18.1
2026-05-31T16:16,Trabzon,96101,2026-05-31T16:00,OpenMeteo,0,17.8
2026-05-31T16:16,Trabzon,96101,2026-05-31T17:00,OpenMeteo,0,17.1
2026-05-31T16:16,Trabzon,96101,2026-05-31T18:00,OpenMeteo,0,15.9
2026-05-31T16:16,Trabzon,96101,2026-05-31T19:00,OpenMeteo,3,15.0
2026-05-31T16:16,Trabzon,96101,2026-05-31T20:00,OpenMeteo,1,14.9
2026-05-31T16:16,Trabzon,96101,2026-05-31T21:00,OpenMeteo,1,14.6
2026-05-31T16:16,Trabzon,96101,2026-05-31T22:00,OpenMeteo,1,14.8
2026-05-31T16:16,Trabzon,96101,2026-05-31T23:00,OpenMeteo,1,14.4
2026-05-31T16:16,Trabzon,96101,2026-06-01T00:00,OpenMeteo,0,14.1
2026-05-31T16:16,Trabzon,96101,2026-06-01T01:00,OpenMeteo,1,13.9
2026-05-31T16:16,Trabzon,96101,2026-06-01T02:00,OpenMeteo,1,13.8
2026-05-31T16:16,Trabzon,96101,2026-06-01T03:00,OpenMeteo,1,14.7
2026-05-31T16:16,Trabzon,96101,2026-06-01T04:00,OpenMeteo,2,17.3
2026-05-31T16:16,Trabzon,96101,2026-06-01T05:00,OpenMeteo,2,20.8
2026-05-31T16:16,Trabzon,96101,2026-06-01T06:00,OpenMeteo,2,23.6
2026-05-31T16:16,Trabzon,96101,2026-06-01T07:00,OpenMeteo,1,21.5
2026-05-31T16:16,Trabzon,96101,2026-06-01T08:00,OpenMeteo,2,21.9
2026-05-31T16:16,Trabzon,96101,2026-06-01T09:00,OpenMeteo,1,22.3
2026-05-31T16:16,Trabzon,96101,2026-06-01T10:00,OpenMeteo,2,22.0
2026-05-31T16:16,Trabzon,96101,2026-06-01T11:00,OpenMeteo,1,22.0
2026-05-31T16:16,Trabzon,96101,2026-06-01T12:00,OpenMeteo,1,22.1
2026-05-31T16:16,Trabzon,96101,2026-06-01T13:00,OpenMeteo,2,21.4
2026-05-31T16:16,Trabzon,96101,2026-06-01T14:00,OpenMeteo,2,20.8
2026-05-31T16:16,Trabzon,96101,2026-06-01T15:00,OpenMeteo,2,20.2
2026-05-31T16:16,Trabzon,96101,2026-06-01T16:00,OpenMeteo,3,19.4
2026-05-31T16:16,Trabzon,96101,2026-06-01T17:00,OpenMeteo,3,18.6
2026-05-31T16:16,Trabzon,96101,2026-06-01T18:00,OpenMeteo,3,18.1
2026-05-31T16:16,Trabzon,96101,2026-06-01T19:00,OpenMeteo,2,18.0
2026-05-31T16:16,Trabzon,96101,2026-06-01T20:00,OpenMeteo,2,17.7
2026-05-31T16:16,Trabzon,96101,2026-06-01T21:00,OpenMeteo,2,17.1
2026-05-31T16:16,Trabzon,96101,2026-06-01T22:00,OpenMeteo,3,17.2
2026-05-31T16:16,Trabzon,96101,2026-06-01T23:00,OpenMeteo,61,16.7
2026-05-31T16:16,Gaziantep,92701,2026-05-31T18:00,MGM,AB,22
2026-05-31T16:16,Gaziantep,92701,2026-05-31T21:00,MGM,AB,18
2026-05-31T16:16,Gaziantep,92701,2026-06-01T00:00,MGM,PB,16
2026-05-31T16:16,Gaziantep,92701,2026-06-01T03:00,MGM,PB,15
2026-05-31T16:16,Gaziantep,92701,2026-06-01T06:00,MGM,PB,22
2026-05-31T16:16,Gaziantep,92701,2026-06-01T09:00,MGM,PB,27
2026-05-31T16:16,Gaziantep,92701,2026-06-01T12:00,MGM,AB,30
2026-05-31T16:16,Gaziantep,92701,2026-06-01T15:00,MGM,AB,27
2026-05-31T16:16,Gaziantep,92701,2026-06-01T18:00,MGM,AB,23
2026-05-31T16:16,Gaziantep,92701,2026-06-01T21:00,MGM,AB,19
2026-05-31T16:16,Gaziantep,92701,2026-05-31T00:00,OpenMeteo,0,14.0
2026-05-31T16:16,Gaziantep,92701,2026-05-31T01:00,OpenMeteo,0,13.6
2026-05-31T16:16,Gaziantep,92701,2026-05-31T02:00,OpenMeteo,0,13.6
2026-05-31T16:16,Gaziantep,92701,2026-05-31T03:00,OpenMeteo,0,13.6
2026-05-31T16:16,Gaziantep,92701,2026-05-31T04:00,OpenMeteo,0,15.9
2026-05-31T16:16,Gaziantep,92701,2026-05-31T05:00,OpenMeteo,0,18.4
2026-05-31T16:16,Gaziantep,92701,2026-05-31T06:00,OpenMeteo,0,20.5
2026-05-31T16:16,Gaziantep,92701,2026-05-31T07:00,OpenMeteo,0,21.8
2026-05-31T16:16,Gaziantep,92701,2026-05-31T08:00,OpenMeteo,0,23.1
2026-05-31T16:16,Gaziantep,92701,2026-05-31T09:00,OpenMeteo,0,23.9
2026-05-31T16:16,Gaziantep,92701,2026-05-31T10:00,OpenMeteo,0,25.0
2026-05-31T16:16,Gaziantep,92701,2026-05-31T11:00,OpenMeteo,0,25.7
2026-05-31T16:16,Gaziantep,92701,2026-05-31T12:00,OpenMeteo,1,25.9
2026-05-31T16:16,Gaziantep,92701,2026-05-31T13:00,OpenMeteo,0,25.9
2026-05-31T16:16,Gaziantep,92701,2026-05-31T14:00,OpenMeteo,1,25.5
2026-05-31T16:16,Gaziantep,92701,2026-05-31T15:00,OpenMeteo,1,25.0
2026-05-31T16:16,Gaziantep,92701,2026-05-31T16:00,OpenMeteo,2,24.4
2026-05-31T16:16,Gaziantep,92701,2026-05-31T17:00,OpenMeteo,1,22.4
2026-05-31T16:16,Gaziantep,92701,2026-05-31T18:00,OpenMeteo,0,20.9
2026-05-31T16:16,Gaziantep,92701,2026-05-31T19:00,OpenMeteo,0,19.1
2026-05-31T16:16,Gaziantep,92701,2026-05-31T20:00,OpenMeteo,0,17.4
2026-05-31T16:16,Gaziantep,92701,2026-05-31T21:00,OpenMeteo,0,16.1
2026-05-31T16:16,Gaziantep,92701,2026-05-31T22:00,OpenMeteo,0,15.1
2026-05-31T16:16,Gaziantep,92701,2026-05-31T23:00,OpenMeteo,0,14.4
2026-05-31T16:16,Gaziantep,92701,2026-06-01T00:00,OpenMeteo,0,14.0
2026-05-31T16:16,Gaziantep,92701,2026-06-01T01:00,OpenMeteo,0,13.7
2026-05-31T16:16,Gaziantep,92701,2026-06-01T02:00,OpenMeteo,0,13.3
2026-05-31T16:16,Gaziantep,92701,2026-06-01T03:00,OpenMeteo,0,13.1
2026-05-31T16:16,Gaziantep,92701,2026-06-01T04:00,OpenMeteo,1,15.4
2026-05-31T16:16,Gaziantep,92701,2026-06-01T05:00,OpenMeteo,1,19.6
2026-05-31T16:16,Gaziantep,92701,2026-06-01T06:00,OpenMeteo,1,21.8
2026-05-31T16:16,Gaziantep,92701,2026-06-01T07:00,OpenMeteo,2,23.7
2026-05-31T16:16,Gaziantep,92701,2026-06-01T08:00,OpenMeteo,1,25.3
2026-05-31T16:16,Gaziantep,92701,2026-06-01T09:00,OpenMeteo,2,26.6
2026-05-31T16:16,Gaziantep,92701,2026-06-01T10:00,OpenMeteo,2,27.4
2026-05-31T16:16,Gaziantep,92701,2026-06-01T11:00,OpenMeteo,0,28.0
2026-05-31T16:16,Gaziantep,92701,2026-06-01T12:00,OpenMeteo,0,28.2
2026-05-31T16:16,Gaziantep,92701,2026-06-01T13:00,OpenMeteo,0,28.1
2026-05-31T16:16,Gaziantep,92701,2026-06-01T14:00,OpenMeteo,0,27.6
2026-05-31T16:16,Gaziantep,92701,2026-06-01T15:00,OpenMeteo,1,26.8
2026-05-31T16:16,Gaziantep,92701,2026-06-01T16:00,OpenMeteo,0,25.2
2026-05-31T16:16,Gaziantep,92701,2026-06-01T17:00,OpenMeteo,0,22.9
2026-05-31T16:16,Gaziantep,92701,2026-06-01T18:00,OpenMeteo,0,21.6
2026-05-31T16:16,Gaziantep,92701,2026-06-01T19:00,OpenMeteo,0,20.4
2026-05-31T16:16,Gaziantep,92701,2026-06-01T20:00,OpenMeteo,0,19.3
2026-05-31T16:16,Gaziantep,92701,2026-06-01T21:00,OpenMeteo,0,18.4
2026-05-31T16:16,Gaziantep,92701,2026-06-01T22:00,OpenMeteo,0,17.8
2026-05-31T16:16,Gaziantep,92701,2026-06-01T23:00,OpenMeteo,0,17.4
2026-05-31T19:25,Istanbul,93401,2026-05-31T21:00,MGM,PB,21
2026-05-31T19:25,Istanbul,93401,2026-06-01T00:00,MGM,AB,20
2026-05-31T19:25,Istanbul,93401,2026-06-01T03:00,MGM,AB,19
2026-05-31T19:25,Istanbul,93401,2026-06-01T06:00,MGM,PB,22
2026-05-31T19:25,Istanbul,93401,2026-06-01T09:00,MGM,PB,24
2026-05-31T19:25,Istanbul,93401,2026-06-01T12:00,MGM,PB,26
2026-05-31T19:25,Istanbul,93401,2026-06-01T15:00,MGM,PB,25
2026-05-31T19:25,Istanbul,93401,2026-06-01T18:00,MGM,AB,23
2026-05-31T19:25,Istanbul,93401,2026-06-01T21:00,MGM,AB,22
2026-05-31T19:25,Istanbul,93401,2026-05-31T00:00,OpenMeteo,1,16.7
2026-05-31T19:25,Istanbul,93401,2026-05-31T01:00,OpenMeteo,1,16.4
2026-05-31T19:25,Istanbul,93401,2026-05-31T02:00,OpenMeteo,0,16.4
2026-05-31T19:25,Istanbul,93401,2026-05-31T03:00,OpenMeteo,1,16.6
2026-05-31T19:25,Istanbul,93401,2026-05-31T04:00,OpenMeteo,1,17.3
2026-05-31T19:25,Istanbul,93401,2026-05-31T05:00,OpenMeteo,1,18.7
2026-05-31T19:25,Istanbul,93401,2026-05-31T06:00,OpenMeteo,2,19.8
2026-05-31T19:25,Istanbul,93401,2026-05-31T07:00,OpenMeteo,3,20.5
2026-05-31T19:25,Istanbul,93401,2026-05-31T08:00,OpenMeteo,2,21.3
2026-05-31T19:25,Istanbul,93401,2026-05-31T09:00,OpenMeteo,2,21.7
2026-05-31T19:25,Istanbul,93401,2026-05-31T10:00,OpenMeteo,3,22.0
2026-05-31T19:25,Istanbul,93401,2026-05-31T11:00,OpenMeteo,3,22.3
2026-05-31T19:25,Istanbul,93401,2026-05-31T12:00,OpenMeteo,2,22.4
2026-05-31T19:25,Istanbul,93401,2026-05-31T13:00,OpenMeteo,2,23.2
2026-05-31T19:25,Istanbul,93401,2026-05-31T14:00,OpenMeteo,1,23.2
2026-05-31T19:25,Istanbul,93401,2026-05-31T15:00,OpenMeteo,2,23.2
2026-05-31T19:25,Istanbul,93401,2026-05-31T16:00,OpenMeteo,3,22.2
2026-05-31T19:25,Istanbul,93401,2026-05-31T17:00,OpenMeteo,3,21.4
2026-05-31T19:25,Istanbul,93401,2026-05-31T18:00,OpenMeteo,1,20.4
2026-05-31T19:25,Istanbul,93401,2026-05-31T19:00,OpenMeteo,1,19.8
2026-05-31T19:25,Istanbul,93401,2026-05-31T20:00,OpenMeteo,1,19.4
2026-05-31T19:25,Istanbul,93401,2026-05-31T21:00,OpenMeteo,1,19.1
2026-05-31T19:25,Istanbul,93401,2026-05-31T22:00,OpenMeteo,3,18.9
2026-05-31T19:25,Istanbul,93401,2026-05-31T23:00,OpenMeteo,1,18.9
2026-05-31T19:25,Istanbul,93401,2026-06-01T00:00,OpenMeteo,1,18.4
2026-05-31T19:25,Istanbul,93401,2026-06-01T01:00,OpenMeteo,1,18.2
2026-05-31T19:25,Istanbul,93401,2026-06-01T02:00,OpenMeteo,0,17.8
2026-05-31T19:25,Istanbul,93401,2026-06-01T03:00,OpenMeteo,1,17.5
2026-05-31T19:25,Istanbul,93401,2026-06-01T04:00,OpenMeteo,1,18.0
2026-05-31T19:25,Istanbul,93401,2026-06-01T05:00,OpenMeteo,0,19.6
2026-05-31T19:25,Istanbul,93401,2026-06-01T06:00,OpenMeteo,0,20.9
2026-05-31T19:25,Istanbul,93401,2026-06-01T07:00,OpenMeteo,1,21.9
2026-05-31T19:25,Istanbul,93401,2026-06-01T08:00,OpenMeteo,1,22.8
2026-05-31T19:25,Istanbul,93401,2026-06-01T09:00,OpenMeteo,0,23.7
2026-05-31T19:25,Istanbul,93401,2026-06-01T10:00,OpenMeteo,0,24.3
2026-05-31T19:25,Istanbul,93401,2026-06-01T11:00,OpenMeteo,2,24.9
2026-05-31T19:25,Istanbul,93401,2026-06-01T12:00,OpenMeteo,1,25.5
2026-05-31T19:25,Istanbul,93401,2026-06-01T13:00,OpenMeteo,2,25.7
2026-05-31T19:25,Istanbul,93401,2026-06-01T14:00,OpenMeteo,0,25.5
2026-05-31T19:25,Istanbul,93401,2026-06-01T15:00,OpenMeteo,0,25.4
2026-05-31T19:25,Istanbul,93401,2026-06-01T16:00,OpenMeteo,0,24.8
2026-05-31T19:25,Istanbul,93401,2026-06-01T17:00,OpenMeteo,1,24.5
2026-05-31T19:25,Istanbul,93401,2026-06-01T18:00,OpenMeteo,2,23.2
2026-05-31T19:25,Istanbul,93401,2026-06-01T19:00,OpenMeteo,1,22.5
2026-05-31T19:25,Istanbul,93401,2026-06-01T20:00,OpenMeteo,1,21.5
2026-05-31T19:25,Istanbul,93401,2026-06-01T21:00,OpenMeteo,1,20.5
2026-05-31T19:25,Istanbul,93401,2026-06-01T22:00,OpenMeteo,1,20.3
2026-05-31T19:25,Istanbul,93401,2026-06-01T23:00,OpenMeteo,1,19.8
2026-05-31T19:25,Izmir,93501,2026-05-31T21:00,MGM,A,23
2026-05-31T19:25,Izmir,93501,2026-06-01T00:00,MGM,A,20
2026-05-31T19:25,Izmir,93501,2026-06-01T03:00,MGM,A,18
2026-05-31T19:25,Izmir,93501,2026-06-01T06:00,MGM,A,25
2026-05-31T19:25,Izmir,93501,2026-06-01T09:00,MGM,A,29
2026-05-31T19:25,Izmir,93501,2026-06-01T12:00,MGM,AB,32
2026-05-31T19:25,Izmir,93501,2026-06-01T15:00,MGM,AB,29
2026-05-31T19:25,Izmir,93501,2026-06-01T18:00,MGM,A,25
2026-05-31T19:25,Izmir,93501,2026-06-01T21:00,MGM,A,22
2026-05-31T19:25,Izmir,93501,2026-05-31T00:00,OpenMeteo,0,14.2
2026-05-31T19:25,Izmir,93501,2026-05-31T01:00,OpenMeteo,0,13.8
2026-05-31T19:25,Izmir,93501,2026-05-31T02:00,OpenMeteo,0,13.7
2026-05-31T19:25,Izmir,93501,2026-05-31T03:00,OpenMeteo,0,13.6
2026-05-31T19:25,Izmir,93501,2026-05-31T04:00,OpenMeteo,0,14.8
2026-05-31T19:25,Izmir,93501,2026-05-31T05:00,OpenMeteo,1,19.0
2026-05-31T19:25,Izmir,93501,2026-05-31T06:00,OpenMeteo,1,22.3
2026-05-31T19:25,Izmir,93501,2026-05-31T07:00,OpenMeteo,0,24.3
2026-05-31T19:25,Izmir,93501,2026-05-31T08:00,OpenMeteo,1,26.1
2026-05-31T19:25,Izmir,93501,2026-05-31T09:00,OpenMeteo,1,27.3
2026-05-31T19:25,Izmir,93501,2026-05-31T10:00,OpenMeteo,3,28.4
2026-05-31T19:25,Izmir,93501,2026-05-31T11:00,OpenMeteo,2,29.1
2026-05-31T19:25,Izmir,93501,2026-05-31T12:00,OpenMeteo,1,29.6
2026-05-31T19:25,Izmir,93501,2026-05-31T13:00,OpenMeteo,2,29.9
2026-05-31T19:25,Izmir,93501,2026-05-31T14:00,OpenMeteo,0,29.5
2026-05-31T19:25,Izmir,93501,2026-05-31T15:00,OpenMeteo,0,28.8
2026-05-31T19:25,Izmir,93501,2026-05-31T16:00,OpenMeteo,0,27.8
2026-05-31T19:25,Izmir,93501,2026-05-31T17:00,OpenMeteo,0,26.4
2026-05-31T19:25,Izmir,93501,2026-05-31T18:00,OpenMeteo,0,24.5
2026-05-31T19:25,Izmir,93501,2026-05-31T19:00,OpenMeteo,0,22.3
2026-05-31T19:25,Izmir,93501,2026-05-31T20:00,OpenMeteo,0,20.2
2026-05-31T19:25,Izmir,93501,2026-05-31T21:00,OpenMeteo,0,19.0
2026-05-31T19:25,Izmir,93501,2026-05-31T22:00,OpenMeteo,0,18.1
2026-05-31T19:25,Izmir,93501,2026-05-31T23:00,OpenMeteo,0,17.5
2026-05-31T19:25,Izmir,93501,2026-06-01T00:00,OpenMeteo,0,17.3
2026-05-31T19:25,Izmir,93501,2026-06-01T01:00,OpenMeteo,0,17.1
2026-05-31T19:25,Izmir,93501,2026-06-01T02:00,OpenMeteo,0,16.7
2026-05-31T19:25,Izmir,93501,2026-06-01T03:00,OpenMeteo,0,16.5
2026-05-31T19:25,Izmir,93501,2026-06-01T04:00,OpenMeteo,0,17.5
2026-05-31T19:25,Izmir,93501,2026-06-01T05:00,OpenMeteo,0,21.4
2026-05-31T19:25,Izmir,93501,2026-06-01T06:00,OpenMeteo,0,23.9
2026-05-31T19:25,Izmir,93501,2026-06-01T07:00,OpenMeteo,0,25.7
2026-05-31T19:25,Izmir,93501,2026-06-01T08:00,OpenMeteo,0,27.6
2026-05-31T19:25,Izmir,93501,2026-06-01T09:00,OpenMeteo,0,29.4
2026-05-31T19:25,Izmir,93501,2026-06-01T10:00,OpenMeteo,0,30.6
2026-05-31T19:25,Izmir,93501,2026-06-01T11:00,OpenMeteo,0,31.3
2026-05-31T19:25,Izmir,93501,2026-06-01T12:00,OpenMeteo,0,31.7
2026-05-31T19:25,Izmir,93501,2026-06-01T13:00,OpenMeteo,0,31.5
2026-05-31T19:25,Izmir,93501,2026-06-01T14:00,OpenMeteo,0,31.1
2026-05-31T19:25,Izmir,93501,2026-06-01T15:00,OpenMeteo,0,30.3
2026-05-31T19:25,Izmir,93501,2026-06-01T16:00,OpenMeteo,0,29.0
2026-05-31T19:25,Izmir,93501,2026-06-01T17:00,OpenMeteo,0,27.5
2026-05-31T19:25,Izmir,93501,2026-06-01T18:00,OpenMeteo,0,25.4
2026-05-31T19:25,Izmir,93501,2026-06-01T19:00,OpenMeteo,0,23.8
2026-05-31T19:25,Izmir,93501,2026-06-01T20:00,OpenMeteo,0,21.8
2026-05-31T19:25,Izmir,93501,2026-06-01T21:00,OpenMeteo,0,20.3
2026-05-31T19:25,Izmir,93501,2026-06-01T22:00,OpenMeteo,0,20.0
2026-05-31T19:25,Izmir,93501,2026-06-01T23:00,OpenMeteo,0,19.5
2026-05-31T19:25,Ankara,90601,2026-05-31T21:00,MGM,PB,15
2026-05-31T19:25,Ankara,90601,2026-06-01T00:00,MGM,PB,13
2026-05-31T19:25,Ankara,90601,2026-06-01T03:00,MGM,PB,11
2026-05-31T19:25,Ankara,90601,2026-06-01T06:00,MGM,PB,16
2026-05-31T19:25,Ankara,90601,2026-06-01T09:00,MGM,PB,20
2026-05-31T19:25,Ankara,90601,2026-06-01T12:00,MGM,GSY,24
2026-05-31T19:25,Ankara,90601,2026-06-01T15:00,MGM,GSY,21
2026-05-31T19:25,Ankara,90601,2026-06-01T18:00,MGM,PB,18
2026-05-31T19:25,Ankara,90601,2026-06-01T21:00,MGM,PB,15
2026-05-31T19:25,Trabzon,96101,2026-05-31T21:00,MGM,SY,16
2026-05-31T19:25,Trabzon,96101,2026-06-01T00:00,MGM,PB,15
2026-05-31T19:25,Trabzon,96101,2026-06-01T03:00,MGM,PB,14
2026-05-31T19:25,Trabzon,96101,2026-06-01T06:00,MGM,PB,18
2026-05-31T19:25,Trabzon,96101,2026-06-01T09:00,MGM,PB,21
2026-05-31T19:25,Trabzon,96101,2026-06-01T12:00,MGM,PB,23
2026-05-31T19:25,Trabzon,96101,2026-06-01T15:00,MGM,GSY,20
2026-05-31T19:25,Trabzon,96101,2026-06-01T18:00,MGM,GSY,19
2026-05-31T19:25,Trabzon,96101,2026-06-01T21:00,MGM,GSY,18
2026-05-31T19:25,Trabzon,96101,2026-05-31T00:00,OpenMeteo,2,13.3
2026-05-31T19:25,Trabzon,96101,2026-05-31T01:00,OpenMeteo,80,15.6
2026-05-31T19:25,Trabzon,96101,2026-05-31T02:00,OpenMeteo,3,15.1
2026-05-31T19:25,Trabzon,96101,2026-05-31T03:00,OpenMeteo,61,15.0
2026-05-31T19:25,Trabzon,96101,2026-05-31T04:00,OpenMeteo,2,15.7
2026-05-31T19:25,Trabzon,96101,2026-05-31T05:00,OpenMeteo,2,16.9
2026-05-31T19:25,Trabzon,96101,2026-05-31T06:00,OpenMeteo,1,17.1
2026-05-31T19:25,Trabzon,96101,2026-05-31T07:00,OpenMeteo,2,17.7
2026-05-31T19:25,Trabzon,96101,2026-05-31T08:00,OpenMeteo,2,17.5
2026-05-31T19:25,Trabzon,96101,2026-05-31T09:00,OpenMeteo,2,17.8
2026-05-31T19:25,Trabzon,96101,2026-05-31T10:00,OpenMeteo,2,18.0
2026-05-31T19:25,Trabzon,96101,2026-05-31T11:00,OpenMeteo,1,18.2
2026-05-31T19:25,Trabzon,96101,2026-05-31T12:00,OpenMeteo,1,18.4
2026-05-31T19:25,Trabzon,96101,2026-05-31T13:00,OpenMeteo,0,18.5
2026-05-31T19:25,Trabzon,96101,2026-05-31T14:00,OpenMeteo,0,18.4
2026-05-31T19:25,Trabzon,96101,2026-05-31T15:00,OpenMeteo,0,18.2
2026-05-31T19:25,Trabzon,96101,2026-05-31T16:00,OpenMeteo,0,17.8
2026-05-31T19:25,Trabzon,96101,2026-05-31T17:00,OpenMeteo,0,17.2
2026-05-31T19:25,Trabzon,96101,2026-05-31T18:00,OpenMeteo,0,15.9
2026-05-31T19:25,Trabzon,96101,2026-05-31T19:00,OpenMeteo,1,15.1
2026-05-31T19:25,Trabzon,96101,2026-05-31T20:00,OpenMeteo,2,15.0
2026-05-31T19:25,Trabzon,96101,2026-05-31T21:00,OpenMeteo,1,14.8
2026-05-31T19:25,Trabzon,96101,2026-05-31T22:00,OpenMeteo,1,14.9
2026-05-31T19:25,Trabzon,96101,2026-05-31T23:00,OpenMeteo,1,14.6
2026-05-31T19:25,Trabzon,96101,2026-06-01T00:00,OpenMeteo,1,14.3
2026-05-31T19:25,Trabzon,96101,2026-06-01T01:00,OpenMeteo,1,14.1
2026-05-31T19:25,Trabzon,96101,2026-06-01T02:00,OpenMeteo,1,14.0
2026-05-31T19:25,Trabzon,96101,2026-06-01T03:00,OpenMeteo,1,14.9
2026-05-31T19:25,Trabzon,96101,2026-06-01T04:00,OpenMeteo,0,17.4
2026-05-31T19:25,Trabzon,96101,2026-06-01T05:00,OpenMeteo,0,21.1
2026-05-31T19:25,Trabzon,96101,2026-06-01T06:00,OpenMeteo,2,22.3
2026-05-31T19:25,Trabzon,96101,2026-06-01T07:00,OpenMeteo,1,21.2
2026-05-31T19:25,Trabzon,96101,2026-06-01T08:00,OpenMeteo,2,22.0
2026-05-31T19:25,Trabzon,96101,2026-06-01T09:00,OpenMeteo,2,21.3
2026-05-31T19:25,Trabzon,96101,2026-06-01T10:00,OpenMeteo,2,21.7
2026-05-31T19:25,Trabzon,96101,2026-06-01T11:00,OpenMeteo,1,21.8
2026-05-31T19:25,Trabzon,96101,2026-06-01T12:00,OpenMeteo,1,21.9
2026-05-31T19:25,Trabzon,96101,2026-06-01T13:00,OpenMeteo,1,21.5
2026-05-31T19:25,Trabzon,96101,2026-06-01T14:00,OpenMeteo,2,21.2
2026-05-31T19:25,Trabzon,96101,2026-06-01T15:00,OpenMeteo,2,20.5
2026-05-31T19:25,Trabzon,96101,2026-06-01T16:00,OpenMeteo,3,19.2
2026-05-31T19:25,Trabzon,96101,2026-06-01T17:00,OpenMeteo,3,18.7
2026-05-31T19:25,Trabzon,96101,2026-06-01T18:00,OpenMeteo,3,18.2
2026-05-31T19:25,Trabzon,96101,2026-06-01T19:00,OpenMeteo,2,17.7
2026-05-31T19:25,Trabzon,96101,2026-06-01T20:00,OpenMeteo,3,17.4
2026-05-31T19:25,Trabzon,96101,2026-06-01T21:00,OpenMeteo,3,17.1
2026-05-31T19:25,Trabzon,96101,2026-06-01T22:00,OpenMeteo,3,17.2
2026-05-31T19:25,Trabzon,96101,2026-06-01T23:00,OpenMeteo,61,16.7
2026-05-31T19:25,Erzurum,92501,2026-05-31T21:00,MGM,PB,7
2026-05-31T19:25,Erzurum,92501,2026-06-01T00:00,MGM,AB,6
2026-05-31T19:25,Erzurum,92501,2026-06-01T03:00,MGM,AB,4
2026-05-31T19:25,Erzurum,92501,2026-06-01T06:00,MGM,PB,14
2026-05-31T19:25,Erzurum,92501,2026-06-01T09:00,MGM,PB,17
2026-05-31T19:25,Erzurum,92501,2026-06-01T12:00,MGM,GSY,20
2026-05-31T19:25,Erzurum,92501,2026-06-01T15:00,MGM,GSY,13
2026-05-31T19:25,Erzurum,92501,2026-06-01T18:00,MGM,GSY,10
2026-05-31T19:25,Erzurum,92501,2026-06-01T21:00,MGM,GSY,9
2026-05-31T19:25,Erzurum,92501,2026-05-31T00:00,OpenMeteo,1,1.7
2026-05-31T19:25,Erzurum,92501,2026-05-31T01:00,OpenMeteo,0,1.6
2026-05-31T19:25,Erzurum,92501,2026-05-31T02:00,OpenMeteo,0,1.2
2026-05-31T19:25,Erzurum,92501,2026-05-31T03:00,OpenMeteo,1,2.1
2026-05-31T19:25,Erzurum,92501,2026-05-31T04:00,OpenMeteo,1,4.0
2026-05-31T19:25,Erzurum,92501,2026-05-31T05:00,OpenMeteo,2,6.4
2026-05-31T19:25,Erzurum,92501,2026-05-31T06:00,OpenMeteo,2,9.1
2026-05-31T19:25,Erzurum,92501,2026-05-31T07:00,OpenMeteo,2,10.0
2026-05-31T19:25,Erzurum,92501,2026-05-31T08:00,OpenMeteo,2,11.0
2026-05-31T19:25,Erzurum,92501,2026-05-31T09:00,OpenMeteo,1,11.6
2026-05-31T19:25,Erzurum,92501,2026-05-31T10:00,OpenMeteo,2,12.7
2026-05-31T19:25,Erzurum,92501,2026-05-31T11:00,OpenMeteo,2,13.1
2026-05-31T19:25,Erzurum,92501,2026-05-31T12:00,OpenMeteo,3,13.4
2026-05-31T19:25,Erzurum,92501,2026-05-31T13:00,OpenMeteo,0,13.2
2026-05-31T19:25,Erzurum,92501,2026-05-31T14:00,OpenMeteo,0,13.0
2026-05-31T19:25,Erzurum,92501,2026-05-31T15:00,OpenMeteo,0,12.6
2026-05-31T19:25,Erzurum,92501,2026-05-31T16:00,OpenMeteo,0,11.5
2026-05-31T19:25,Erzurum,92501,2026-05-31T17:00,OpenMeteo,0,9.1
2026-05-31T19:25,Erzurum,92501,2026-05-31T18:00,OpenMeteo,0,7.3
2026-05-31T19:25,Erzurum,92501,2026-05-31T19:00,OpenMeteo,0,6.0
2026-05-31T19:25,Erzurum,92501,2026-05-31T20:00,OpenMeteo,0,5.0
2026-05-31T19:25,Erzurum,92501,2026-05-31T21:00,OpenMeteo,3,3.8
2026-05-31T19:25,Erzurum,92501,2026-05-31T22:00,OpenMeteo,1,3.1
2026-05-31T19:25,Erzurum,92501,2026-05-31T23:00,OpenMeteo,1,2.4
2026-05-31T19:25,Erzurum,92501,2026-06-01T00:00,OpenMeteo,1,2.2
2026-05-31T19:25,Erzurum,92501,2026-06-01T01:00,OpenMeteo,1,2.0
2026-05-31T19:25,Erzurum,92501,2026-06-01T02:00,OpenMeteo,0,1.9
2026-05-31T19:25,Erzurum,92501,2026-06-01T03:00,OpenMeteo,0,2.2
2026-05-31T19:25,Erzurum,92501,2026-06-01T04:00,OpenMeteo,0,3.9
2026-05-31T19:25,Erzurum,92501,2026-06-01T05:00,OpenMeteo,1,6.4
2026-05-31T19:25,Erzurum,92501,2026-06-01T06:00,OpenMeteo,1,9.4
2026-05-31T19:25,Erzurum,92501,2026-06-01T07:00,OpenMeteo,1,12.0
2026-05-31T19:25,Erzurum,92501,2026-06-01T08:00,OpenMeteo,1,14.1
2026-05-31T19:25,Erzurum,92501,2026-06-01T09:00,OpenMeteo,3,15.6
2026-05-31T19:25,Erzurum,92501,2026-06-01T10:00,OpenMeteo,1,16.1
2026-05-31T19:25,Erzurum,92501,2026-06-01T11:00,OpenMeteo,3,16.8
2026-05-31T19:25,Erzurum,92501,2026-06-01T12:00,OpenMeteo,2,16.4
2026-05-31T19:25,Erzurum,92501,2026-06-01T13:00,OpenMeteo,2,15.4
2026-05-31T19:25,Erzurum,92501,2026-06-01T14:00,OpenMeteo,3,14.4
2026-05-31T19:25,Erzurum,92501,2026-06-01T15:00,OpenMeteo,3,13.7
2026-05-31T19:25,Erzurum,92501,2026-06-01T16:00,OpenMeteo,3,12.4
2026-05-31T19:25,Erzurum,92501,2026-06-01T17:00,OpenMeteo,2,11.0
2026-05-31T19:25,Erzurum,92501,2026-06-01T18:00,OpenMeteo,2,9.9
2026-05-31T19:25,Erzurum,92501,2026-06-01T19:00,OpenMeteo,2,8.7
2026-05-31T19:25,Erzurum,92501,2026-06-01T20:00,OpenMeteo,2,7.8
2026-05-31T19:25,Erzurum,92501,2026-06-01T21:00,OpenMeteo,2,7.5
2026-05-31T19:25,Erzurum,92501,2026-06-01T22:00,OpenMeteo,2,6.5
2026-05-31T19:25,Erzurum,92501,2026-06-01T23:00,OpenMeteo,1,6.2
2026-05-31T19:25,Gaziantep,92701,2026-05-31T21:00,MGM,AB,18
2026-05-31T19:25,Gaziantep,92701,2026-06-01T00:00,MGM,PB,16
2026-05-31T19:25,Gaziantep,92701,2026-06-01T03:00,MGM,PB,15
2026-05-31T19:25,Gaziantep,92701,2026-06-01T06:00,MGM,PB,22
2026-05-31T19:25,Gaziantep,92701,2026-06-01T09:00,MGM,PB,27
2026-05-31T19:25,Gaziantep,92701,2026-06-01T12:00,MGM,AB,30
2026-05-31T19:25,Gaziantep,92701,2026-06-01T15:00,MGM,AB,27
2026-05-31T19:25,Gaziantep,92701,2026-06-01T18:00,MGM,AB,23
2026-05-31T19:25,Gaziantep,92701,2026-06-01T21:00,MGM,AB,19
2026-05-31T19:25,Gaziantep,92701,2026-05-31T00:00,OpenMeteo,0,14.0
2026-05-31T19:25,Gaziantep,92701,2026-05-31T01:00,OpenMeteo,0,13.6
2026-05-31T19:25,Gaziantep,92701,2026-05-31T02:00,OpenMeteo,0,13.6
2026-05-31T19:25,Gaziantep,92701,2026-05-31T03:00,OpenMeteo,0,13.6
2026-05-31T19:25,Gaziantep,92701,2026-05-31T04:00,OpenMeteo,0,15.9
2026-05-31T19:25,Gaziantep,92701,2026-05-31T05:00,OpenMeteo,0,18.4
2026-05-31T19:25,Gaziantep,92701,2026-05-31T06:00,OpenMeteo,0,20.5
2026-05-31T19:25,Gaziantep,92701,2026-05-31T07:00,OpenMeteo,0,21.8
2026-05-31T19:25,Gaziantep,92701,2026-05-31T08:00,OpenMeteo,0,23.1
2026-05-31T19:25,Gaziantep,92701,2026-05-31T09:00,OpenMeteo,0,23.9
2026-05-31T19:25,Gaziantep,92701,2026-05-31T10:00,OpenMeteo,0,25.0
2026-05-31T19:25,Gaziantep,92701,2026-05-31T11:00,OpenMeteo,0,25.7
2026-05-31T19:25,Gaziantep,92701,2026-05-31T12:00,OpenMeteo,1,25.9
2026-05-31T19:25,Gaziantep,92701,2026-05-31T13:00,OpenMeteo,0,25.9
2026-05-31T19:25,Gaziantep,92701,2026-05-31T14:00,OpenMeteo,1,25.5
2026-05-31T19:25,Gaziantep,92701,2026-05-31T15:00,OpenMeteo,1,25.2
2026-05-31T19:25,Gaziantep,92701,2026-05-31T16:00,OpenMeteo,1,24.6
2026-05-31T19:25,Gaziantep,92701,2026-05-31T17:00,OpenMeteo,1,22.6
2026-05-31T19:25,Gaziantep,92701,2026-05-31T18:00,OpenMeteo,1,21.0
2026-05-31T19:25,Gaziantep,92701,2026-05-31T19:00,OpenMeteo,0,19.3
2026-05-31T19:25,Gaziantep,92701,2026-05-31T20:00,OpenMeteo,0,17.6
2026-05-31T19:25,Gaziantep,92701,2026-05-31T21:00,OpenMeteo,0,16.2
2026-05-31T19:25,Gaziantep,92701,2026-05-31T22:00,OpenMeteo,0,15.3
2026-05-31T19:25,Gaziantep,92701,2026-05-31T23:00,OpenMeteo,0,14.6
2026-05-31T19:25,Gaziantep,92701,2026-06-01T00:00,OpenMeteo,0,14.2
2026-05-31T19:25,Gaziantep,92701,2026-06-01T01:00,OpenMeteo,0,13.8
2026-05-31T19:25,Gaziantep,92701,2026-06-01T02:00,OpenMeteo,0,13.5
2026-05-31T19:25,Gaziantep,92701,2026-06-01T03:00,OpenMeteo,0,13.4
2026-05-31T19:25,Gaziantep,92701,2026-06-01T04:00,OpenMeteo,0,15.5
2026-05-31T19:25,Gaziantep,92701,2026-06-01T05:00,OpenMeteo,0,19.7
2026-05-31T19:25,Gaziantep,92701,2026-06-01T06:00,OpenMeteo,1,22.1
2026-05-31T19:25,Gaziantep,92701,2026-06-01T07:00,OpenMeteo,1,24.0
2026-05-31T19:25,Gaziantep,92701,2026-06-01T08:00,OpenMeteo,2,25.5
2026-05-31T19:25,Gaziantep,92701,2026-06-01T09:00,OpenMeteo,2,26.8
2026-05-31T19:25,Gaziantep,92701,2026-06-01T10:00,OpenMeteo,2,27.7
2026-05-31T19:25,Gaziantep,92701,2026-06-01T11:00,OpenMeteo,0,28.1
2026-05-31T19:25,Gaziantep,92701,2026-06-01T12:00,OpenMeteo,0,28.4
2026-05-31T19:25,Gaziantep,92701,2026-06-01T13:00,OpenMeteo,0,28.2
2026-05-31T19:25,Gaziantep,92701,2026-06-01T14:00,OpenMeteo,0,27.7
2026-05-31T19:25,Gaziantep,92701,2026-06-01T15:00,OpenMeteo,0,27.0
2026-05-31T19:25,Gaziantep,92701,2026-06-01T16:00,OpenMeteo,0,25.4
2026-05-31T19:25,Gaziantep,92701,2026-06-01T17:00,OpenMeteo,0,23.1
2026-05-31T19:25,Gaziantep,92701,2026-06-01T18:00,OpenMeteo,0,21.6
2026-05-31T19:25,Gaziantep,92701,2026-06-01T19:00,OpenMeteo,0,20.5
2026-05-31T19:25,Gaziantep,92701,2026-06-01T20:00,OpenMeteo,0,19.4
2026-05-31T19:25,Gaziantep,92701,2026-06-01T21:00,OpenMeteo,0,18.7
2026-05-31T19:25,Gaziantep,92701,2026-06-01T22:00,OpenMeteo,0,17.8
2026-05-31T19:25,Gaziantep,92701,2026-06-01T23:00,OpenMeteo,0,17.4
2026-05-31T22:04,Istanbul,93401,2026-06-01T00:00,MGM,AB,20
2026-05-31T22:04,Istanbul,93401,2026-06-01T03:00,MGM,AB,19
2026-05-31T22:04,Istanbul,93401,2026-06-01T06:00,MGM,PB,22
2026-05-31T22:04,Istanbul,93401,2026-06-01T09:00,MGM,PB,24
2026-05-31T22:04,Istanbul,93401,2026-06-01T12:00,MGM,PB,26
2026-05-31T22:04,Istanbul,93401,2026-06-01T15:00,MGM,PB,25
2026-05-31T22:04,Istanbul,93401,2026-06-01T18:00,MGM,AB,23
2026-05-31T22:04,Istanbul,93401,2026-06-01T21:00,MGM,AB,22
2026-05-31T22:04,Istanbul,93401,2026-05-31T00:00,OpenMeteo,1,16.7
2026-05-31T22:04,Istanbul,93401,2026-05-31T01:00,OpenMeteo,1,16.4
2026-05-31T22:04,Istanbul,93401,2026-05-31T02:00,OpenMeteo,0,16.4
2026-05-31T22:04,Istanbul,93401,2026-05-31T03:00,OpenMeteo,1,16.6
2026-05-31T22:04,Istanbul,93401,2026-05-31T04:00,OpenMeteo,1,17.3
2026-05-31T22:04,Istanbul,93401,2026-05-31T05:00,OpenMeteo,1,18.7
2026-05-31T22:04,Istanbul,93401,2026-05-31T06:00,OpenMeteo,2,19.8
2026-05-31T22:04,Istanbul,93401,2026-05-31T07:00,OpenMeteo,3,20.5
2026-05-31T22:04,Istanbul,93401,2026-05-31T08:00,OpenMeteo,2,21.3
2026-05-31T22:04,Istanbul,93401,2026-05-31T09:00,OpenMeteo,2,21.7
2026-05-31T22:04,Istanbul,93401,2026-05-31T10:00,OpenMeteo,3,22.0
2026-05-31T22:04,Istanbul,93401,2026-05-31T11:00,OpenMeteo,3,22.3
2026-05-31T22:04,Istanbul,93401,2026-05-31T12:00,OpenMeteo,2,22.4
2026-05-31T22:04,Istanbul,93401,2026-05-31T13:00,OpenMeteo,2,23.2
2026-05-31T22:04,Istanbul,93401,2026-05-31T14:00,OpenMeteo,1,23.2
2026-05-31T22:04,Istanbul,93401,2026-05-31T15:00,OpenMeteo,2,23.2
2026-05-31T22:04,Istanbul,93401,2026-05-31T16:00,OpenMeteo,3,22.2
2026-05-31T22:04,Istanbul,93401,2026-05-31T17:00,OpenMeteo,3,21.4
2026-05-31T22:04,Istanbul,93401,2026-05-31T18:00,OpenMeteo,1,20.5
2026-05-31T22:04,Istanbul,93401,2026-05-31T19:00,OpenMeteo,1,19.8
2026-05-31T22:04,Istanbul,93401,2026-05-31T20:00,OpenMeteo,1,19.4
2026-05-31T22:04,Istanbul,93401,2026-05-31T21:00,OpenMeteo,1,19.0
2026-05-31T22:04,Istanbul,93401,2026-05-31T22:00,OpenMeteo,2,18.8
2026-05-31T22:04,Istanbul,93401,2026-05-31T23:00,OpenMeteo,2,18.3
2026-05-31T22:04,Istanbul,93401,2026-06-01T00:00,OpenMeteo,1,18.2
2026-05-31T22:04,Istanbul,93401,2026-06-01T01:00,OpenMeteo,1,17.9
2026-05-31T22:04,Istanbul,93401,2026-06-01T02:00,OpenMeteo,0,17.6
2026-05-31T22:04,Istanbul,93401,2026-06-01T03:00,OpenMeteo,0,17.3
2026-05-31T22:04,Istanbul,93401,2026-06-01T04:00,OpenMeteo,0,18.0
2026-05-31T22:04,Istanbul,93401,2026-06-01T05:00,OpenMeteo,2,19.5
2026-05-31T22:04,Istanbul,93401,2026-06-01T06:00,OpenMeteo,1,20.8
2026-05-31T22:04,Istanbul,93401,2026-06-01T07:00,OpenMeteo,3,21.9
2026-05-31T22:04,Istanbul,93401,2026-06-01T08:00,OpenMeteo,1,22.9
2026-05-31T22:04,Istanbul,93401,2026-06-01T09:00,OpenMeteo,3,23.6
2026-05-31T22:04,Istanbul,93401,2026-06-01T10:00,OpenMeteo,1,24.4
2026-05-31T22:04,Istanbul,93401,2026-06-01T11:00,OpenMeteo,3,25.0
2026-05-31T22:04,Istanbul,93401,2026-06-01T12:00,OpenMeteo,1,25.3
2026-05-31T22:04,Istanbul,93401,2026-06-01T13:00,OpenMeteo,0,25.9
2026-05-31T22:04,Istanbul,93401,2026-06-01T14:00,OpenMeteo,0,25.8
2026-05-31T22:04,Istanbul,93401,2026-06-01T15:00,OpenMeteo,0,25.5
2026-05-31T22:04,Istanbul,93401,2026-06-01T16:00,OpenMeteo,0,25.1
2026-05-31T22:04,Istanbul,93401,2026-06-01T17:00,OpenMeteo,1,25.2
2026-05-31T22:04,Istanbul,93401,2026-06-01T18:00,OpenMeteo,2,22.7
2026-05-31T22:04,Istanbul,93401,2026-06-01T19:00,OpenMeteo,2,21.9
2026-05-31T22:04,Istanbul,93401,2026-06-01T20:00,OpenMeteo,2,21.6
2026-05-31T22:04,Istanbul,93401,2026-06-01T21:00,OpenMeteo,1,21.0
2026-05-31T22:04,Istanbul,93401,2026-06-01T22:00,OpenMeteo,1,20.1
2026-05-31T22:04,Istanbul,93401,2026-06-01T23:00,OpenMeteo,1,19.4
2026-05-31T22:04,Izmir,93501,2026-05-31T00:00,OpenMeteo,0,14.2
2026-05-31T22:04,Izmir,93501,2026-05-31T01:00,OpenMeteo,0,13.8
2026-05-31T22:04,Izmir,93501,2026-05-31T02:00,OpenMeteo,0,13.7
2026-05-31T22:04,Izmir,93501,2026-05-31T03:00,OpenMeteo,0,13.6
2026-05-31T22:04,Izmir,93501,2026-05-31T04:00,OpenMeteo,0,14.8
2026-05-31T22:04,Izmir,93501,2026-05-31T05:00,OpenMeteo,1,19.0
2026-05-31T22:04,Izmir,93501,2026-05-31T06:00,OpenMeteo,1,22.3
2026-05-31T22:04,Izmir,93501,2026-05-31T07:00,OpenMeteo,0,24.3
2026-05-31T22:04,Izmir,93501,2026-05-31T08:00,OpenMeteo,1,26.1
2026-05-31T22:04,Izmir,93501,2026-05-31T09:00,OpenMeteo,1,27.3
2026-05-31T22:04,Izmir,93501,2026-05-31T10:00,OpenMeteo,3,28.4
2026-05-31T22:04,Izmir,93501,2026-05-31T11:00,OpenMeteo,2,29.1
2026-05-31T22:04,Izmir,93501,2026-05-31T12:00,OpenMeteo,1,29.6
2026-05-31T22:04,Izmir,93501,2026-05-31T13:00,OpenMeteo,2,29.9
2026-05-31T22:04,Izmir,93501,2026-05-31T14:00,OpenMeteo,0,29.5
2026-05-31T22:04,Izmir,93501,2026-05-31T15:00,OpenMeteo,0,28.8
2026-05-31T22:04,Izmir,93501,2026-05-31T16:00,OpenMeteo,0,27.8
2026-05-31T22:04,Izmir,93501,2026-05-31T17:00,OpenMeteo,0,26.4
2026-05-31T22:04,Izmir,93501,2026-05-31T18:00,OpenMeteo,0,24.6
2026-05-31T22:04,Izmir,93501,2026-05-31T19:00,OpenMeteo,0,23.2
2026-05-31T22:04,Izmir,93501,2026-05-31T20:00,OpenMeteo,0,20.9
2026-05-31T22:04,Izmir,93501,2026-05-31T21:00,OpenMeteo,0,19.3
2026-05-31T22:04,Izmir,93501,2026-05-31T22:00,OpenMeteo,0,18.1
2026-05-31T22:04,Izmir,93501,2026-05-31T23:00,OpenMeteo,1,17.6
2026-05-31T22:04,Izmir,93501,2026-06-01T00:00,OpenMeteo,0,17.3
2026-05-31T22:04,Izmir,93501,2026-06-01T01:00,OpenMeteo,0,17.0
2026-05-31T22:04,Izmir,93501,2026-06-01T02:00,OpenMeteo,0,16.7
2026-05-31T22:04,Izmir,93501,2026-06-01T03:00,OpenMeteo,0,16.7
2026-05-31T22:04,Izmir,93501,2026-06-01T04:00,OpenMeteo,0,17.4
2026-05-31T22:04,Izmir,93501,2026-06-01T05:00,OpenMeteo,0,21.0
2026-05-31T22:04,Izmir,93501,2026-06-01T06:00,OpenMeteo,0,23.9
2026-05-31T22:04,Izmir,93501,2026-06-01T07:00,OpenMeteo,0,25.7
2026-05-31T22:04,Izmir,93501,2026-06-01T08:00,OpenMeteo,0,27.6
2026-05-31T22:04,Izmir,93501,2026-06-01T09:00,OpenMeteo,0,29.4
2026-05-31T22:04,Izmir,93501,2026-06-01T10:00,OpenMeteo,0,30.7
2026-05-31T22:04,Izmir,93501,2026-06-01T11:00,OpenMeteo,0,31.4
2026-05-31T22:04,Izmir,93501,2026-06-01T12:00,OpenMeteo,0,31.7
2026-05-31T22:04,Izmir,93501,2026-06-01T13:00,OpenMeteo,0,31.5
2026-05-31T22:04,Izmir,93501,2026-06-01T14:00,OpenMeteo,0,30.9
2026-05-31T22:04,Izmir,93501,2026-06-01T15:00,OpenMeteo,0,30.0
2026-05-31T22:04,Izmir,93501,2026-06-01T16:00,OpenMeteo,0,28.7
2026-05-31T22:04,Izmir,93501,2026-06-01T17:00,OpenMeteo,0,27.2
2026-05-31T22:04,Izmir,93501,2026-06-01T18:00,OpenMeteo,0,25.4
2026-05-31T22:04,Izmir,93501,2026-06-01T19:00,OpenMeteo,0,23.8
2026-05-31T22:04,Izmir,93501,2026-06-01T20:00,OpenMeteo,0,21.8
2026-05-31T22:04,Izmir,93501,2026-06-01T21:00,OpenMeteo,0,20.3
2026-05-31T22:04,Izmir,93501,2026-06-01T22:00,OpenMeteo,0,19.6
2026-05-31T22:04,Izmir,93501,2026-06-01T23:00,OpenMeteo,0,19.1
2026-05-31T22:04,Antalya,90701,2026-06-01T00:00,MGM,AB,21
2026-05-31T22:04,Antalya,90701,2026-06-01T03:00,MGM,AB,19
2026-05-31T22:04,Antalya,90701,2026-06-01T06:00,MGM,AB,24
2026-05-31T22:04,Antalya,90701,2026-06-01T09:00,MGM,AB,25
2026-05-31T22:04,Antalya,90701,2026-06-01T12:00,MGM,AB,27
2026-05-31T22:04,Antalya,90701,2026-06-01T15:00,MGM,AB,26
2026-05-31T22:04,Antalya,90701,2026-06-01T18:00,MGM,AB,25
2026-05-31T22:04,Antalya,90701,2026-06-01T21:00,MGM,AB,23
2026-05-31T22:04,Antalya,90701,2026-05-31T00:00,OpenMeteo,0,18.3
2026-05-31T22:04,Antalya,90701,2026-05-31T01:00,OpenMeteo,0,17.9
2026-05-31T22:04,Antalya,90701,2026-05-31T02:00,OpenMeteo,0,17.6
2026-05-31T22:04,Antalya,90701,2026-05-31T03:00,OpenMeteo,0,17.3
2026-05-31T22:04,Antalya,90701,2026-05-31T04:00,OpenMeteo,0,18.2
2026-05-31T22:04,Antalya,90701,2026-05-31T05:00,OpenMeteo,0,20.8
2026-05-31T22:04,Antalya,90701,2026-05-31T06:00,OpenMeteo,0,24.1
2026-05-31T22:04,Antalya,90701,2026-05-31T07:00,OpenMeteo,0,26.3
2026-05-31T22:04,Antalya,90701,2026-05-31T08:00,OpenMeteo,0,26.2
2026-05-31T22:04,Antalya,90701,2026-05-31T09:00,OpenMeteo,0,24.8
2026-05-31T22:04,Antalya,90701,2026-05-31T10:00,OpenMeteo,0,25.1
2026-05-31T22:04,Antalya,90701,2026-05-31T11:00,OpenMeteo,0,25.2
2026-05-31T22:04,Antalya,90701,2026-05-31T12:00,OpenMeteo,1,24.5
2026-05-31T22:04,Antalya,90701,2026-05-31T13:00,OpenMeteo,0,24.2
2026-05-31T22:04,Antalya,90701,2026-05-31T14:00,OpenMeteo,0,23.8
2026-05-31T22:04,Antalya,90701,2026-05-31T15:00,OpenMeteo,1,23.4
2026-05-31T22:04,Antalya,90701,2026-05-31T16:00,OpenMeteo,2,22.8
2026-05-31T22:04,Antalya,90701,2026-05-31T17:00,OpenMeteo,2,22.1
2026-05-31T22:04,Antalya,90701,2026-05-31T18:00,OpenMeteo,2,21.7
2026-05-31T22:04,Antalya,90701,2026-05-31T19:00,OpenMeteo,2,21.5
2026-05-31T22:04,Antalya,90701,2026-05-31T20:00,OpenMeteo,2,21.2
2026-05-31T22:04,Antalya,90701,2026-05-31T21:00,OpenMeteo,1,20.7
2026-05-31T22:04,Antalya,90701,2026-05-31T22:00,OpenMeteo,2,20.2
2026-05-31T22:04,Antalya,90701,2026-05-31T23:00,OpenMeteo,0,19.7
2026-05-31T22:04,Antalya,90701,2026-06-01T00:00,OpenMeteo,1,19.3
2026-05-31T22:04,Antalya,90701,2026-06-01T01:00,OpenMeteo,1,18.9
2026-05-31T22:04,Antalya,90701,2026-06-01T02:00,OpenMeteo,2,18.5
2026-05-31T22:04,Antalya,90701,2026-06-01T03:00,OpenMeteo,0,18.2
2026-05-31T22:04,Antalya,90701,2026-06-01T04:00,OpenMeteo,0,18.5
2026-05-31T22:04,Antalya,90701,2026-06-01T05:00,OpenMeteo,0,20.5
2026-05-31T22:04,Antalya,90701,2026-06-01T06:00,OpenMeteo,0,22.6
2026-05-31T22:04,Antalya,90701,2026-06-01T07:00,OpenMeteo,0,23.7
2026-05-31T22:04,Antalya,90701,2026-06-01T08:00,OpenMeteo,0,24.1
2026-05-31T22:04,Antalya,90701,2026-06-01T09:00,OpenMeteo,0,24.6
2026-05-31T22:04,Antalya,90701,2026-06-01T10:00,OpenMeteo,0,24.8
2026-05-31T22:04,Antalya,90701,2026-06-01T11:00,OpenMeteo,0,25.0
2026-05-31T22:04,Antalya,90701,2026-06-01T12:00,OpenMeteo,0,24.9
2026-05-31T22:04,Antalya,90701,2026-06-01T13:00,OpenMeteo,0,24.7
2026-05-31T22:04,Antalya,90701,2026-06-01T14:00,OpenMeteo,1,24.3
2026-05-31T22:04,Antalya,90701,2026-06-01T15:00,OpenMeteo,0,23.8
2026-05-31T22:04,Antalya,90701,2026-06-01T16:00,OpenMeteo,0,23.3
2026-05-31T22:04,Antalya,90701,2026-06-01T17:00,OpenMeteo,0,22.8
2026-05-31T22:04,Antalya,90701,2026-06-01T18:00,OpenMeteo,1,22.2
2026-05-31T22:04,Antalya,90701,2026-06-01T19:00,OpenMeteo,1,21.7
2026-05-31T22:04,Antalya,90701,2026-06-01T20:00,OpenMeteo,1,21.2
2026-05-31T22:04,Antalya,90701,2026-06-01T21:00,OpenMeteo,1,20.5
2026-05-31T22:04,Antalya,90701,2026-06-01T22:00,OpenMeteo,1,19.9
2026-05-31T22:04,Antalya,90701,2026-06-01T23:00,OpenMeteo,1,19.4
2026-05-31T22:04,Ankara,90601,2026-06-01T00:00,MGM,PB,13
2026-05-31T22:04,Ankara,90601,2026-06-01T03:00,MGM,PB,11
2026-05-31T22:04,Ankara,90601,2026-06-01T06:00,MGM,PB,16
2026-05-31T22:04,Ankara,90601,2026-06-01T09:00,MGM,PB,20
2026-05-31T22:04,Ankara,90601,2026-06-01T12:00,MGM,GSY,24
2026-05-31T22:04,Ankara,90601,2026-06-01T15:00,MGM,GSY,21
2026-05-31T22:04,Ankara,90601,2026-06-01T18:00,MGM,PB,18
2026-05-31T22:04,Ankara,90601,2026-06-01T21:00,MGM,PB,15
2026-05-31T22:04,Trabzon,96101,2026-06-01T00:00,MGM,PB,15
2026-05-31T22:04,Trabzon,96101,2026-06-01T03:00,MGM,PB,14
2026-05-31T22:04,Trabzon,96101,2026-06-01T06:00,MGM,PB,18
2026-05-31T22:04,Trabzon,96101,2026-06-01T09:00,MGM,PB,21
2026-05-31T22:04,Trabzon,96101,2026-06-01T12:00,MGM,PB,23
2026-05-31T22:04,Trabzon,96101,2026-06-01T15:00,MGM,GSY,20
2026-05-31T22:04,Trabzon,96101,2026-06-01T18:00,MGM,GSY,19
2026-05-31T22:04,Trabzon,96101,2026-06-01T21:00,MGM,GSY,18
2026-05-31T22:04,Erzurum,92501,2026-06-01T00:00,MGM,AB,6
2026-05-31T22:04,Erzurum,92501,2026-06-01T03:00,MGM,AB,4
2026-05-31T22:04,Erzurum,92501,2026-06-01T06:00,MGM,PB,14
2026-05-31T22:04,Erzurum,92501,2026-06-01T09:00,MGM,PB,17
2026-05-31T22:04,Erzurum,92501,2026-06-01T12:00,MGM,GSY,20
2026-05-31T22:04,Erzurum,92501,2026-06-01T15:00,MGM,GSY,13
2026-05-31T22:04,Erzurum,92501,2026-06-01T18:00,MGM,GSY,10
2026-05-31T22:04,Erzurum,92501,2026-06-01T21:00,MGM,GSY,9
2026-05-31T22:04,Gaziantep,92701,2026-05-31T00:00,OpenMeteo,0,14.0
2026-05-31T22:04,Gaziantep,92701,2026-05-31T01:00,OpenMeteo,0,13.6
2026-05-31T22:04,Gaziantep,92701,2026-05-31T02:00,OpenMeteo,0,13.6
2026-05-31T22:04,Gaziantep,92701,2026-05-31T03:00,OpenMeteo,0,13.6
2026-05-31T22:04,Gaziantep,92701,2026-05-31T04:00,OpenMeteo,0,15.9
2026-05-31T22:04,Gaziantep,92701,2026-05-31T05:00,OpenMeteo,0,18.4
2026-05-31T22:04,Gaziantep,92701,2026-05-31T06:00,OpenMeteo,0,20.5
2026-05-31T22:04,Gaziantep,92701,2026-05-31T07:00,OpenMeteo,0,21.8
2026-05-31T22:04,Gaziantep,92701,2026-05-31T08:00,OpenMeteo,0,23.1
2026-05-31T22:04,Gaziantep,92701,2026-05-31T09:00,OpenMeteo,0,23.9
2026-05-31T22:04,Gaziantep,92701,2026-05-31T10:00,OpenMeteo,0,25.0
2026-05-31T22:04,Gaziantep,92701,2026-05-31T11:00,OpenMeteo,0,25.7
2026-05-31T22:04,Gaziantep,92701,2026-05-31T12:00,OpenMeteo,1,25.9
2026-05-31T22:04,Gaziantep,92701,2026-05-31T13:00,OpenMeteo,0,25.9
2026-05-31T22:04,Gaziantep,92701,2026-05-31T14:00,OpenMeteo,1,25.5
2026-05-31T22:04,Gaziantep,92701,2026-05-31T15:00,OpenMeteo,1,25.2
2026-05-31T22:04,Gaziantep,92701,2026-05-31T16:00,OpenMeteo,1,24.6
2026-05-31T22:04,Gaziantep,92701,2026-05-31T17:00,OpenMeteo,1,22.6
2026-05-31T22:04,Gaziantep,92701,2026-05-31T18:00,OpenMeteo,1,20.9
2026-05-31T22:04,Gaziantep,92701,2026-05-31T19:00,OpenMeteo,0,19.2
2026-05-31T22:04,Gaziantep,92701,2026-05-31T20:00,OpenMeteo,0,17.5
2026-05-31T22:04,Gaziantep,92701,2026-05-31T21:00,OpenMeteo,0,16.1
2026-05-31T22:04,Gaziantep,92701,2026-05-31T22:00,OpenMeteo,0,15.1
2026-05-31T22:04,Gaziantep,92701,2026-05-31T23:00,OpenMeteo,0,14.4
2026-05-31T22:04,Gaziantep,92701,2026-06-01T00:00,OpenMeteo,0,14.0
2026-05-31T22:04,Gaziantep,92701,2026-06-01T01:00,OpenMeteo,0,13.6
2026-05-31T22:04,Gaziantep,92701,2026-06-01T02:00,OpenMeteo,0,13.3
2026-05-31T22:04,Gaziantep,92701,2026-06-01T03:00,OpenMeteo,0,13.1
2026-05-31T22:04,Gaziantep,92701,2026-06-01T04:00,OpenMeteo,0,15.3
2026-05-31T22:04,Gaziantep,92701,2026-06-01T05:00,OpenMeteo,1,19.7
2026-05-31T22:04,Gaziantep,92701,2026-06-01T06:00,OpenMeteo,1,22.0
2026-05-31T22:04,Gaziantep,92701,2026-06-01T07:00,OpenMeteo,1,24.0
2026-05-31T22:04,Gaziantep,92701,2026-06-01T08:00,OpenMeteo,1,25.6
2026-05-31T22:04,Gaziantep,92701,2026-06-01T09:00,OpenMeteo,2,26.7
2026-05-31T22:04,Gaziantep,92701,2026-06-01T10:00,OpenMeteo,1,27.6
2026-05-31T22:04,Gaziantep,92701,2026-06-01T11:00,OpenMeteo,0,28.1
2026-05-31T22:04,Gaziantep,92701,2026-06-01T12:00,OpenMeteo,0,28.4
2026-05-31T22:04,Gaziantep,92701,2026-06-01T13:00,OpenMeteo,0,28.1
2026-05-31T22:04,Gaziantep,92701,2026-06-01T14:00,OpenMeteo,0,27.7
2026-05-31T22:04,Gaziantep,92701,2026-06-01T15:00,OpenMeteo,1,26.8
2026-05-31T22:04,Gaziantep,92701,2026-06-01T16:00,OpenMeteo,0,25.0
2026-05-31T22:04,Gaziantep,92701,2026-06-01T17:00,OpenMeteo,0,22.8
2026-05-31T22:04,Gaziantep,92701,2026-06-01T18:00,OpenMeteo,0,21.3
2026-05-31T22:04,Gaziantep,92701,2026-06-01T19:00,OpenMeteo,0,20.1
2026-05-31T22:04,Gaziantep,92701,2026-06-01T20:00,OpenMeteo,0,19.2
2026-05-31T22:04,Gaziantep,92701,2026-06-01T21:00,OpenMeteo,0,18.5
2026-05-31T22:04,Gaziantep,92701,2026-06-01T22:00,OpenMeteo,0,18.2
2026-05-31T22:04,Gaziantep,92701,2026-06-01T23:00,OpenMeteo,0,18.1
2026-06-01T04:54,Istanbul,93401,2026-06-01T06:00,MGM,PB,22
2026-06-01T04:54,Istanbul,93401,2026-06-01T09:00,MGM,PB,24
2026-06-01T04:54,Istanbul,93401,2026-06-01T12:00,MGM,PB,26
2026-06-01T04:54,Istanbul,93401,2026-06-01T15:00,MGM,PB,25
2026-06-01T04:54,Istanbul,93401,2026-06-01T18:00,MGM,AB,23
2026-06-01T04:54,Istanbul,93401,2026-06-01T21:00,MGM,AB,22
2026-06-01T04:54,Istanbul,93401,2026-06-01T00:00,OpenMeteo,1,18.5
2026-06-01T04:54,Istanbul,93401,2026-06-01T01:00,OpenMeteo,1,18.1
2026-06-01T04:54,Istanbul,93401,2026-06-01T02:00,OpenMeteo,0,17.9
2026-06-01T04:54,Istanbul,93401,2026-06-01T03:00,OpenMeteo,1,17.8
2026-06-01T04:54,Istanbul,93401,2026-06-01T04:00,OpenMeteo,2,18.4
2026-06-01T04:54,Istanbul,93401,2026-06-01T05:00,OpenMeteo,2,19.5
2026-06-01T04:54,Istanbul,93401,2026-06-01T06:00,OpenMeteo,2,20.6
2026-06-01T04:54,Istanbul,93401,2026-06-01T07:00,OpenMeteo,1,21.8
2026-06-01T04:54,Istanbul,93401,2026-06-01T08:00,OpenMeteo,2,22.8
2026-06-01T04:54,Istanbul,93401,2026-06-01T09:00,OpenMeteo,2,23.6
2026-06-01T04:54,Istanbul,93401,2026-06-01T10:00,OpenMeteo,2,24.2
2026-06-01T04:54,Istanbul,93401,2026-06-01T11:00,OpenMeteo,2,24.9
2026-06-01T04:54,Istanbul,93401,2026-06-01T12:00,OpenMeteo,3,25.5
2026-06-01T04:54,Istanbul,93401,2026-06-01T13:00,OpenMeteo,1,25.7
2026-06-01T04:54,Istanbul,93401,2026-06-01T14:00,OpenMeteo,2,25.7
2026-06-01T04:54,Istanbul,93401,2026-06-01T15:00,OpenMeteo,2,25.3
2026-06-01T04:54,Istanbul,93401,2026-06-01T16:00,OpenMeteo,1,24.7
2026-06-01T04:54,Istanbul,93401,2026-06-01T17:00,OpenMeteo,2,24.5
2026-06-01T04:54,Istanbul,93401,2026-06-01T18:00,OpenMeteo,2,22.5
2026-06-01T04:54,Istanbul,93401,2026-06-01T19:00,OpenMeteo,2,21.8
2026-06-01T04:54,Istanbul,93401,2026-06-01T20:00,OpenMeteo,2,21.3
2026-06-01T04:54,Istanbul,93401,2026-06-01T21:00,OpenMeteo,2,20.9
2026-06-01T04:54,Istanbul,93401,2026-06-01T22:00,OpenMeteo,1,20.4
2026-06-01T04:54,Istanbul,93401,2026-06-01T23:00,OpenMeteo,1,19.6
2026-06-01T04:54,Istanbul,93401,2026-06-02T00:00,OpenMeteo,1,18.9
2026-06-01T04:54,Istanbul,93401,2026-06-02T01:00,OpenMeteo,2,18.4
2026-06-01T04:54,Istanbul,93401,2026-06-02T02:00,OpenMeteo,2,18.6
2026-06-01T04:54,Istanbul,93401,2026-06-02T03:00,OpenMeteo,3,19.1
2026-06-01T04:54,Istanbul,93401,2026-06-02T04:00,OpenMeteo,2,19.7
2026-06-01T04:54,Istanbul,93401,2026-06-02T05:00,OpenMeteo,1,21.5
2026-06-01T04:54,Istanbul,93401,2026-06-02T06:00,OpenMeteo,1,23.1
2026-06-01T04:54,Istanbul,93401,2026-06-02T07:00,OpenMeteo,0,24.4
2026-06-01T04:54,Istanbul,93401,2026-06-02T08:00,OpenMeteo,0,25.4
2026-06-01T04:54,Istanbul,93401,2026-06-02T09:00,OpenMeteo,1,26.3
2026-06-01T04:54,Istanbul,93401,2026-06-02T10:00,OpenMeteo,2,27.1
2026-06-01T04:54,Istanbul,93401,2026-06-02T11:00,OpenMeteo,1,27.7
2026-06-01T04:54,Istanbul,93401,2026-06-02T12:00,OpenMeteo,3,28.4
2026-06-01T04:54,Istanbul,93401,2026-06-02T13:00,OpenMeteo,0,29.1
2026-06-01T04:54,Istanbul,93401,2026-06-02T14:00,OpenMeteo,0,29.6
2026-06-01T04:54,Istanbul,93401,2026-06-02T15:00,OpenMeteo,1,30.0
2026-06-01T04:54,Istanbul,93401,2026-06-02T16:00,OpenMeteo,3,29.2
2026-06-01T04:54,Istanbul,93401,2026-06-02T17:00,OpenMeteo,3,27.0
2026-06-01T04:54,Istanbul,93401,2026-06-02T18:00,OpenMeteo,2,24.9
2026-06-01T04:54,Istanbul,93401,2026-06-02T19:00,OpenMeteo,3,22.8
2026-06-01T04:54,Istanbul,93401,2026-06-02T20:00,OpenMeteo,3,22.5
2026-06-01T04:54,Istanbul,93401,2026-06-02T21:00,OpenMeteo,3,21.9
2026-06-01T04:54,Istanbul,93401,2026-06-02T22:00,OpenMeteo,3,21.2
2026-06-01T04:54,Istanbul,93401,2026-06-02T23:00,OpenMeteo,3,20.4
2026-06-01T04:54,Izmir,93501,2026-06-01T06:00,MGM,A,25
2026-06-01T04:54,Izmir,93501,2026-06-01T09:00,MGM,A,29
2026-06-01T04:54,Izmir,93501,2026-06-01T12:00,MGM,AB,32
2026-06-01T04:54,Izmir,93501,2026-06-01T15:00,MGM,AB,29
2026-06-01T04:54,Izmir,93501,2026-06-01T18:00,MGM,A,25
2026-06-01T04:54,Izmir,93501,2026-06-01T21:00,MGM,A,22
2026-06-01T04:54,Izmir,93501,2026-06-01T00:00,OpenMeteo,0,16.9
2026-06-01T04:54,Izmir,93501,2026-06-01T01:00,OpenMeteo,0,16.7
2026-06-01T04:54,Izmir,93501,2026-06-01T02:00,OpenMeteo,0,16.4
2026-06-01T04:54,Izmir,93501,2026-06-01T03:00,OpenMeteo,0,16.5
2026-06-01T04:54,Izmir,93501,2026-06-01T04:00,OpenMeteo,0,17.5
2026-06-01T04:54,Izmir,93501,2026-06-01T05:00,OpenMeteo,0,21.3
2026-06-01T04:54,Izmir,93501,2026-06-01T06:00,OpenMeteo,0,23.6
2026-06-01T04:54,Izmir,93501,2026-06-01T07:00,OpenMeteo,0,25.7
2026-06-01T04:54,Izmir,93501,2026-06-01T08:00,OpenMeteo,0,27.6
2026-06-01T04:54,Izmir,93501,2026-06-01T09:00,OpenMeteo,1,29.5
2026-06-01T04:54,Izmir,93501,2026-06-01T10:00,OpenMeteo,0,30.7
2026-06-01T04:54,Izmir,93501,2026-06-01T11:00,OpenMeteo,0,31.2
2026-06-01T04:54,Izmir,93501,2026-06-01T12:00,OpenMeteo,0,31.4
2026-06-01T04:54,Izmir,93501,2026-06-01T13:00,OpenMeteo,0,31.4
2026-06-01T04:54,Izmir,93501,2026-06-01T14:00,OpenMeteo,0,30.9
2026-06-01T04:54,Izmir,93501,2026-06-01T15:00,OpenMeteo,0,30.0
2026-06-01T04:54,Izmir,93501,2026-06-01T16:00,OpenMeteo,0,28.9
2026-06-01T04:54,Izmir,93501,2026-06-01T17:00,OpenMeteo,0,27.3
2026-06-01T04:54,Izmir,93501,2026-06-01T18:00,OpenMeteo,0,25.4
2026-06-01T04:54,Izmir,93501,2026-06-01T19:00,OpenMeteo,1,23.7
2026-06-01T04:54,Izmir,93501,2026-06-01T20:00,OpenMeteo,1,21.7
2026-06-01T04:54,Izmir,93501,2026-06-01T21:00,OpenMeteo,1,20.4
2026-06-01T04:54,Izmir,93501,2026-06-01T22:00,OpenMeteo,1,20.0
2026-06-01T04:54,Izmir,93501,2026-06-01T23:00,OpenMeteo,0,19.5
2026-06-01T04:54,Izmir,93501,2026-06-02T00:00,OpenMeteo,0,19.1
2026-06-01T04:54,Izmir,93501,2026-06-02T01:00,OpenMeteo,0,18.8
2026-06-01T04:54,Izmir,93501,2026-06-02T02:00,OpenMeteo,0,17.9
2026-06-01T04:54,Izmir,93501,2026-06-02T03:00,OpenMeteo,0,16.8
2026-06-01T04:54,Izmir,93501,2026-06-02T04:00,OpenMeteo,0,17.5
2026-06-01T04:54,Izmir,93501,2026-06-02T05:00,OpenMeteo,0,21.9
2026-06-01T04:54,Izmir,93501,2026-06-02T06:00,OpenMeteo,0,24.9
2026-06-01T04:54,Izmir,93501,2026-06-02T07:00,OpenMeteo,0,27.1
2026-06-01T04:54,Izmir,93501,2026-06-02T08:00,OpenMeteo,0,29.2
2026-06-01T04:54,Izmir,93501,2026-06-02T09:00,OpenMeteo,0,30.9
2026-06-01T04:54,Izmir,93501,2026-06-02T10:00,OpenMeteo,0,32.2
2026-06-01T04:54,Izmir,93501,2026-06-02T11:00,OpenMeteo,0,32.5
2026-06-01T04:54,Izmir,93501,2026-06-02T12:00,OpenMeteo,1,31.8
2026-06-01T04:54,Izmir,93501,2026-06-02T13:00,OpenMeteo,1,31.9
2026-06-01T04:54,Izmir,93501,2026-06-02T14:00,OpenMeteo,0,31.4
2026-06-01T04:54,Izmir,93501,2026-06-02T15:00,OpenMeteo,0,30.4
2026-06-01T04:54,Izmir,93501,2026-06-02T16:00,OpenMeteo,0,29.0
2026-06-01T04:54,Izmir,93501,2026-06-02T17:00,OpenMeteo,0,27.3
2026-06-01T04:54,Izmir,93501,2026-06-02T18:00,OpenMeteo,0,24.9
2026-06-01T04:54,Izmir,93501,2026-06-02T19:00,OpenMeteo,0,23.0
2026-06-01T04:54,Izmir,93501,2026-06-02T20:00,OpenMeteo,0,21.6
2026-06-01T04:54,Izmir,93501,2026-06-02T21:00,OpenMeteo,0,20.8
2026-06-01T04:54,Izmir,93501,2026-06-02T22:00,OpenMeteo,0,19.4
2026-06-01T04:54,Izmir,93501,2026-06-02T23:00,OpenMeteo,0,18.0
2026-06-01T04:54,Antalya,90701,2026-06-01T06:00,MGM,AB,24
2026-06-01T04:54,Antalya,90701,2026-06-01T09:00,MGM,AB,25
2026-06-01T04:54,Antalya,90701,2026-06-01T12:00,MGM,AB,27
2026-06-01T04:54,Antalya,90701,2026-06-01T15:00,MGM,AB,26
2026-06-01T04:54,Antalya,90701,2026-06-01T18:00,MGM,AB,25
2026-06-01T04:54,Antalya,90701,2026-06-01T21:00,MGM,AB,23
2026-06-01T04:54,Antalya,90701,2026-06-01T00:00,OpenMeteo,1,19.6
2026-06-01T04:54,Antalya,90701,2026-06-01T01:00,OpenMeteo,1,19.1
2026-06-01T04:54,Antalya,90701,2026-06-01T02:00,OpenMeteo,1,18.6
2026-06-01T04:54,Antalya,90701,2026-06-01T03:00,OpenMeteo,0,18.3
2026-06-01T04:54,Antalya,90701,2026-06-01T04:00,OpenMeteo,0,18.7
2026-06-01T04:54,Antalya,90701,2026-06-01T05:00,OpenMeteo,0,20.7
2026-06-01T04:54,Antalya,90701,2026-06-01T06:00,OpenMeteo,0,22.9
2026-06-01T04:54,Antalya,90701,2026-06-01T07:00,OpenMeteo,0,24.1
2026-06-01T04:54,Antalya,90701,2026-06-01T08:00,OpenMeteo,0,24.5
2026-06-01T04:54,Antalya,90701,2026-06-01T09:00,OpenMeteo,0,24.8
2026-06-01T04:54,Antalya,90701,2026-06-01T10:00,OpenMeteo,0,25.1
2026-06-01T04:54,Antalya,90701,2026-06-01T11:00,OpenMeteo,0,25.2
2026-06-01T04:54,Antalya,90701,2026-06-01T12:00,OpenMeteo,0,25.1
2026-06-01T04:54,Antalya,90701,2026-06-01T13:00,OpenMeteo,0,25.0
2026-06-01T04:54,Antalya,90701,2026-06-01T14:00,OpenMeteo,0,24.6
2026-06-01T04:54,Antalya,90701,2026-06-01T15:00,OpenMeteo,0,24.3
2026-06-01T04:54,Antalya,90701,2026-06-01T16:00,OpenMeteo,1,23.8
2026-06-01T04:54,Antalya,90701,2026-06-01T17:00,OpenMeteo,0,23.0
2026-06-01T04:54,Antalya,90701,2026-06-01T18:00,OpenMeteo,0,22.4
2026-06-01T04:54,Antalya,90701,2026-06-01T19:00,OpenMeteo,1,21.9
2026-06-01T04:54,Antalya,90701,2026-06-01T20:00,OpenMeteo,1,21.3
2026-06-01T04:54,Antalya,90701,2026-06-01T21:00,OpenMeteo,1,20.6
2026-06-01T04:54,Antalya,90701,2026-06-01T22:00,OpenMeteo,0,20.0
2026-06-01T04:54,Antalya,90701,2026-06-01T23:00,OpenMeteo,0,19.6
2026-06-01T04:54,Antalya,90701,2026-06-02T00:00,OpenMeteo,1,19.2
2026-06-01T04:54,Antalya,90701,2026-06-02T01:00,OpenMeteo,1,19.0
2026-06-01T04:54,Antalya,90701,2026-06-02T02:00,OpenMeteo,0,19.3
2026-06-01T04:54,Antalya,90701,2026-06-02T03:00,OpenMeteo,0,19.6
2026-06-01T04:54,Antalya,90701,2026-06-02T04:00,OpenMeteo,1,19.8
2026-06-01T04:54,Antalya,90701,2026-06-02T05:00,OpenMeteo,1,20.9
2026-06-01T04:54,Antalya,90701,2026-06-02T06:00,OpenMeteo,2,22.3
2026-06-01T04:54,Antalya,90701,2026-06-02T07:00,OpenMeteo,2,23.5
2026-06-01T04:54,Antalya,90701,2026-06-02T08:00,OpenMeteo,2,24.0
2026-06-01T04:54,Antalya,90701,2026-06-02T09:00,OpenMeteo,2,24.2
2026-06-01T04:54,Antalya,90701,2026-06-02T10:00,OpenMeteo,1,24.3
2026-06-01T04:54,Antalya,90701,2026-06-02T11:00,OpenMeteo,1,24.5
2026-06-01T04:54,Antalya,90701,2026-06-02T12:00,OpenMeteo,2,24.4
2026-06-01T04:54,Antalya,90701,2026-06-02T13:00,OpenMeteo,3,24.1
2026-06-01T04:54,Antalya,90701,2026-06-02T14:00,OpenMeteo,3,24.0
2026-06-01T04:54,Antalya,90701,2026-06-02T15:00,OpenMeteo,3,23.7
2026-06-01T04:54,Antalya,90701,2026-06-02T16:00,OpenMeteo,3,23.3
2026-06-01T04:54,Antalya,90701,2026-06-02T17:00,OpenMeteo,3,22.8
2026-06-01T04:54,Antalya,90701,2026-06-02T18:00,OpenMeteo,3,22.4
2026-06-01T04:54,Antalya,90701,2026-06-02T19:00,OpenMeteo,3,22.2
2026-06-01T04:54,Antalya,90701,2026-06-02T20:00,OpenMeteo,1,21.9
2026-06-01T04:54,Antalya,90701,2026-06-02T21:00,OpenMeteo,0,21.3
2026-06-01T04:54,Antalya,90701,2026-06-02T22:00,OpenMeteo,0,20.8
2026-06-01T04:54,Antalya,90701,2026-06-02T23:00,OpenMeteo,1,20.4
2026-06-01T04:54,Ankara,90601,2026-06-01T06:00,MGM,PB,16
2026-06-01T04:54,Ankara,90601,2026-06-01T09:00,MGM,PB,20
2026-06-01T04:54,Ankara,90601,2026-06-01T12:00,MGM,GSY,24
2026-06-01T04:54,Ankara,90601,2026-06-01T15:00,MGM,GSY,21
2026-06-01T04:54,Ankara,90601,2026-06-01T18:00,MGM,PB,18
2026-06-01T04:54,Ankara,90601,2026-06-01T21:00,MGM,PB,15
2026-06-01T04:54,Trabzon,96101,2026-06-01T06:00,MGM,PB,18
2026-06-01T04:54,Trabzon,96101,2026-06-01T09:00,MGM,PB,21
2026-06-01T04:54,Trabzon,96101,2026-06-01T12:00,MGM,PB,23
2026-06-01T04:54,Trabzon,96101,2026-06-01T15:00,MGM,GSY,20
2026-06-01T04:54,Trabzon,96101,2026-06-01T18:00,MGM,GSY,19
2026-06-01T04:54,Trabzon,96101,2026-06-01T21:00,MGM,GSY,18
2026-06-01T04:54,Erzurum,92501,2026-06-01T06:00,MGM,PB,14
2026-06-01T04:54,Erzurum,92501,2026-06-01T09:00,MGM,PB,17
2026-06-01T04:54,Erzurum,92501,2026-06-01T12:00,MGM,GSY,20
2026-06-01T04:54,Erzurum,92501,2026-06-01T15:00,MGM,GSY,13
2026-06-01T04:54,Erzurum,92501,2026-06-01T18:00,MGM,GSY,10
2026-06-01T04:54,Erzurum,92501,2026-06-01T21:00,MGM,GSY,9
2026-06-01T04:54,Erzurum,92501,2026-06-01T00:00,OpenMeteo,0,2.1
2026-06-01T04:54,Erzurum,92501,2026-06-01T01:00,OpenMeteo,0,1.8
2026-06-01T04:54,Erzurum,92501,2026-06-01T02:00,OpenMeteo,0,1.7
2026-06-01T04:54,Erzurum,92501,2026-06-01T03:00,OpenMeteo,0,2.0
2026-06-01T04:54,Erzurum,92501,2026-06-01T04:00,OpenMeteo,1,4.0
2026-06-01T04:54,Erzurum,92501,2026-06-01T05:00,OpenMeteo,1,6.6
2026-06-01T04:54,Erzurum,92501,2026-06-01T06:00,OpenMeteo,1,9.5
2026-06-01T04:54,Erzurum,92501,2026-06-01T07:00,OpenMeteo,0,12.2
2026-06-01T04:54,Erzurum,92501,2026-06-01T08:00,OpenMeteo,2,14.1
2026-06-01T04:54,Erzurum,92501,2026-06-01T09:00,OpenMeteo,2,15.3
2026-06-01T04:54,Erzurum,92501,2026-06-01T10:00,OpenMeteo,2,15.9
2026-06-01T04:54,Erzurum,92501,2026-06-01T11:00,OpenMeteo,2,16.0
2026-06-01T04:54,Erzurum,92501,2026-06-01T12:00,OpenMeteo,2,16.4
2026-06-01T04:54,Erzurum,92501,2026-06-01T13:00,OpenMeteo,80,15.2
2026-06-01T04:54,Erzurum,92501,2026-06-01T14:00,OpenMeteo,80,13.5
2026-06-01T04:54,Erzurum,92501,2026-06-01T15:00,OpenMeteo,3,13.3
2026-06-01T04:54,Erzurum,92501,2026-06-01T16:00,OpenMeteo,3,12.2
2026-06-01T04:54,Erzurum,92501,2026-06-01T17:00,OpenMeteo,3,10.6
2026-06-01T04:54,Erzurum,92501,2026-06-01T18:00,OpenMeteo,2,9.7
2026-06-01T04:54,Erzurum,92501,2026-06-01T19:00,OpenMeteo,3,8.8
2026-06-01T04:54,Erzurum,92501,2026-06-01T20:00,OpenMeteo,2,8.2
2026-06-01T04:54,Erzurum,92501,2026-06-01T21:00,OpenMeteo,3,7.7
2026-06-01T04:54,Erzurum,92501,2026-06-01T22:00,OpenMeteo,3,7.4
2026-06-01T04:54,Erzurum,92501,2026-06-01T23:00,OpenMeteo,2,6.9
2026-06-01T04:54,Erzurum,92501,2026-06-02T00:00,OpenMeteo,2,6.7
2026-06-01T04:54,Erzurum,92501,2026-06-02T01:00,OpenMeteo,1,5.9
2026-06-01T04:54,Erzurum,92501,2026-06-02T02:00,OpenMeteo,1,5.3
2026-06-01T04:54,Erzurum,92501,2026-06-02T03:00,OpenMeteo,1,5.8
2026-06-01T04:54,Erzurum,92501,2026-06-02T04:00,OpenMeteo,2,7.5
2026-06-01T04:54,Erzurum,92501,2026-06-02T05:00,OpenMeteo,0,9.8
2026-06-01T04:54,Erzurum,92501,2026-06-02T06:00,OpenMeteo,1,11.9
2026-06-01T04:54,Erzurum,92501,2026-06-02T07:00,OpenMeteo,1,13.7
2026-06-01T04:54,Erzurum,92501,2026-06-02T08:00,OpenMeteo,2,14.8
2026-06-01T04:54,Erzurum,92501,2026-06-02T09:00,OpenMeteo,2,16.1
2026-06-01T04:54,Erzurum,92501,2026-06-02T10:00,OpenMeteo,3,17.0
2026-06-01T04:54,Erzurum,92501,2026-06-02T11:00,OpenMeteo,2,17.2
2026-06-01T04:54,Erzurum,92501,2026-06-02T12:00,OpenMeteo,3,17.1
2026-06-01T04:54,Erzurum,92501,2026-06-02T13:00,OpenMeteo,2,17.2
2026-06-01T04:54,Erzurum,92501,2026-06-02T14:00,OpenMeteo,1,17.1
2026-06-01T04:54,Erzurum,92501,2026-06-02T15:00,OpenMeteo,1,16.4
2026-06-01T04:54,Erzurum,92501,2026-06-02T16:00,OpenMeteo,1,15.1
2026-06-01T04:54,Erzurum,92501,2026-06-02T17:00,OpenMeteo,1,12.9
2026-06-01T04:54,Erzurum,92501,2026-06-02T18:00,OpenMeteo,0,10.9
2026-06-01T04:54,Erzurum,92501,2026-06-02T19:00,OpenMeteo,0,9.3
2026-06-01T04:54,Erzurum,92501,2026-06-02T20:00,OpenMeteo,0,8.2
2026-06-01T04:54,Erzurum,92501,2026-06-02T21:00,OpenMeteo,0,7.7
2026-06-01T04:54,Erzurum,92501,2026-06-02T22:00,OpenMeteo,0,7.1
2026-06-01T04:54,Erzurum,92501,2026-06-02T23:00,OpenMeteo,1,6.2
2026-06-01T04:54,Gaziantep,92701,2026-06-01T06:00,MGM,PB,22
2026-06-01T04:54,Gaziantep,92701,2026-06-01T09:00,MGM,PB,27
2026-06-01T04:54,Gaziantep,92701,2026-06-01T12:00,MGM,AB,30
2026-06-01T04:54,Gaziantep,92701,2026-06-01T15:00,MGM,AB,27
2026-06-01T04:54,Gaziantep,92701,2026-06-01T18:00,MGM,AB,23
2026-06-01T04:54,Gaziantep,92701,2026-06-01T21:00,MGM,AB,19
2026-06-01T04:54,Gaziantep,92701,2026-06-01T00:00,OpenMeteo,0,14.3
2026-06-01T04:54,Gaziantep,92701,2026-06-01T01:00,OpenMeteo,0,14.0
2026-06-01T04:54,Gaziantep,92701,2026-06-01T02:00,OpenMeteo,0,13.6
2026-06-01T04:54,Gaziantep,92701,2026-06-01T03:00,OpenMeteo,0,13.5
2026-06-01T04:54,Gaziantep,92701,2026-06-01T04:00,OpenMeteo,1,15.7
2026-06-01T04:54,Gaziantep,92701,2026-06-01T05:00,OpenMeteo,1,19.7
2026-06-01T04:54,Gaziantep,92701,2026-06-01T06:00,OpenMeteo,1,21.9
2026-06-01T04:54,Gaziantep,92701,2026-06-01T07:00,OpenMeteo,1,24.0
2026-06-01T04:54,Gaziantep,92701,2026-06-01T08:00,OpenMeteo,1,25.6
2026-06-01T04:54,Gaziantep,92701,2026-06-01T09:00,OpenMeteo,1,26.9
2026-06-01T04:54,Gaziantep,92701,2026-06-01T10:00,OpenMeteo,1,27.7
2026-06-01T04:54,Gaziantep,92701,2026-06-01T11:00,OpenMeteo,0,28.1
2026-06-01T04:54,Gaziantep,92701,2026-06-01T12:00,OpenMeteo,0,28.3
2026-06-01T04:54,Gaziantep,92701,2026-06-01T13:00,OpenMeteo,0,28.1
2026-06-01T04:54,Gaziantep,92701,2026-06-01T14:00,OpenMeteo,0,27.6
2026-06-01T04:54,Gaziantep,92701,2026-06-01T15:00,OpenMeteo,1,26.5
2026-06-01T04:54,Gaziantep,92701,2026-06-01T16:00,OpenMeteo,0,24.5
2026-06-01T04:54,Gaziantep,92701,2026-06-01T17:00,OpenMeteo,0,22.6
2026-06-01T04:54,Gaziantep,92701,2026-06-01T18:00,OpenMeteo,0,21.0
2026-06-01T04:54,Gaziantep,92701,2026-06-01T19:00,OpenMeteo,0,19.9
2026-06-01T04:54,Gaziantep,92701,2026-06-01T20:00,OpenMeteo,0,19.1
2026-06-01T04:54,Gaziantep,92701,2026-06-01T21:00,OpenMeteo,0,18.7
2026-06-01T04:54,Gaziantep,92701,2026-06-01T22:00,OpenMeteo,0,18.5
2026-06-01T04:54,Gaziantep,92701,2026-06-01T23:00,OpenMeteo,0,18.2
2026-06-01T04:54,Gaziantep,92701,2026-06-02T00:00,OpenMeteo,0,18.0
2026-06-01T04:54,Gaziantep,92701,2026-06-02T01:00,OpenMeteo,0,17.8
2026-06-01T04:54,Gaziantep,92701,2026-06-02T02:00,OpenMeteo,0,17.5
2026-06-01T04:54,Gaziantep,92701,2026-06-02T03:00,OpenMeteo,0,17.4
2026-06-01T04:54,Gaziantep,92701,2026-06-02T04:00,OpenMeteo,0,19.1
2026-06-01T04:54,Gaziantep,92701,2026-06-02T05:00,OpenMeteo,0,21.3
2026-06-01T04:54,Gaziantep,92701,2026-06-02T06:00,OpenMeteo,0,23.3
2026-06-01T04:54,Gaziantep,92701,2026-06-02T07:00,OpenMeteo,0,25.2
2026-06-01T04:54,Gaziantep,92701,2026-06-02T08:00,OpenMeteo,0,26.7
2026-06-01T04:54,Gaziantep,92701,2026-06-02T09:00,OpenMeteo,0,28.0
2026-06-01T04:54,Gaziantep,92701,2026-06-02T10:00,OpenMeteo,1,28.9
2026-06-01T04:54,Gaziantep,92701,2026-06-02T11:00,OpenMeteo,1,29.4
2026-06-01T04:54,Gaziantep,92701,2026-06-02T12:00,OpenMeteo,0,29.8
2026-06-01T04:54,Gaziantep,92701,2026-06-02T13:00,OpenMeteo,2,29.7
2026-06-01T04:54,Gaziantep,92701,2026-06-02T14:00,OpenMeteo,2,28.9
2026-06-01T04:54,Gaziantep,92701,2026-06-02T15:00,OpenMeteo,1,28.3
2026-06-01T04:54,Gaziantep,92701,2026-06-02T16:00,OpenMeteo,0,26.9
2026-06-01T04:54,Gaziantep,92701,2026-06-02T17:00,OpenMeteo,1,24.7
2026-06-01T04:54,Gaziantep,92701,2026-06-02T18:00,OpenMeteo,1,23.2
2026-06-01T04:54,Gaziantep,92701,2026-06-02T19:00,OpenMeteo,1,21.9
2026-06-01T04:54,Gaziantep,92701,2026-06-02T20:00,OpenMeteo,1,21.1
2026-06-01T04:54,Gaziantep,92701,2026-06-02T21:00,OpenMeteo,1,20.4
2026-06-01T04:54,Gaziantep,92701,2026-06-02T22:00,OpenMeteo,1,19.5
2026-06-01T04:54,Gaziantep,92701,2026-06-02T23:00,OpenMeteo,0,18.4
2026-06-01T11:48,Istanbul,93401,2026-06-01T12:00,MGM,PB,26
2026-06-01T11:48,Istanbul,93401,2026-06-01T15:00,MGM,PB,25
2026-06-01T11:48,Istanbul,93401,2026-06-01T18:00,MGM,PB,24
2026-06-01T11:48,Istanbul,93401,2026-06-01T21:00,MGM,AB,22
2026-06-01T11:48,Istanbul,93401,2026-06-02T00:00,MGM,AB,21
2026-06-01T11:48,Istanbul,93401,2026-06-02T03:00,MGM,AB,20
2026-06-01T11:48,Istanbul,93401,2026-06-02T06:00,MGM,AB,24
2026-06-01T11:48,Istanbul,93401,2026-06-02T09:00,MGM,PB,27
2026-06-01T11:48,Istanbul,93401,2026-06-02T12:00,MGM,PB,30
2026-06-01T11:48,Istanbul,93401,2026-06-02T15:00,MGM,PB,29
2026-06-01T11:48,Istanbul,93401,2026-06-02T18:00,MGM,PB,27
2026-06-01T11:48,Istanbul,93401,2026-06-02T21:00,MGM,PB,26
2026-06-01T11:48,Istanbul,93401,2026-06-01T00:00,OpenMeteo,1,18.5
2026-06-01T11:48,Istanbul,93401,2026-06-01T01:00,OpenMeteo,1,18.1
2026-06-01T11:48,Istanbul,93401,2026-06-01T02:00,OpenMeteo,0,17.9
2026-06-01T11:48,Istanbul,93401,2026-06-01T03:00,OpenMeteo,1,17.9
2026-06-01T11:48,Istanbul,93401,2026-06-01T04:00,OpenMeteo,2,18.5
2026-06-01T11:48,Istanbul,93401,2026-06-01T05:00,OpenMeteo,2,19.5
2026-06-01T11:48,Istanbul,93401,2026-06-01T06:00,OpenMeteo,2,20.7
2026-06-01T11:48,Istanbul,93401,2026-06-01T07:00,OpenMeteo,1,21.8
2026-06-01T11:48,Istanbul,93401,2026-06-01T08:00,OpenMeteo,2,22.7
2026-06-01T11:48,Istanbul,93401,2026-06-01T09:00,OpenMeteo,3,23.5
2026-06-01T11:48,Istanbul,93401,2026-06-01T10:00,OpenMeteo,3,24.1
2026-06-01T11:48,Istanbul,93401,2026-06-01T11:00,OpenMeteo,2,24.7
2026-06-01T11:48,Istanbul,93401,2026-06-01T12:00,OpenMeteo,2,25.3
2026-06-01T11:48,Istanbul,93401,2026-06-01T13:00,OpenMeteo,1,25.5
2026-06-01T11:48,Istanbul,93401,2026-06-01T14:00,OpenMeteo,0,25.6
2026-06-01T11:48,Istanbul,93401,2026-06-01T15:00,OpenMeteo,1,25.6
2026-06-01T11:48,Istanbul,93401,2026-06-01T16:00,OpenMeteo,3,25.1
2026-06-01T11:48,Istanbul,93401,2026-06-01T17:00,OpenMeteo,3,23.1
2026-06-01T11:48,Istanbul,93401,2026-06-01T18:00,OpenMeteo,1,21.7
2026-06-01T11:48,Istanbul,93401,2026-06-01T19:00,OpenMeteo,2,21.1
2026-06-01T11:48,Istanbul,93401,2026-06-01T20:00,OpenMeteo,2,20.7
2026-06-01T11:48,Istanbul,93401,2026-06-01T21:00,OpenMeteo,1,20.4
2026-06-01T11:48,Istanbul,93401,2026-06-01T22:00,OpenMeteo,1,19.7
2026-06-01T11:48,Istanbul,93401,2026-06-01T23:00,OpenMeteo,0,18.9
2026-06-01T11:48,Istanbul,93401,2026-06-02T00:00,OpenMeteo,0,18.3
2026-06-01T11:48,Istanbul,93401,2026-06-02T01:00,OpenMeteo,1,17.9
2026-06-01T11:48,Istanbul,93401,2026-06-02T02:00,OpenMeteo,2,17.6
2026-06-01T11:48,Istanbul,93401,2026-06-02T03:00,OpenMeteo,2,18.1
2026-06-01T11:48,Istanbul,93401,2026-06-02T04:00,OpenMeteo,2,19.2
2026-06-01T11:48,Istanbul,93401,2026-06-02T05:00,OpenMeteo,1,21.1
2026-06-01T11:48,Istanbul,93401,2026-06-02T06:00,OpenMeteo,1,22.7
2026-06-01T11:48,Istanbul,93401,2026-06-02T07:00,OpenMeteo,0,24.2
2026-06-01T11:48,Istanbul,93401,2026-06-02T08:00,OpenMeteo,0,25.2
2026-06-01T11:48,Istanbul,93401,2026-06-02T09:00,OpenMeteo,2,26.1
2026-06-01T11:48,Istanbul,93401,2026-06-02T10:00,OpenMeteo,2,26.9
2026-06-01T11:48,Istanbul,93401,2026-06-02T11:00,OpenMeteo,1,27.6
2026-06-01T11:48,Istanbul,93401,2026-06-02T12:00,OpenMeteo,0,28.1
2026-06-01T11:48,Istanbul,93401,2026-06-02T13:00,OpenMeteo,1,28.7
2026-06-01T11:48,Istanbul,93401,2026-06-02T14:00,OpenMeteo,1,28.8
2026-06-01T11:48,Istanbul,93401,2026-06-02T15:00,OpenMeteo,1,29.3
2026-06-01T11:48,Istanbul,93401,2026-06-02T16:00,OpenMeteo,2,28.9
2026-06-01T11:48,Istanbul,93401,2026-06-02T17:00,OpenMeteo,0,26.1
2026-06-01T11:48,Istanbul,93401,2026-06-02T18:00,OpenMeteo,1,24.6
2026-06-01T11:48,Istanbul,93401,2026-06-02T19:00,OpenMeteo,3,23.6
2026-06-01T11:48,Istanbul,93401,2026-06-02T20:00,OpenMeteo,3,22.3
2026-06-01T11:48,Istanbul,93401,2026-06-02T21:00,OpenMeteo,3,21.4
2026-06-01T11:48,Istanbul,93401,2026-06-02T22:00,OpenMeteo,3,20.8
2026-06-01T11:48,Istanbul,93401,2026-06-02T23:00,OpenMeteo,3,20.6
2026-06-01T11:48,Izmir,93501,2026-06-01T12:00,MGM,AB,32
2026-06-01T11:48,Izmir,93501,2026-06-01T15:00,MGM,AB,29
2026-06-01T11:48,Izmir,93501,2026-06-01T18:00,MGM,AB,25
2026-06-01T11:48,Izmir,93501,2026-06-01T21:00,MGM,AB,23
2026-06-01T11:48,Izmir,93501,2026-06-02T00:00,MGM,AB,21
2026-06-01T11:48,Izmir,93501,2026-06-02T03:00,MGM,AB,18
2026-06-01T11:48,Izmir,93501,2026-06-02T06:00,MGM,AB,26
2026-06-01T11:48,Izmir,93501,2026-06-02T09:00,MGM,AB,31
2026-06-01T11:48,Izmir,93501,2026-06-02T12:00,MGM,PB,33
2026-06-01T11:48,Izmir,93501,2026-06-02T15:00,MGM,PB,29
2026-06-01T11:48,Izmir,93501,2026-06-02T18:00,MGM,PB,25
2026-06-01T11:48,Izmir,93501,2026-06-02T21:00,MGM,AB,22
2026-06-01T11:48,Izmir,93501,2026-06-01T00:00,OpenMeteo,0,16.9
2026-06-01T11:48,Izmir,93501,2026-06-01T01:00,OpenMeteo,0,16.7
2026-06-01T11:48,Izmir,93501,2026-06-01T02:00,OpenMeteo,0,16.4
2026-06-01T11:48,Izmir,93501,2026-06-01T03:00,OpenMeteo,0,16.3
2026-06-01T11:48,Izmir,93501,2026-06-01T04:00,OpenMeteo,0,17.3
2026-06-01T11:48,Izmir,93501,2026-06-01T05:00,OpenMeteo,0,21.1
2026-06-01T11:48,Izmir,93501,2026-06-01T06:00,OpenMeteo,0,23.4
2026-06-01T11:48,Izmir,93501,2026-06-01T07:00,OpenMeteo,0,25.5
2026-06-01T11:48,Izmir,93501,2026-06-01T08:00,OpenMeteo,0,27.4
2026-06-01T11:48,Izmir,93501,2026-06-01T09:00,OpenMeteo,0,29.3
2026-06-01T11:48,Izmir,93501,2026-06-01T10:00,OpenMeteo,0,30.6
2026-06-01T11:48,Izmir,93501,2026-06-01T11:00,OpenMeteo,0,30.7
2026-06-01T11:48,Izmir,93501,2026-06-01T12:00,OpenMeteo,0,31.3
2026-06-01T11:48,Izmir,93501,2026-06-01T13:00,OpenMeteo,0,31.3
2026-06-01T11:48,Izmir,93501,2026-06-01T14:00,OpenMeteo,0,30.7
2026-06-01T11:48,Izmir,93501,2026-06-01T15:00,OpenMeteo,0,29.7
2026-06-01T11:48,Izmir,93501,2026-06-01T16:00,OpenMeteo,0,28.5
2026-06-01T11:48,Izmir,93501,2026-06-01T17:00,OpenMeteo,0,27.1
2026-06-01T11:48,Izmir,93501,2026-06-01T18:00,OpenMeteo,1,25.2
2026-06-01T11:48,Izmir,93501,2026-06-01T19:00,OpenMeteo,0,23.7
2026-06-01T11:48,Izmir,93501,2026-06-01T20:00,OpenMeteo,0,21.7
2026-06-01T11:48,Izmir,93501,2026-06-01T21:00,OpenMeteo,0,20.3
2026-06-01T11:48,Izmir,93501,2026-06-01T22:00,OpenMeteo,0,19.6
2026-06-01T11:48,Izmir,93501,2026-06-01T23:00,OpenMeteo,0,18.9
2026-06-01T11:48,Izmir,93501,2026-06-02T00:00,OpenMeteo,0,18.7
2026-06-01T11:48,Izmir,93501,2026-06-02T01:00,OpenMeteo,0,17.8
2026-06-01T11:48,Izmir,93501,2026-06-02T02:00,OpenMeteo,0,16.9
2026-06-01T11:48,Izmir,93501,2026-06-02T03:00,OpenMeteo,0,16.5
2026-06-01T11:48,Izmir,93501,2026-06-02T04:00,OpenMeteo,0,17.2
2026-06-01T11:48,Izmir,93501,2026-06-02T05:00,OpenMeteo,0,21.6
2026-06-01T11:48,Izmir,93501,2026-06-02T06:00,OpenMeteo,0,25.1
2026-06-01T11:48,Izmir,93501,2026-06-02T07:00,OpenMeteo,0,27.1
2026-06-01T11:48,Izmir,93501,2026-06-02T08:00,OpenMeteo,0,29.1
2026-06-01T11:48,Izmir,93501,2026-06-02T09:00,OpenMeteo,0,31.0
2026-06-01T11:48,Izmir,93501,2026-06-02T10:00,OpenMeteo,0,32.4
2026-06-01T11:48,Izmir,93501,2026-06-02T11:00,OpenMeteo,0,32.8
2026-06-01T11:48,Izmir,93501,2026-06-02T12:00,OpenMeteo,0,32.5
2026-06-01T11:48,Izmir,93501,2026-06-02T13:00,OpenMeteo,0,32.2
2026-06-01T11:48,Izmir,93501,2026-06-02T14:00,OpenMeteo,0,31.6
2026-06-01T11:48,Izmir,93501,2026-06-02T15:00,OpenMeteo,0,30.4
2026-06-01T11:48,Izmir,93501,2026-06-02T16:00,OpenMeteo,0,29.0
2026-06-01T11:48,Izmir,93501,2026-06-02T17:00,OpenMeteo,0,27.4
2026-06-01T11:48,Izmir,93501,2026-06-02T18:00,OpenMeteo,0,25.5
2026-06-01T11:48,Izmir,93501,2026-06-02T19:00,OpenMeteo,0,22.5
2026-06-01T11:48,Izmir,93501,2026-06-02T20:00,OpenMeteo,0,21.3
2026-06-01T11:48,Izmir,93501,2026-06-02T21:00,OpenMeteo,0,20.3
2026-06-01T11:48,Izmir,93501,2026-06-02T22:00,OpenMeteo,0,19.2
2026-06-01T11:48,Izmir,93501,2026-06-02T23:00,OpenMeteo,0,17.7
2026-06-01T11:48,Ankara,90601,2026-06-01T12:00,MGM,GSY,24
2026-06-01T11:48,Ankara,90601,2026-06-01T15:00,MGM,GSY,22
2026-06-01T11:48,Ankara,90601,2026-06-01T18:00,MGM,PB,18
2026-06-01T11:48,Ankara,90601,2026-06-01T21:00,MGM,PB,16
2026-06-01T11:48,Ankara,90601,2026-06-02T00:00,MGM,AB,13
2026-06-01T11:48,Ankara,90601,2026-06-02T03:00,MGM,AB,12
2026-06-01T11:48,Ankara,90601,2026-06-02T06:00,MGM,PB,19
2026-06-01T11:48,Ankara,90601,2026-06-02T09:00,MGM,PB,23
2026-06-01T11:48,Ankara,90601,2026-06-02T12:00,MGM,GSY,26
2026-06-01T11:48,Ankara,90601,2026-06-02T15:00,MGM,GSY,25
2026-06-01T11:48,Ankara,90601,2026-06-02T18:00,MGM,GSY,21
2026-06-01T11:48,Ankara,90601,2026-06-02T21:00,MGM,GSY,18
2026-06-01T11:48,Trabzon,96101,2026-06-01T12:00,MGM,GSY,25
2026-06-01T11:48,Trabzon,96101,2026-06-01T15:00,MGM,GSY,20
2026-06-01T11:48,Trabzon,96101,2026-06-01T18:00,MGM,GSY,19
2026-06-01T11:48,Trabzon,96101,2026-06-01T21:00,MGM,GSY,18
2026-06-01T11:48,Trabzon,96101,2026-06-02T00:00,MGM,GSY,17
2026-06-01T11:48,Trabzon,96101,2026-06-02T03:00,MGM,GSY,16
2026-06-01T11:48,Trabzon,96101,2026-06-02T06:00,MGM,GSY,18
2026-06-01T11:48,Trabzon,96101,2026-06-02T09:00,MGM,GSY,19
2026-06-01T11:48,Trabzon,96101,2026-06-02T12:00,MGM,PB,21
2026-06-01T11:48,Trabzon,96101,2026-06-02T15:00,MGM,PB,20
2026-06-01T11:48,Trabzon,96101,2026-06-02T18:00,MGM,PB,19
2026-06-01T11:48,Trabzon,96101,2026-06-02T21:00,MGM,PB,18
2026-06-01T11:48,Trabzon,96101,2026-06-01T00:00,OpenMeteo,1,13.8
2026-06-01T11:48,Trabzon,96101,2026-06-01T01:00,OpenMeteo,1,13.8
2026-06-01T11:48,Trabzon,96101,2026-06-01T02:00,OpenMeteo,2,14.0
2026-06-01T11:48,Trabzon,96101,2026-06-01T03:00,OpenMeteo,2,14.5
2026-06-01T11:48,Trabzon,96101,2026-06-01T04:00,OpenMeteo,0,17.1
2026-06-01T11:48,Trabzon,96101,2026-06-01T05:00,OpenMeteo,2,20.7
2026-06-01T11:48,Trabzon,96101,2026-06-01T06:00,OpenMeteo,2,21.7
2026-06-01T11:48,Trabzon,96101,2026-06-01T07:00,OpenMeteo,2,20.5
2026-06-01T11:48,Trabzon,96101,2026-06-01T08:00,OpenMeteo,2,22.0
2026-06-01T11:48,Trabzon,96101,2026-06-01T09:00,OpenMeteo,2,21.7
2026-06-01T11:48,Trabzon,96101,2026-06-01T10:00,OpenMeteo,2,21.8
2026-06-01T11:48,Trabzon,96101,2026-06-01T11:00,OpenMeteo,2,22.1
2026-06-01T11:48,Trabzon,96101,2026-06-01T12:00,OpenMeteo,2,21.6
2026-06-01T11:48,Trabzon,96101,2026-06-01T13:00,OpenMeteo,3,20.8
2026-06-01T11:48,Trabzon,96101,2026-06-01T14:00,OpenMeteo,2,20.2
2026-06-01T11:48,Trabzon,96101,2026-06-01T15:00,OpenMeteo,2,19.0
2026-06-01T11:48,Trabzon,96101,2026-06-01T16:00,OpenMeteo,2,18.3
2026-06-01T11:48,Trabzon,96101,2026-06-01T17:00,OpenMeteo,3,17.9
2026-06-01T11:48,Trabzon,96101,2026-06-01T18:00,OpenMeteo,3,17.5
2026-06-01T11:48,Trabzon,96101,2026-06-01T19:00,OpenMeteo,3,17.1
2026-06-01T11:48,Trabzon,96101,2026-06-01T20:00,OpenMeteo,61,16.8
2026-06-01T11:48,Trabzon,96101,2026-06-01T21:00,OpenMeteo,51,16.6
2026-06-01T11:48,Trabzon,96101,2026-06-01T22:00,OpenMeteo,3,16.5
2026-06-01T11:48,Trabzon,96101,2026-06-01T23:00,OpenMeteo,3,16.5
2026-06-01T11:48,Trabzon,96101,2026-06-02T00:00,OpenMeteo,3,16.4
2026-06-01T11:48,Trabzon,96101,2026-06-02T01:00,OpenMeteo,3,16.4
2026-06-01T11:48,Trabzon,96101,2026-06-02T02:00,OpenMeteo,3,16.5
2026-06-01T11:48,Trabzon,96101,2026-06-02T03:00,OpenMeteo,3,16.8
2026-06-01T11:48,Trabzon,96101,2026-06-02T04:00,OpenMeteo,3,17.2
2026-06-01T11:48,Trabzon,96101,2026-06-02T05:00,OpenMeteo,3,17.3
2026-06-01T11:48,Trabzon,96101,2026-06-02T06:00,OpenMeteo,3,17.7
2026-06-01T11:48,Trabzon,96101,2026-06-02T07:00,OpenMeteo,3,18.2
2026-06-01T11:48,Trabzon,96101,2026-06-02T08:00,OpenMeteo,3,18.2
2026-06-01T11:48,Trabzon,96101,2026-06-02T09:00,OpenMeteo,2,18.6
2026-06-01T11:48,Trabzon,96101,2026-06-02T10:00,OpenMeteo,3,19.3
2026-06-01T11:48,Trabzon,96101,2026-06-02T11:00,OpenMeteo,2,19.7
2026-06-01T11:48,Trabzon,96101,2026-06-02T12:00,OpenMeteo,1,19.8
2026-06-01T11:48,Trabzon,96101,2026-06-02T13:00,OpenMeteo,1,19.4
2026-06-01T11:48,Trabzon,96101,2026-06-02T14:00,OpenMeteo,1,19.1
2026-06-01T11:48,Trabzon,96101,2026-06-02T15:00,OpenMeteo,1,18.6
2026-06-01T11:48,Trabzon,96101,2026-06-02T16:00,OpenMeteo,2,18.2
2026-06-01T11:48,Trabzon,96101,2026-06-02T17:00,OpenMeteo,3,17.9
2026-06-01T11:48,Trabzon,96101,2026-06-02T18:00,OpenMeteo,2,17.5
2026-06-01T11:48,Trabzon,96101,2026-06-02T19:00,OpenMeteo,2,17.2
2026-06-01T11:48,Trabzon,96101,2026-06-02T20:00,OpenMeteo,2,16.9
2026-06-01T11:48,Trabzon,96101,2026-06-02T21:00,OpenMeteo,2,16.7
2026-06-01T11:48,Trabzon,96101,2026-06-02T22:00,OpenMeteo,2,16.3
2026-06-01T11:48,Trabzon,96101,2026-06-02T23:00,OpenMeteo,2,15.7
2026-06-01T11:48,Erzurum,92501,2026-06-01T12:00,MGM,GSY,20
2026-06-01T11:48,Erzurum,92501,2026-06-01T15:00,MGM,GSY,16
2026-06-01T11:48,Erzurum,92501,2026-06-01T18:00,MGM,GSY,10
2026-06-01T11:48,Erzurum,92501,2026-06-01T21:00,MGM,GSY,9
2026-06-01T11:48,Erzurum,92501,2026-06-02T00:00,MGM,PB,5
2026-06-01T11:48,Erzurum,92501,2026-06-02T03:00,MGM,PB,8
2026-06-01T11:48,Erzurum,92501,2026-06-02T06:00,MGM,MSY,13
2026-06-01T11:48,Erzurum,92501,2026-06-02T09:00,MGM,MSY,16
2026-06-01T11:48,Erzurum,92501,2026-06-02T12:00,MGM,GSY,20
2026-06-01T11:48,Erzurum,92501,2026-06-02T15:00,MGM,GSY,17
2026-06-01T11:48,Erzurum,92501,2026-06-02T18:00,MGM,PB,12
2026-06-01T11:48,Erzurum,92501,2026-06-02T21:00,MGM,PB,10
2026-06-01T11:48,Erzurum,92501,2026-06-01T00:00,OpenMeteo,0,2.1
2026-06-01T11:48,Erzurum,92501,2026-06-01T01:00,OpenMeteo,0,1.8
2026-06-01T11:48,Erzurum,92501,2026-06-01T02:00,OpenMeteo,0,1.7
2026-06-01T11:48,Erzurum,92501,2026-06-01T03:00,OpenMeteo,0,1.8
2026-06-01T11:48,Erzurum,92501,2026-06-01T04:00,OpenMeteo,1,3.9
2026-06-01T11:48,Erzurum,92501,2026-06-01T05:00,OpenMeteo,1,6.4
2026-06-01T11:48,Erzurum,92501,2026-06-01T06:00,OpenMeteo,1,9.2
2026-06-01T11:48,Erzurum,92501,2026-06-01T07:00,OpenMeteo,1,11.8
2026-06-01T11:48,Erzurum,92501,2026-06-01T08:00,OpenMeteo,1,13.9
2026-06-01T11:48,Erzurum,92501,2026-06-01T09:00,OpenMeteo,2,15.1
2026-06-01T11:48,Erzurum,92501,2026-06-01T10:00,OpenMeteo,2,15.9
2026-06-01T11:48,Erzurum,92501,2026-06-01T11:00,OpenMeteo,3,16.1
2026-06-01T11:48,Erzurum,92501,2026-06-01T12:00,OpenMeteo,3,15.4
2026-06-01T11:48,Erzurum,92501,2026-06-01T13:00,OpenMeteo,80,15.5
2026-06-01T11:48,Erzurum,92501,2026-06-01T14:00,OpenMeteo,3,14.2
2026-06-01T11:48,Erzurum,92501,2026-06-01T15:00,OpenMeteo,3,13.2
2026-06-01T11:48,Erzurum,92501,2026-06-01T16:00,OpenMeteo,3,12.2
2026-06-01T11:48,Erzurum,92501,2026-06-01T17:00,OpenMeteo,3,10.5
2026-06-01T11:48,Erzurum,92501,2026-06-01T18:00,OpenMeteo,2,9.9
2026-06-01T11:48,Erzurum,92501,2026-06-01T19:00,OpenMeteo,2,8.8
2026-06-01T11:48,Erzurum,92501,2026-06-01T20:00,OpenMeteo,2,8.1
2026-06-01T11:48,Erzurum,92501,2026-06-01T21:00,OpenMeteo,2,7.4
2026-06-01T11:48,Erzurum,92501,2026-06-01T22:00,OpenMeteo,2,6.8
2026-06-01T11:48,Erzurum,92501,2026-06-01T23:00,OpenMeteo,1,6.3
2026-06-01T11:48,Erzurum,92501,2026-06-02T00:00,OpenMeteo,1,5.9
2026-06-01T11:48,Erzurum,92501,2026-06-02T01:00,OpenMeteo,2,5.4
2026-06-01T11:48,Erzurum,92501,2026-06-02T02:00,OpenMeteo,2,5.2
2026-06-01T11:48,Erzurum,92501,2026-06-02T03:00,OpenMeteo,1,6.0
2026-06-01T11:48,Erzurum,92501,2026-06-02T04:00,OpenMeteo,2,7.9
2026-06-01T11:48,Erzurum,92501,2026-06-02T05:00,OpenMeteo,1,10.0
2026-06-01T11:48,Erzurum,92501,2026-06-02T06:00,OpenMeteo,2,12.2
2026-06-01T11:48,Erzurum,92501,2026-06-02T07:00,OpenMeteo,1,13.8
2026-06-01T11:48,Erzurum,92501,2026-06-02T08:00,OpenMeteo,3,14.7
2026-06-01T11:48,Erzurum,92501,2026-06-02T09:00,OpenMeteo,2,15.4
2026-06-01T11:48,Erzurum,92501,2026-06-02T10:00,OpenMeteo,2,16.6
2026-06-01T11:48,Erzurum,92501,2026-06-02T11:00,OpenMeteo,2,17.1
2026-06-01T11:48,Erzurum,92501,2026-06-02T12:00,OpenMeteo,3,17.2
2026-06-01T11:48,Erzurum,92501,2026-06-02T13:00,OpenMeteo,1,17.2
2026-06-01T11:48,Erzurum,92501,2026-06-02T14:00,OpenMeteo,1,17.1
2026-06-01T11:48,Erzurum,92501,2026-06-02T15:00,OpenMeteo,1,16.6
2026-06-01T11:48,Erzurum,92501,2026-06-02T16:00,OpenMeteo,1,15.2
2026-06-01T11:48,Erzurum,92501,2026-06-02T17:00,OpenMeteo,1,13.2
2026-06-01T11:48,Erzurum,92501,2026-06-02T18:00,OpenMeteo,1,11.4
2026-06-01T11:48,Erzurum,92501,2026-06-02T19:00,OpenMeteo,0,9.3
2026-06-01T11:48,Erzurum,92501,2026-06-02T20:00,OpenMeteo,2,8.3
2026-06-01T11:48,Erzurum,92501,2026-06-02T21:00,OpenMeteo,0,7.6
2026-06-01T11:48,Erzurum,92501,2026-06-02T22:00,OpenMeteo,0,7.2
2026-06-01T11:48,Erzurum,92501,2026-06-02T23:00,OpenMeteo,1,6.5
2026-06-01T11:48,Gaziantep,92701,2026-06-01T12:00,MGM,AB,29
2026-06-01T11:48,Gaziantep,92701,2026-06-01T15:00,MGM,AB,27
2026-06-01T11:48,Gaziantep,92701,2026-06-01T18:00,MGM,AB,22
2026-06-01T11:48,Gaziantep,92701,2026-06-01T21:00,MGM,AB,19
2026-06-01T11:48,Gaziantep,92701,2026-06-02T00:00,MGM,AB,17
2026-06-01T11:48,Gaziantep,92701,2026-06-02T03:00,MGM,AB,16
2026-06-01T11:48,Gaziantep,92701,2026-06-02T06:00,MGM,AB,25
2026-06-01T11:48,Gaziantep,92701,2026-06-02T09:00,MGM,AB,29
2026-06-01T11:48,Gaziantep,92701,2026-06-02T12:00,MGM,AB,32
2026-06-01T11:48,Gaziantep,92701,2026-06-02T15:00,MGM,AB,29
2026-06-01T11:48,Gaziantep,92701,2026-06-02T18:00,MGM,AB,24
2026-06-01T11:48,Gaziantep,92701,2026-06-02T21:00,MGM,AB,21
2026-06-01T11:48,Gaziantep,92701,2026-06-01T00:00,OpenMeteo,0,14.3
2026-06-01T11:48,Gaziantep,92701,2026-06-01T01:00,OpenMeteo,0,14.0
2026-06-01T11:48,Gaziantep,92701,2026-06-01T02:00,OpenMeteo,0,13.6
2026-06-01T11:48,Gaziantep,92701,2026-06-01T03:00,OpenMeteo,0,13.4
2026-06-01T11:48,Gaziantep,92701,2026-06-01T04:00,OpenMeteo,0,15.6
2026-06-01T11:48,Gaziantep,92701,2026-06-01T05:00,OpenMeteo,0,19.5
2026-06-01T11:48,Gaziantep,92701,2026-06-01T06:00,OpenMeteo,1,22.1
2026-06-01T11:48,Gaziantep,92701,2026-06-01T07:00,OpenMeteo,1,24.1
2026-06-01T11:48,Gaziantep,92701,2026-06-01T08:00,OpenMeteo,2,25.8
2026-06-01T11:48,Gaziantep,92701,2026-06-01T09:00,OpenMeteo,1,26.8
2026-06-01T11:48,Gaziantep,92701,2026-06-01T10:00,OpenMeteo,1,27.6
2026-06-01T11:48,Gaziantep,92701,2026-06-01T11:00,OpenMeteo,0,28.1
2026-06-01T11:48,Gaziantep,92701,2026-06-01T12:00,OpenMeteo,0,28.3
2026-06-01T11:48,Gaziantep,92701,2026-06-01T13:00,OpenMeteo,0,28.1
2026-06-01T11:48,Gaziantep,92701,2026-06-01T14:00,OpenMeteo,0,27.6
2026-06-01T11:48,Gaziantep,92701,2026-06-01T15:00,OpenMeteo,0,26.9
2026-06-01T11:48,Gaziantep,92701,2026-06-01T16:00,OpenMeteo,1,25.1
2026-06-01T11:48,Gaziantep,92701,2026-06-01T17:00,OpenMeteo,0,22.9
2026-06-01T11:48,Gaziantep,92701,2026-06-01T18:00,OpenMeteo,0,21.3
2026-06-01T11:48,Gaziantep,92701,2026-06-01T19:00,OpenMeteo,0,20.2
2026-06-01T11:48,Gaziantep,92701,2026-06-01T20:00,OpenMeteo,0,19.5
2026-06-01T11:48,Gaziantep,92701,2026-06-01T21:00,OpenMeteo,0,19.1
2026-06-01T11:48,Gaziantep,92701,2026-06-01T22:00,OpenMeteo,0,18.7
2026-06-01T11:48,Gaziantep,92701,2026-06-01T23:00,OpenMeteo,0,18.5
2026-06-01T11:48,Gaziantep,92701,2026-06-02T00:00,OpenMeteo,0,18.1
2026-06-01T11:48,Gaziantep,92701,2026-06-02T01:00,OpenMeteo,0,17.9
2026-06-01T11:48,Gaziantep,92701,2026-06-02T02:00,OpenMeteo,0,17.7
2026-06-01T11:48,Gaziantep,92701,2026-06-02T03:00,OpenMeteo,0,17.9
2026-06-01T11:48,Gaziantep,92701,2026-06-02T04:00,OpenMeteo,0,19.6
2026-06-01T11:48,Gaziantep,92701,2026-06-02T05:00,OpenMeteo,0,21.6
2026-06-01T11:48,Gaziantep,92701,2026-06-02T06:00,OpenMeteo,0,23.6
2026-06-01T11:48,Gaziantep,92701,2026-06-02T07:00,OpenMeteo,0,25.4
2026-06-01T11:48,Gaziantep,92701,2026-06-02T08:00,OpenMeteo,0,26.9
2026-06-01T11:48,Gaziantep,92701,2026-06-02T09:00,OpenMeteo,0,28.1
2026-06-01T11:48,Gaziantep,92701,2026-06-02T10:00,OpenMeteo,1,29.1
2026-06-01T11:48,Gaziantep,92701,2026-06-02T11:00,OpenMeteo,0,29.5
2026-06-01T11:48,Gaziantep,92701,2026-06-02T12:00,OpenMeteo,0,29.9
2026-06-01T11:48,Gaziantep,92701,2026-06-02T13:00,OpenMeteo,3,30.1
2026-06-01T11:48,Gaziantep,92701,2026-06-02T14:00,OpenMeteo,3,29.7
2026-06-01T11:48,Gaziantep,92701,2026-06-02T15:00,OpenMeteo,1,28.3
2026-06-01T11:48,Gaziantep,92701,2026-06-02T16:00,OpenMeteo,1,27.2
2026-06-01T11:48,Gaziantep,92701,2026-06-02T17:00,OpenMeteo,1,24.9
2026-06-01T11:48,Gaziantep,92701,2026-06-02T18:00,OpenMeteo,0,23.2
2026-06-01T11:48,Gaziantep,92701,2026-06-02T19:00,OpenMeteo,0,22.1
2026-06-01T11:48,Gaziantep,92701,2026-06-02T20:00,OpenMeteo,1,21.1
2026-06-01T11:48,Gaziantep,92701,2026-06-02T21:00,OpenMeteo,1,20.2
2026-06-01T11:48,Gaziantep,92701,2026-06-02T22:00,OpenMeteo,0,19.3
2026-06-01T11:48,Gaziantep,92701,2026-06-02T23:00,OpenMeteo,0,18.5
2026-06-01T17:53,Istanbul,93401,2026-06-01T18:00,MGM,PB,24
2026-06-01T17:53,Istanbul,93401,2026-06-01T21:00,MGM,AB,22
2026-06-01T17:53,Istanbul,93401,2026-06-02T00:00,MGM,AB,21
2026-06-01T17:53,Istanbul,93401,2026-06-02T03:00,MGM,AB,20
2026-06-01T17:53,Istanbul,93401,2026-06-02T06:00,MGM,AB,24
2026-06-01T17:53,Istanbul,93401,2026-06-02T09:00,MGM,PB,27
2026-06-01T17:53,Istanbul,93401,2026-06-02T12:00,MGM,PB,29
2026-06-01T17:53,Istanbul,93401,2026-06-02T15:00,MGM,PB,29
2026-06-01T17:53,Istanbul,93401,2026-06-02T18:00,MGM,PB,27
2026-06-01T17:53,Istanbul,93401,2026-06-02T21:00,MGM,PB,26
2026-06-01T17:53,Istanbul,93401,2026-06-01T00:00,OpenMeteo,1,18.5
2026-06-01T17:53,Istanbul,93401,2026-06-01T01:00,OpenMeteo,1,18.1
2026-06-01T17:53,Istanbul,93401,2026-06-01T02:00,OpenMeteo,0,17.9
2026-06-01T17:53,Istanbul,93401,2026-06-01T03:00,OpenMeteo,1,17.9
2026-06-01T17:53,Istanbul,93401,2026-06-01T04:00,OpenMeteo,2,18.5
2026-06-01T17:53,Istanbul,93401,2026-06-01T05:00,OpenMeteo,2,19.5
2026-06-01T17:53,Istanbul,93401,2026-06-01T06:00,OpenMeteo,2,20.7
2026-06-01T17:53,Istanbul,93401,2026-06-01T07:00,OpenMeteo,1,21.8
2026-06-01T17:53,Istanbul,93401,2026-06-01T08:00,OpenMeteo,2,22.7
2026-06-01T17:53,Istanbul,93401,2026-06-01T09:00,OpenMeteo,3,23.3
2026-06-01T17:53,Istanbul,93401,2026-06-01T10:00,OpenMeteo,2,24.0
2026-06-01T17:53,Istanbul,93401,2026-06-01T11:00,OpenMeteo,3,24.7
2026-06-01T17:53,Istanbul,93401,2026-06-01T12:00,OpenMeteo,2,25.2
2026-06-01T17:53,Istanbul,93401,2026-06-01T13:00,OpenMeteo,3,25.4
2026-06-01T17:53,Istanbul,93401,2026-06-01T14:00,OpenMeteo,3,25.5
2026-06-01T17:53,Istanbul,93401,2026-06-01T15:00,OpenMeteo,2,25.8
2026-06-01T17:53,Istanbul,93401,2026-06-01T16:00,OpenMeteo,3,24.4
2026-06-01T17:53,Istanbul,93401,2026-06-01T17:00,OpenMeteo,3,22.8
2026-06-01T17:53,Istanbul,93401,2026-06-01T18:00,OpenMeteo,3,21.6
2026-06-01T17:53,Istanbul,93401,2026-06-01T19:00,OpenMeteo,3,21.0
2026-06-01T17:53,Istanbul,93401,2026-06-01T20:00,OpenMeteo,2,20.6
2026-06-01T17:53,Istanbul,93401,2026-06-01T21:00,OpenMeteo,2,20.4
2026-06-01T17:53,Istanbul,93401,2026-06-01T22:00,OpenMeteo,2,20.0
2026-06-01T17:53,Istanbul,93401,2026-06-01T23:00,OpenMeteo,2,19.4
2026-06-01T17:53,Istanbul,93401,2026-06-02T00:00,OpenMeteo,1,18.7
2026-06-01T17:53,Istanbul,93401,2026-06-02T01:00,OpenMeteo,1,18.2
2026-06-01T17:53,Istanbul,93401,2026-06-02T02:00,OpenMeteo,1,17.8
2026-06-01T17:53,Istanbul,93401,2026-06-02T03:00,OpenMeteo,3,17.5
2026-06-01T17:53,Istanbul,93401,2026-06-02T04:00,OpenMeteo,3,18.3
2026-06-01T17:53,Istanbul,93401,2026-06-02T05:00,OpenMeteo,1,20.8
2026-06-01T17:53,Istanbul,93401,2026-06-02T06:00,OpenMeteo,1,22.9
2026-06-01T17:53,Istanbul,93401,2026-06-02T07:00,OpenMeteo,3,24.0
2026-06-01T17:53,Istanbul,93401,2026-06-02T08:00,OpenMeteo,3,24.9
2026-06-01T17:53,Istanbul,93401,2026-06-02T09:00,OpenMeteo,3,26.0
2026-06-01T17:53,Istanbul,93401,2026-06-02T10:00,OpenMeteo,3,26.9
2026-06-01T17:53,Istanbul,93401,2026-06-02T11:00,OpenMeteo,0,27.6
2026-06-01T17:53,Istanbul,93401,2026-06-02T12:00,OpenMeteo,0,28.1
2026-06-01T17:53,Istanbul,93401,2026-06-02T13:00,OpenMeteo,1,28.6
2026-06-01T17:53,Istanbul,93401,2026-06-02T14:00,OpenMeteo,3,28.7
2026-06-01T17:53,Istanbul,93401,2026-06-02T15:00,OpenMeteo,1,28.7
2026-06-01T17:53,Istanbul,93401,2026-06-02T16:00,OpenMeteo,1,26.6
2026-06-01T17:53,Istanbul,93401,2026-06-02T17:00,OpenMeteo,1,25.2
2026-06-01T17:53,Istanbul,93401,2026-06-02T18:00,OpenMeteo,3,24.2
2026-06-01T17:53,Istanbul,93401,2026-06-02T19:00,OpenMeteo,3,23.5
2026-06-01T17:53,Istanbul,93401,2026-06-02T20:00,OpenMeteo,3,22.4
2026-06-01T17:53,Istanbul,93401,2026-06-02T21:00,OpenMeteo,3,21.6
2026-06-01T17:53,Istanbul,93401,2026-06-02T22:00,OpenMeteo,3,20.8
2026-06-01T17:53,Istanbul,93401,2026-06-02T23:00,OpenMeteo,3,20.5
2026-06-01T17:53,Izmir,93501,2026-06-01T18:00,MGM,AB,25
2026-06-01T17:53,Izmir,93501,2026-06-01T21:00,MGM,AB,23
2026-06-01T17:53,Izmir,93501,2026-06-02T00:00,MGM,AB,21
2026-06-01T17:53,Izmir,93501,2026-06-02T03:00,MGM,AB,18
2026-06-01T17:53,Izmir,93501,2026-06-02T06:00,MGM,AB,26
2026-06-01T17:53,Izmir,93501,2026-06-02T09:00,MGM,AB,31
2026-06-01T17:53,Izmir,93501,2026-06-02T12:00,MGM,PB,33
2026-06-01T17:53,Izmir,93501,2026-06-02T15:00,MGM,PB,29
2026-06-01T17:53,Izmir,93501,2026-06-02T18:00,MGM,PB,25
2026-06-01T17:53,Izmir,93501,2026-06-02T21:00,MGM,AB,22
2026-06-01T17:53,Izmir,93501,2026-06-01T00:00,OpenMeteo,0,16.9
2026-06-01T17:53,Izmir,93501,2026-06-01T01:00,OpenMeteo,0,16.7
2026-06-01T17:53,Izmir,93501,2026-06-01T02:00,OpenMeteo,0,16.4
2026-06-01T17:53,Izmir,93501,2026-06-01T03:00,OpenMeteo,0,16.3
2026-06-01T17:53,Izmir,93501,2026-06-01T04:00,OpenMeteo,0,17.3
2026-06-01T17:53,Izmir,93501,2026-06-01T05:00,OpenMeteo,0,21.1
2026-06-01T17:53,Izmir,93501,2026-06-01T06:00,OpenMeteo,0,23.4
2026-06-01T17:53,Izmir,93501,2026-06-01T07:00,OpenMeteo,0,25.5
2026-06-01T17:53,Izmir,93501,2026-06-01T08:00,OpenMeteo,0,27.4
2026-06-01T17:53,Izmir,93501,2026-06-01T09:00,OpenMeteo,0,29.1
2026-06-01T17:53,Izmir,93501,2026-06-01T10:00,OpenMeteo,0,30.4
2026-06-01T17:53,Izmir,93501,2026-06-01T11:00,OpenMeteo,0,30.8
2026-06-01T17:53,Izmir,93501,2026-06-01T12:00,OpenMeteo,0,31.1
2026-06-01T17:53,Izmir,93501,2026-06-01T13:00,OpenMeteo,0,31.2
2026-06-01T17:53,Izmir,93501,2026-06-01T14:00,OpenMeteo,0,30.7
2026-06-01T17:53,Izmir,93501,2026-06-01T15:00,OpenMeteo,0,29.8
2026-06-01T17:53,Izmir,93501,2026-06-01T16:00,OpenMeteo,0,28.6
2026-06-01T17:53,Izmir,93501,2026-06-01T17:00,OpenMeteo,0,27.1
2026-06-01T17:53,Izmir,93501,2026-06-01T18:00,OpenMeteo,0,25.3
2026-06-01T17:53,Izmir,93501,2026-06-01T19:00,OpenMeteo,0,23.6
2026-06-01T17:53,Izmir,93501,2026-06-01T20:00,OpenMeteo,0,21.7
2026-06-01T17:53,Izmir,93501,2026-06-01T21:00,OpenMeteo,0,20.6
2026-06-01T17:53,Izmir,93501,2026-06-01T22:00,OpenMeteo,0,20.0
2026-06-01T17:53,Izmir,93501,2026-06-01T23:00,OpenMeteo,0,19.5
2026-06-01T17:53,Izmir,93501,2026-06-02T00:00,OpenMeteo,0,19.2
2026-06-01T17:53,Izmir,93501,2026-06-02T01:00,OpenMeteo,0,18.7
2026-06-01T17:53,Izmir,93501,2026-06-02T02:00,OpenMeteo,0,17.4
2026-06-01T17:53,Izmir,93501,2026-06-02T03:00,OpenMeteo,0,16.7
2026-06-01T17:53,Izmir,93501,2026-06-02T04:00,OpenMeteo,0,17.5
2026-06-01T17:53,Izmir,93501,2026-06-02T05:00,OpenMeteo,0,21.7
2026-06-01T17:53,Izmir,93501,2026-06-02T06:00,OpenMeteo,0,25.0
2026-06-01T17:53,Izmir,93501,2026-06-02T07:00,OpenMeteo,0,27.0
2026-06-01T17:53,Izmir,93501,2026-06-02T08:00,OpenMeteo,0,28.9
2026-06-01T17:53,Izmir,93501,2026-06-02T09:00,OpenMeteo,0,30.7
2026-06-01T17:53,Izmir,93501,2026-06-02T10:00,OpenMeteo,0,32.1
2026-06-01T17:53,Izmir,93501,2026-06-02T11:00,OpenMeteo,0,32.3
2026-06-01T17:53,Izmir,93501,2026-06-02T12:00,OpenMeteo,2,31.9
2026-06-01T17:53,Izmir,93501,2026-06-02T13:00,OpenMeteo,0,31.8
2026-06-01T17:53,Izmir,93501,2026-06-02T14:00,OpenMeteo,0,31.2
2026-06-01T17:53,Izmir,93501,2026-06-02T15:00,OpenMeteo,0,29.9
2026-06-01T17:53,Izmir,93501,2026-06-02T16:00,OpenMeteo,0,28.7
2026-06-01T17:53,Izmir,93501,2026-06-02T17:00,OpenMeteo,0,27.1
2026-06-01T17:53,Izmir,93501,2026-06-02T18:00,OpenMeteo,0,25.4
2026-06-01T17:53,Izmir,93501,2026-06-02T19:00,OpenMeteo,0,23.0
2026-06-01T17:53,Izmir,93501,2026-06-02T20:00,OpenMeteo,0,21.5
2026-06-01T17:53,Izmir,93501,2026-06-02T21:00,OpenMeteo,0,20.7
2026-06-01T17:53,Izmir,93501,2026-06-02T22:00,OpenMeteo,2,20.2
2026-06-01T17:53,Izmir,93501,2026-06-02T23:00,OpenMeteo,3,18.6
2026-06-01T17:53,Antalya,90701,2026-06-01T18:00,MGM,AB,23
2026-06-01T17:53,Antalya,90701,2026-06-01T21:00,MGM,AB,22
2026-06-01T17:53,Antalya,90701,2026-06-02T00:00,MGM,AB,21
2026-06-01T17:53,Antalya,90701,2026-06-02T03:00,MGM,AB,20
2026-06-01T17:53,Antalya,90701,2026-06-02T06:00,MGM,AB,23
2026-06-01T17:53,Antalya,90701,2026-06-02T09:00,MGM,AB,24
2026-06-01T17:53,Antalya,90701,2026-06-02T12:00,MGM,PB,26
2026-06-01T17:53,Antalya,90701,2026-06-02T15:00,MGM,PB,25
2026-06-01T17:53,Antalya,90701,2026-06-02T18:00,MGM,PB,24
2026-06-01T17:53,Antalya,90701,2026-06-02T21:00,MGM,PB,23
2026-06-01T17:53,Antalya,90701,2026-06-01T00:00,OpenMeteo,1,19.6
2026-06-01T17:53,Antalya,90701,2026-06-01T01:00,OpenMeteo,1,19.1
2026-06-01T17:53,Antalya,90701,2026-06-01T02:00,OpenMeteo,1,18.6
2026-06-01T17:53,Antalya,90701,2026-06-01T03:00,OpenMeteo,0,18.2
2026-06-01T17:53,Antalya,90701,2026-06-01T04:00,OpenMeteo,0,18.6
2026-06-01T17:53,Antalya,90701,2026-06-01T05:00,OpenMeteo,0,20.7
2026-06-01T17:53,Antalya,90701,2026-06-01T06:00,OpenMeteo,0,23.1
2026-06-01T17:53,Antalya,90701,2026-06-01T07:00,OpenMeteo,0,24.2
2026-06-01T17:53,Antalya,90701,2026-06-01T08:00,OpenMeteo,0,24.6
2026-06-01T17:53,Antalya,90701,2026-06-01T09:00,OpenMeteo,0,24.5
2026-06-01T17:53,Antalya,90701,2026-06-01T10:00,OpenMeteo,0,24.8
2026-06-01T17:53,Antalya,90701,2026-06-01T11:00,OpenMeteo,1,24.7
2026-06-01T17:53,Antalya,90701,2026-06-01T12:00,OpenMeteo,0,24.5
2026-06-01T17:53,Antalya,90701,2026-06-01T13:00,OpenMeteo,0,24.4
2026-06-01T17:53,Antalya,90701,2026-06-01T14:00,OpenMeteo,0,24.0
2026-06-01T17:53,Antalya,90701,2026-06-01T15:00,OpenMeteo,0,23.5
2026-06-01T17:53,Antalya,90701,2026-06-01T16:00,OpenMeteo,1,23.0
2026-06-01T17:53,Antalya,90701,2026-06-01T17:00,OpenMeteo,1,22.6
2026-06-01T17:53,Antalya,90701,2026-06-01T18:00,OpenMeteo,1,22.2
2026-06-01T17:53,Antalya,90701,2026-06-01T19:00,OpenMeteo,2,21.7
2026-06-01T17:53,Antalya,90701,2026-06-01T20:00,OpenMeteo,1,21.3
2026-06-01T17:53,Antalya,90701,2026-06-01T21:00,OpenMeteo,0,20.7
2026-06-01T17:53,Antalya,90701,2026-06-01T22:00,OpenMeteo,0,20.1
2026-06-01T17:53,Antalya,90701,2026-06-01T23:00,OpenMeteo,0,19.6
2026-06-01T17:53,Antalya,90701,2026-06-02T00:00,OpenMeteo,0,19.1
2026-06-01T17:53,Antalya,90701,2026-06-02T01:00,OpenMeteo,0,18.9
2026-06-01T17:53,Antalya,90701,2026-06-02T02:00,OpenMeteo,0,18.8
2026-06-01T17:53,Antalya,90701,2026-06-02T03:00,OpenMeteo,0,18.9
2026-06-01T17:53,Antalya,90701,2026-06-02T04:00,OpenMeteo,0,19.5
2026-06-01T17:53,Antalya,90701,2026-06-02T05:00,OpenMeteo,0,21.1
2026-06-01T17:53,Antalya,90701,2026-06-02T06:00,OpenMeteo,1,22.5
2026-06-01T17:53,Antalya,90701,2026-06-02T07:00,OpenMeteo,2,23.4
2026-06-01T17:53,Antalya,90701,2026-06-02T08:00,OpenMeteo,1,24.0
2026-06-01T17:53,Antalya,90701,2026-06-02T09:00,OpenMeteo,1,24.3
2026-06-01T17:53,Antalya,90701,2026-06-02T10:00,OpenMeteo,0,24.5
2026-06-01T17:53,Antalya,90701,2026-06-02T11:00,OpenMeteo,0,24.7
2026-06-01T17:53,Antalya,90701,2026-06-02T12:00,OpenMeteo,1,24.5
2026-06-01T17:53,Antalya,90701,2026-06-02T13:00,OpenMeteo,3,24.2
2026-06-01T17:53,Antalya,90701,2026-06-02T14:00,OpenMeteo,3,24.1
2026-06-01T17:53,Antalya,90701,2026-06-02T15:00,OpenMeteo,3,23.9
2026-06-01T17:53,Antalya,90701,2026-06-02T16:00,OpenMeteo,3,23.4
2026-06-01T17:53,Antalya,90701,2026-06-02T17:00,OpenMeteo,3,23.0
2026-06-01T17:53,Antalya,90701,2026-06-02T18:00,OpenMeteo,3,22.6
2026-06-01T17:53,Antalya,90701,2026-06-02T19:00,OpenMeteo,3,22.2
2026-06-01T17:53,Antalya,90701,2026-06-02T20:00,OpenMeteo,3,21.9
2026-06-01T17:53,Antalya,90701,2026-06-02T21:00,OpenMeteo,1,21.4
2026-06-01T17:53,Antalya,90701,2026-06-02T22:00,OpenMeteo,1,20.7
2026-06-01T17:53,Antalya,90701,2026-06-02T23:00,OpenMeteo,1,20.4
2026-06-01T17:53,Ankara,90601,2026-06-01T18:00,MGM,PB,18
2026-06-01T17:53,Ankara,90601,2026-06-01T21:00,MGM,PB,16
2026-06-01T17:53,Ankara,90601,2026-06-02T00:00,MGM,AB,13
2026-06-01T17:53,Ankara,90601,2026-06-02T03:00,MGM,AB,12
2026-06-01T17:53,Ankara,90601,2026-06-02T06:00,MGM,PB,19
2026-06-01T17:53,Ankara,90601,2026-06-02T09:00,MGM,PB,23
2026-06-01T17:53,Ankara,90601,2026-06-02T12:00,MGM,GSY,26
2026-06-01T17:53,Ankara,90601,2026-06-02T15:00,MGM,GSY,25
2026-06-01T17:53,Ankara,90601,2026-06-02T18:00,MGM,GSY,21
2026-06-01T17:53,Ankara,90601,2026-06-02T21:00,MGM,GSY,18
2026-06-01T17:53,Ankara,90601,2026-06-01T00:00,OpenMeteo,80,13.1
2026-06-01T17:53,Ankara,90601,2026-06-01T01:00,OpenMeteo,2,12.8
2026-06-01T17:53,Ankara,90601,2026-06-01T02:00,OpenMeteo,80,12.3
2026-06-01T17:53,Ankara,90601,2026-06-01T03:00,OpenMeteo,80,12.4
2026-06-01T17:53,Ankara,90601,2026-06-01T04:00,OpenMeteo,1,13.1
2026-06-01T17:53,Ankara,90601,2026-06-01T05:00,OpenMeteo,1,15.5
2026-06-01T17:53,Ankara,90601,2026-06-01T06:00,OpenMeteo,1,17.8
2026-06-01T17:53,Ankara,90601,2026-06-01T07:00,OpenMeteo,1,19.2
2026-06-01T17:53,Ankara,90601,2026-06-01T08:00,OpenMeteo,3,20.5
2026-06-01T17:53,Ankara,90601,2026-06-01T09:00,OpenMeteo,2,21.0
2026-06-01T17:53,Ankara,90601,2026-06-01T10:00,OpenMeteo,3,22.1
2026-06-01T17:53,Ankara,90601,2026-06-01T11:00,OpenMeteo,2,22.7
2026-06-01T17:53,Ankara,90601,2026-06-01T12:00,OpenMeteo,3,23.1
2026-06-01T17:53,Ankara,90601,2026-06-01T13:00,OpenMeteo,2,23.8
2026-06-01T17:53,Ankara,90601,2026-06-01T14:00,OpenMeteo,1,23.6
2026-06-01T17:53,Ankara,90601,2026-06-01T15:00,OpenMeteo,1,23.3
2026-06-01T17:53,Ankara,90601,2026-06-01T16:00,OpenMeteo,1,22.4
2026-06-01T17:53,Ankara,90601,2026-06-01T17:00,OpenMeteo,1,19.9
2026-06-01T17:53,Ankara,90601,2026-06-01T18:00,OpenMeteo,1,18.4
2026-06-01T17:53,Ankara,90601,2026-06-01T19:00,OpenMeteo,1,17.3
2026-06-01T17:53,Ankara,90601,2026-06-01T20:00,OpenMeteo,3,16.1
2026-06-01T17:53,Ankara,90601,2026-06-01T21:00,OpenMeteo,3,14.4
2026-06-01T17:53,Ankara,90601,2026-06-01T22:00,OpenMeteo,2,13.1
2026-06-01T17:53,Ankara,90601,2026-06-01T23:00,OpenMeteo,0,12.1
2026-06-01T17:53,Ankara,90601,2026-06-02T00:00,OpenMeteo,1,11.2
2026-06-01T17:53,Ankara,90601,2026-06-02T01:00,OpenMeteo,1,10.4
2026-06-01T17:53,Ankara,90601,2026-06-02T02:00,OpenMeteo,1,9.8
2026-06-01T17:53,Ankara,90601,2026-06-02T03:00,OpenMeteo,1,9.6
2026-06-01T17:53,Ankara,90601,2026-06-02T04:00,OpenMeteo,0,11.2
2026-06-01T17:53,Ankara,90601,2026-06-02T05:00,OpenMeteo,0,15.2
2026-06-01T17:53,Ankara,90601,2026-06-02T06:00,OpenMeteo,0,17.4
2026-06-01T17:53,Ankara,90601,2026-06-02T07:00,OpenMeteo,0,19.7
2026-06-01T17:53,Ankara,90601,2026-06-02T08:00,OpenMeteo,0,21.7
2026-06-01T17:53,Ankara,90601,2026-06-02T09:00,OpenMeteo,0,23.2
2026-06-01T17:53,Ankara,90601,2026-06-02T10:00,OpenMeteo,1,24.2
2026-06-01T17:53,Ankara,90601,2026-06-02T11:00,OpenMeteo,0,25.0
2026-06-01T17:53,Ankara,90601,2026-06-02T12:00,OpenMeteo,1,25.3
2026-06-01T17:53,Ankara,90601,2026-06-02T13:00,OpenMeteo,0,25.6
2026-06-01T17:53,Ankara,90601,2026-06-02T14:00,OpenMeteo,0,25.5
2026-06-01T17:53,Ankara,90601,2026-06-02T15:00,OpenMeteo,0,25.1
2026-06-01T17:53,Ankara,90601,2026-06-02T16:00,OpenMeteo,0,24.5
2026-06-01T17:53,Ankara,90601,2026-06-02T17:00,OpenMeteo,2,23.1
2026-06-01T17:53,Ankara,90601,2026-06-02T18:00,OpenMeteo,1,21.5
2026-06-01T17:53,Ankara,90601,2026-06-02T19:00,OpenMeteo,1,20.8
2026-06-01T17:53,Ankara,90601,2026-06-02T20:00,OpenMeteo,0,18.1
2026-06-01T17:53,Ankara,90601,2026-06-02T21:00,OpenMeteo,1,15.8
2026-06-01T17:53,Ankara,90601,2026-06-02T22:00,OpenMeteo,3,14.7
2026-06-01T17:53,Ankara,90601,2026-06-02T23:00,OpenMeteo,1,14.0
2026-06-01T17:53,Gaziantep,92701,2026-06-01T18:00,MGM,AB,22
2026-06-01T17:53,Gaziantep,92701,2026-06-01T21:00,MGM,AB,19
2026-06-01T17:53,Gaziantep,92701,2026-06-02T00:00,MGM,AB,17
2026-06-01T17:53,Gaziantep,92701,2026-06-02T03:00,MGM,AB,16
2026-06-01T17:53,Gaziantep,92701,2026-06-02T06:00,MGM,AB,25
2026-06-01T17:53,Gaziantep,92701,2026-06-02T09:00,MGM,AB,29
2026-06-01T17:53,Gaziantep,92701,2026-06-02T12:00,MGM,AB,32
2026-06-01T17:53,Gaziantep,92701,2026-06-02T15:00,MGM,AB,29
2026-06-01T17:53,Gaziantep,92701,2026-06-02T18:00,MGM,AB,24
2026-06-01T17:53,Gaziantep,92701,2026-06-02T21:00,MGM,AB,21
2026-06-01T21:39,Istanbul,93401,2026-06-02T00:00,MGM,AB,21
2026-06-01T21:39,Istanbul,93401,2026-06-02T03:00,MGM,AB,20
2026-06-01T21:39,Istanbul,93401,2026-06-02T06:00,MGM,AB,24
2026-06-01T21:39,Istanbul,93401,2026-06-02T09:00,MGM,PB,27
2026-06-01T21:39,Istanbul,93401,2026-06-02T12:00,MGM,PB,29
2026-06-01T21:39,Istanbul,93401,2026-06-02T15:00,MGM,PB,29
2026-06-01T21:39,Istanbul,93401,2026-06-02T18:00,MGM,PB,27
2026-06-01T21:39,Istanbul,93401,2026-06-02T21:00,MGM,PB,26
2026-06-01T21:39,Istanbul,93401,2026-06-01T00:00,OpenMeteo,1,18.5
2026-06-01T21:39,Istanbul,93401,2026-06-01T01:00,OpenMeteo,1,18.1
2026-06-01T21:39,Istanbul,93401,2026-06-01T02:00,OpenMeteo,0,17.9
2026-06-01T21:39,Istanbul,93401,2026-06-01T03:00,OpenMeteo,1,17.9
2026-06-01T21:39,Istanbul,93401,2026-06-01T04:00,OpenMeteo,2,18.5
2026-06-01T21:39,Istanbul,93401,2026-06-01T05:00,OpenMeteo,2,19.5
2026-06-01T21:39,Istanbul,93401,2026-06-01T06:00,OpenMeteo,2,20.7
2026-06-01T21:39,Istanbul,93401,2026-06-01T07:00,OpenMeteo,1,21.8
2026-06-01T21:39,Istanbul,93401,2026-06-01T08:00,OpenMeteo,2,22.7
2026-06-01T21:39,Istanbul,93401,2026-06-01T09:00,OpenMeteo,3,23.3
2026-06-01T21:39,Istanbul,93401,2026-06-01T10:00,OpenMeteo,2,24.0
2026-06-01T21:39,Istanbul,93401,2026-06-01T11:00,OpenMeteo,3,24.7
2026-06-01T21:39,Istanbul,93401,2026-06-01T12:00,OpenMeteo,2,25.2
2026-06-01T21:39,Istanbul,93401,2026-06-01T13:00,OpenMeteo,3,25.4
2026-06-01T21:39,Istanbul,93401,2026-06-01T14:00,OpenMeteo,3,25.5
2026-06-01T21:39,Istanbul,93401,2026-06-01T15:00,OpenMeteo,2,26.0
2026-06-01T21:39,Istanbul,93401,2026-06-01T16:00,OpenMeteo,3,25.3
2026-06-01T21:39,Istanbul,93401,2026-06-01T17:00,OpenMeteo,3,23.6
2026-06-01T21:39,Istanbul,93401,2026-06-01T18:00,OpenMeteo,3,22.4
2026-06-01T21:39,Istanbul,93401,2026-06-01T19:00,OpenMeteo,2,21.8
2026-06-01T21:39,Istanbul,93401,2026-06-01T20:00,OpenMeteo,2,21.4
2026-06-01T21:39,Istanbul,93401,2026-06-01T21:00,OpenMeteo,2,20.9
2026-06-01T21:39,Istanbul,93401,2026-06-01T22:00,OpenMeteo,2,20.4
2026-06-01T21:39,Istanbul,93401,2026-06-01T23:00,OpenMeteo,2,19.8
2026-06-01T21:39,Istanbul,93401,2026-06-02T00:00,OpenMeteo,2,19.1
2026-06-01T21:39,Istanbul,93401,2026-06-02T01:00,OpenMeteo,1,18.5
2026-06-01T21:39,Istanbul,93401,2026-06-02T02:00,OpenMeteo,1,18.0
2026-06-01T21:39,Istanbul,93401,2026-06-02T03:00,OpenMeteo,1,17.8
2026-06-01T21:39,Istanbul,93401,2026-06-02T04:00,OpenMeteo,1,18.8
2026-06-01T21:39,Istanbul,93401,2026-06-02T05:00,OpenMeteo,1,21.4
2026-06-01T21:39,Istanbul,93401,2026-06-02T06:00,OpenMeteo,1,23.3
2026-06-01T21:39,Istanbul,93401,2026-06-02T07:00,OpenMeteo,3,24.4
2026-06-01T21:39,Istanbul,93401,2026-06-02T08:00,OpenMeteo,3,25.3
2026-06-01T21:39,Istanbul,93401,2026-06-02T09:00,OpenMeteo,1,26.3
2026-06-01T21:39,Istanbul,93401,2026-06-02T10:00,OpenMeteo,3,27.1
2026-06-01T21:39,Istanbul,93401,2026-06-02T11:00,OpenMeteo,0,27.7
2026-06-01T21:39,Istanbul,93401,2026-06-02T12:00,OpenMeteo,1,28.3
2026-06-01T21:39,Istanbul,93401,2026-06-02T13:00,OpenMeteo,2,28.8
2026-06-01T21:39,Istanbul,93401,2026-06-02T14:00,OpenMeteo,2,29.6
2026-06-01T21:39,Istanbul,93401,2026-06-02T15:00,OpenMeteo,3,27.4
2026-06-01T21:39,Istanbul,93401,2026-06-02T16:00,OpenMeteo,1,26.3
2026-06-01T21:39,Istanbul,93401,2026-06-02T17:00,OpenMeteo,3,25.2
2026-06-01T21:39,Istanbul,93401,2026-06-02T18:00,OpenMeteo,3,24.4
2026-06-01T21:39,Istanbul,93401,2026-06-02T19:00,OpenMeteo,3,23.4
2026-06-01T21:39,Istanbul,93401,2026-06-02T20:00,OpenMeteo,3,22.3
2026-06-01T21:39,Istanbul,93401,2026-06-02T21:00,OpenMeteo,3,21.5
2026-06-01T21:39,Istanbul,93401,2026-06-02T22:00,OpenMeteo,3,20.8
2026-06-01T21:39,Istanbul,93401,2026-06-02T23:00,OpenMeteo,3,20.5
2026-06-01T21:39,Izmir,93501,2026-06-02T00:00,MGM,AB,21
2026-06-01T21:39,Izmir,93501,2026-06-02T03:00,MGM,AB,18
2026-06-01T21:39,Izmir,93501,2026-06-02T06:00,MGM,AB,26
2026-06-01T21:39,Izmir,93501,2026-06-02T09:00,MGM,AB,31
2026-06-01T21:39,Izmir,93501,2026-06-02T12:00,MGM,PB,33
2026-06-01T21:39,Izmir,93501,2026-06-02T15:00,MGM,PB,29
2026-06-01T21:39,Izmir,93501,2026-06-02T18:00,MGM,PB,25
2026-06-01T21:39,Izmir,93501,2026-06-02T21:00,MGM,AB,22
2026-06-01T21:39,Izmir,93501,2026-06-01T00:00,OpenMeteo,0,16.9
2026-06-01T21:39,Izmir,93501,2026-06-01T01:00,OpenMeteo,0,16.7
2026-06-01T21:39,Izmir,93501,2026-06-01T02:00,OpenMeteo,0,16.4
2026-06-01T21:39,Izmir,93501,2026-06-01T03:00,OpenMeteo,0,16.3
2026-06-01T21:39,Izmir,93501,2026-06-01T04:00,OpenMeteo,0,17.3
2026-06-01T21:39,Izmir,93501,2026-06-01T05:00,OpenMeteo,0,21.1
2026-06-01T21:39,Izmir,93501,2026-06-01T06:00,OpenMeteo,0,23.4
2026-06-01T21:39,Izmir,93501,2026-06-01T07:00,OpenMeteo,0,25.5
2026-06-01T21:39,Izmir,93501,2026-06-01T08:00,OpenMeteo,0,27.4
2026-06-01T21:39,Izmir,93501,2026-06-01T09:00,OpenMeteo,0,29.1
2026-06-01T21:39,Izmir,93501,2026-06-01T10:00,OpenMeteo,0,30.4
2026-06-01T21:39,Izmir,93501,2026-06-01T11:00,OpenMeteo,0,30.8
2026-06-01T21:39,Izmir,93501,2026-06-01T12:00,OpenMeteo,0,31.1
2026-06-01T21:39,Izmir,93501,2026-06-01T13:00,OpenMeteo,0,31.2
2026-06-01T21:39,Izmir,93501,2026-06-01T14:00,OpenMeteo,0,30.7
2026-06-01T21:39,Izmir,93501,2026-06-01T15:00,OpenMeteo,0,30.4
2026-06-01T21:39,Izmir,93501,2026-06-01T16:00,OpenMeteo,0,29.0
2026-06-01T21:39,Izmir,93501,2026-06-01T17:00,OpenMeteo,0,27.6
2026-06-01T21:39,Izmir,93501,2026-06-01T18:00,OpenMeteo,0,25.6
2026-06-01T21:39,Izmir,93501,2026-06-01T19:00,OpenMeteo,0,23.9
2026-06-01T21:39,Izmir,93501,2026-06-01T20:00,OpenMeteo,0,21.7
2026-06-01T21:39,Izmir,93501,2026-06-01T21:00,OpenMeteo,0,20.4
2026-06-01T21:39,Izmir,93501,2026-06-01T22:00,OpenMeteo,0,19.9
2026-06-01T21:39,Izmir,93501,2026-06-01T23:00,OpenMeteo,0,19.5
2026-06-01T21:39,Izmir,93501,2026-06-02T00:00,OpenMeteo,0,19.4
2026-06-01T21:39,Izmir,93501,2026-06-02T01:00,OpenMeteo,0,19.0
2026-06-01T21:39,Izmir,93501,2026-06-02T02:00,OpenMeteo,0,18.5
2026-06-01T21:39,Izmir,93501,2026-06-02T03:00,OpenMeteo,0,18.2
2026-06-01T21:39,Izmir,93501,2026-06-02T04:00,OpenMeteo,0,18.6
2026-06-01T21:39,Izmir,93501,2026-06-02T05:00,OpenMeteo,0,22.1
2026-06-01T21:39,Izmir,93501,2026-06-02T06:00,OpenMeteo,0,25.2
2026-06-01T21:39,Izmir,93501,2026-06-02T07:00,OpenMeteo,0,27.2
2026-06-01T21:39,Izmir,93501,2026-06-02T08:00,OpenMeteo,0,29.2
2026-06-01T21:39,Izmir,93501,2026-06-02T09:00,OpenMeteo,0,31.0
2026-06-01T21:39,Izmir,93501,2026-06-02T10:00,OpenMeteo,0,32.4
2026-06-01T21:39,Izmir,93501,2026-06-02T11:00,OpenMeteo,0,32.4
2026-06-01T21:39,Izmir,93501,2026-06-02T12:00,OpenMeteo,3,32.0
2026-06-01T21:39,Izmir,93501,2026-06-02T13:00,OpenMeteo,1,32.2
2026-06-01T21:39,Izmir,93501,2026-06-02T14:00,OpenMeteo,0,31.5
2026-06-01T21:39,Izmir,93501,2026-06-02T15:00,OpenMeteo,0,30.1
2026-06-01T21:39,Izmir,93501,2026-06-02T16:00,OpenMeteo,0,29.0
2026-06-01T21:39,Izmir,93501,2026-06-02T17:00,OpenMeteo,0,27.6
2026-06-01T21:39,Izmir,93501,2026-06-02T18:00,OpenMeteo,0,25.3
2026-06-01T21:39,Izmir,93501,2026-06-02T19:00,OpenMeteo,0,23.0
2026-06-01T21:39,Izmir,93501,2026-06-02T20:00,OpenMeteo,0,21.5
2026-06-01T21:39,Izmir,93501,2026-06-02T21:00,OpenMeteo,0,20.8
2026-06-01T21:39,Izmir,93501,2026-06-02T22:00,OpenMeteo,2,20.2
2026-06-01T21:39,Izmir,93501,2026-06-02T23:00,OpenMeteo,3,18.6
2026-06-01T21:39,Antalya,90701,2026-06-02T00:00,MGM,AB,21
2026-06-01T21:39,Antalya,90701,2026-06-02T03:00,MGM,AB,20
2026-06-01T21:39,Antalya,90701,2026-06-02T06:00,MGM,AB,23
2026-06-01T21:39,Antalya,90701,2026-06-02T09:00,MGM,AB,24
2026-06-01T21:39,Antalya,90701,2026-06-02T12:00,MGM,PB,26
2026-06-01T21:39,Antalya,90701,2026-06-02T15:00,MGM,PB,25
2026-06-01T21:39,Antalya,90701,2026-06-02T18:00,MGM,PB,24
2026-06-01T21:39,Antalya,90701,2026-06-02T21:00,MGM,PB,23
2026-06-01T21:39,Antalya,90701,2026-06-01T00:00,OpenMeteo,1,19.6
2026-06-01T21:39,Antalya,90701,2026-06-01T01:00,OpenMeteo,1,19.1
2026-06-01T21:39,Antalya,90701,2026-06-01T02:00,OpenMeteo,1,18.6
2026-06-01T21:39,Antalya,90701,2026-06-01T03:00,OpenMeteo,0,18.2
2026-06-01T21:39,Antalya,90701,2026-06-01T04:00,OpenMeteo,0,18.6
2026-06-01T21:39,Antalya,90701,2026-06-01T05:00,OpenMeteo,0,20.7
2026-06-01T21:39,Antalya,90701,2026-06-01T06:00,OpenMeteo,0,23.1
2026-06-01T21:39,Antalya,90701,2026-06-01T07:00,OpenMeteo,0,24.2
2026-06-01T21:39,Antalya,90701,2026-06-01T08:00,OpenMeteo,0,24.6
2026-06-01T21:39,Antalya,90701,2026-06-01T09:00,OpenMeteo,0,24.5
2026-06-01T21:39,Antalya,90701,2026-06-01T10:00,OpenMeteo,0,24.8
2026-06-01T21:39,Antalya,90701,2026-06-01T11:00,OpenMeteo,1,24.7
2026-06-01T21:39,Antalya,90701,2026-06-01T12:00,OpenMeteo,0,24.5
2026-06-01T21:39,Antalya,90701,2026-06-01T13:00,OpenMeteo,0,24.4
2026-06-01T21:39,Antalya,90701,2026-06-01T14:00,OpenMeteo,0,24.0
2026-06-01T21:39,Antalya,90701,2026-06-01T15:00,OpenMeteo,0,23.9
2026-06-01T21:39,Antalya,90701,2026-06-01T16:00,OpenMeteo,1,23.4
2026-06-01T21:39,Antalya,90701,2026-06-01T17:00,OpenMeteo,1,23.1
2026-06-01T21:39,Antalya,90701,2026-06-01T18:00,OpenMeteo,0,22.6
2026-06-01T21:39,Antalya,90701,2026-06-01T19:00,OpenMeteo,1,22.0
2026-06-01T21:39,Antalya,90701,2026-06-01T20:00,OpenMeteo,1,21.4
2026-06-01T21:39,Antalya,90701,2026-06-01T21:00,OpenMeteo,1,20.6
2026-06-01T21:39,Antalya,90701,2026-06-01T22:00,OpenMeteo,0,20.0
2026-06-01T21:39,Antalya,90701,2026-06-01T23:00,OpenMeteo,0,19.5
2026-06-01T21:39,Antalya,90701,2026-06-02T00:00,OpenMeteo,0,19.1
2026-06-01T21:39,Antalya,90701,2026-06-02T01:00,OpenMeteo,0,19.0
2026-06-01T21:39,Antalya,90701,2026-06-02T02:00,OpenMeteo,0,18.8
2026-06-01T21:39,Antalya,90701,2026-06-02T03:00,OpenMeteo,0,18.6
2026-06-01T21:39,Antalya,90701,2026-06-02T04:00,OpenMeteo,0,19.2
2026-06-01T21:39,Antalya,90701,2026-06-02T05:00,OpenMeteo,0,21.1
2026-06-01T21:39,Antalya,90701,2026-06-02T06:00,OpenMeteo,1,22.4
2026-06-01T21:39,Antalya,90701,2026-06-02T07:00,OpenMeteo,2,23.3
2026-06-01T21:39,Antalya,90701,2026-06-02T08:00,OpenMeteo,1,23.9
2026-06-01T21:39,Antalya,90701,2026-06-02T09:00,OpenMeteo,0,24.4
2026-06-01T21:39,Antalya,90701,2026-06-02T10:00,OpenMeteo,0,24.7
2026-06-01T21:39,Antalya,90701,2026-06-02T11:00,OpenMeteo,0,24.8
2026-06-01T21:39,Antalya,90701,2026-06-02T12:00,OpenMeteo,1,24.7
2026-06-01T21:39,Antalya,90701,2026-06-02T13:00,OpenMeteo,2,24.4
2026-06-01T21:39,Antalya,90701,2026-06-02T14:00,OpenMeteo,3,24.3
2026-06-01T21:39,Antalya,90701,2026-06-02T15:00,OpenMeteo,3,24.2
2026-06-01T21:39,Antalya,90701,2026-06-02T16:00,OpenMeteo,3,23.6
2026-06-01T21:39,Antalya,90701,2026-06-02T17:00,OpenMeteo,3,23.2
2026-06-01T21:39,Antalya,90701,2026-06-02T18:00,OpenMeteo,3,22.8
2026-06-01T21:39,Antalya,90701,2026-06-02T19:00,OpenMeteo,3,22.4
2026-06-01T21:39,Antalya,90701,2026-06-02T20:00,OpenMeteo,1,22.1
2026-06-01T21:39,Antalya,90701,2026-06-02T21:00,OpenMeteo,1,21.4
2026-06-01T21:39,Antalya,90701,2026-06-02T22:00,OpenMeteo,1,20.7
2026-06-01T21:39,Antalya,90701,2026-06-02T23:00,OpenMeteo,1,20.4
2026-06-01T21:39,Ankara,90601,2026-06-02T00:00,MGM,AB,13
2026-06-01T21:39,Ankara,90601,2026-06-02T03:00,MGM,AB,12
2026-06-01T21:39,Ankara,90601,2026-06-02T06:00,MGM,PB,19
2026-06-01T21:39,Ankara,90601,2026-06-02T09:00,MGM,PB,23
2026-06-01T21:39,Ankara,90601,2026-06-02T12:00,MGM,GSY,26
2026-06-01T21:39,Ankara,90601,2026-06-02T15:00,MGM,GSY,25
2026-06-01T21:39,Ankara,90601,2026-06-02T18:00,MGM,GSY,21
2026-06-01T21:39,Ankara,90601,2026-06-02T21:00,MGM,GSY,18
2026-06-01T21:39,Erzurum,92501,2026-06-02T00:00,MGM,PB,6
2026-06-01T21:39,Erzurum,92501,2026-06-02T03:00,MGM,PB,8
2026-06-01T21:39,Erzurum,92501,2026-06-02T06:00,MGM,MSY,13
2026-06-01T21:39,Erzurum,92501,2026-06-02T09:00,MGM,MSY,16
2026-06-01T21:39,Erzurum,92501,2026-06-02T12:00,MGM,GSY,20
2026-06-01T21:39,Erzurum,92501,2026-06-02T15:00,MGM,GSY,17
2026-06-01T21:39,Erzurum,92501,2026-06-02T18:00,MGM,PB,12
2026-06-01T21:39,Erzurum,92501,2026-06-02T21:00,MGM,PB,10
2026-06-01T21:39,Gaziantep,92701,2026-06-02T00:00,MGM,AB,17
2026-06-01T21:39,Gaziantep,92701,2026-06-02T03:00,MGM,AB,16
2026-06-01T21:39,Gaziantep,92701,2026-06-02T06:00,MGM,AB,25
2026-06-01T21:39,Gaziantep,92701,2026-06-02T09:00,MGM,AB,29
2026-06-01T21:39,Gaziantep,92701,2026-06-02T12:00,MGM,AB,32
2026-06-01T21:39,Gaziantep,92701,2026-06-02T15:00,MGM,AB,29
2026-06-01T21:39,Gaziantep,92701,2026-06-02T18:00,MGM,AB,24
2026-06-01T21:39,Gaziantep,92701,2026-06-02T21:00,MGM,AB,21
2026-06-01T21:39,Gaziantep,92701,2026-06-01T00:00,OpenMeteo,0,14.3
2026-06-01T21:39,Gaziantep,92701,2026-06-01T01:00,OpenMeteo,0,14.0
2026-06-01T21:39,Gaziantep,92701,2026-06-01T02:00,OpenMeteo,0,13.6
2026-06-01T21:39,Gaziantep,92701,2026-06-01T03:00,OpenMeteo,0,13.4
2026-06-01T21:39,Gaziantep,92701,2026-06-01T04:00,OpenMeteo,0,15.6
2026-06-01T21:39,Gaziantep,92701,2026-06-01T05:00,OpenMeteo,0,19.5
2026-06-01T21:39,Gaziantep,92701,2026-06-01T06:00,OpenMeteo,1,22.1
2026-06-01T21:39,Gaziantep,92701,2026-06-01T07:00,OpenMeteo,1,24.1
2026-06-01T21:39,Gaziantep,92701,2026-06-01T08:00,OpenMeteo,2,25.8
2026-06-01T21:39,Gaziantep,92701,2026-06-01T09:00,OpenMeteo,1,26.4
2026-06-01T21:39,Gaziantep,92701,2026-06-01T10:00,OpenMeteo,1,27.4
2026-06-01T21:39,Gaziantep,92701,2026-06-01T11:00,OpenMeteo,0,27.8
2026-06-01T21:39,Gaziantep,92701,2026-06-01T12:00,OpenMeteo,0,28.0
2026-06-01T21:39,Gaziantep,92701,2026-06-01T13:00,OpenMeteo,0,27.9
2026-06-01T21:39,Gaziantep,92701,2026-06-01T14:00,OpenMeteo,0,27.4
2026-06-01T21:39,Gaziantep,92701,2026-06-01T15:00,OpenMeteo,0,26.7
2026-06-01T21:39,Gaziantep,92701,2026-06-01T16:00,OpenMeteo,0,25.7
2026-06-01T21:39,Gaziantep,92701,2026-06-01T17:00,OpenMeteo,0,23.3
2026-06-01T21:39,Gaziantep,92701,2026-06-01T18:00,OpenMeteo,0,21.8
2026-06-01T21:39,Gaziantep,92701,2026-06-01T19:00,OpenMeteo,0,20.7
2026-06-01T21:39,Gaziantep,92701,2026-06-01T20:00,OpenMeteo,0,19.7
2026-06-01T21:39,Gaziantep,92701,2026-06-01T21:00,OpenMeteo,0,19.0
2026-06-01T21:39,Gaziantep,92701,2026-06-01T22:00,OpenMeteo,0,18.5
2026-06-01T21:39,Gaziantep,92701,2026-06-01T23:00,OpenMeteo,0,18.1
2026-06-01T21:39,Gaziantep,92701,2026-06-02T00:00,OpenMeteo,0,17.8
2026-06-01T21:39,Gaziantep,92701,2026-06-02T01:00,OpenMeteo,0,17.8
2026-06-01T21:39,Gaziantep,92701,2026-06-02T02:00,OpenMeteo,0,17.8
2026-06-01T21:39,Gaziantep,92701,2026-06-02T03:00,OpenMeteo,0,17.9
2026-06-01T21:39,Gaziantep,92701,2026-06-02T04:00,OpenMeteo,0,19.7
2026-06-01T21:39,Gaziantep,92701,2026-06-02T05:00,OpenMeteo,0,21.9
2026-06-01T21:39,Gaziantep,92701,2026-06-02T06:00,OpenMeteo,0,23.9
2026-06-01T21:39,Gaziantep,92701,2026-06-02T07:00,OpenMeteo,0,25.6
2026-06-01T21:39,Gaziantep,92701,2026-06-02T08:00,OpenMeteo,0,27.0
2026-06-01T21:39,Gaziantep,92701,2026-06-02T09:00,OpenMeteo,0,28.3
2026-06-01T21:39,Gaziantep,92701,2026-06-02T10:00,OpenMeteo,1,29.2
2026-06-01T21:39,Gaziantep,92701,2026-06-02T11:00,OpenMeteo,2,29.8
2026-06-01T21:39,Gaziantep,92701,2026-06-02T12:00,OpenMeteo,1,29.9
2026-06-01T21:39,Gaziantep,92701,2026-06-02T13:00,OpenMeteo,1,29.9
2026-06-01T21:39,Gaziantep,92701,2026-06-02T14:00,OpenMeteo,3,29.9
2026-06-01T21:39,Gaziantep,92701,2026-06-02T15:00,OpenMeteo,3,28.7
2026-06-01T21:39,Gaziantep,92701,2026-06-02T16:00,OpenMeteo,2,27.3
2026-06-01T21:39,Gaziantep,92701,2026-06-02T17:00,OpenMeteo,1,25.3
2026-06-01T21:39,Gaziantep,92701,2026-06-02T18:00,OpenMeteo,1,23.7
2026-06-01T21:39,Gaziantep,92701,2026-06-02T19:00,OpenMeteo,1,22.5
2026-06-01T21:39,Gaziantep,92701,2026-06-02T20:00,OpenMeteo,1,21.6
2026-06-01T21:39,Gaziantep,92701,2026-06-02T21:00,OpenMeteo,0,20.6
2026-06-01T21:39,Gaziantep,92701,2026-06-02T22:00,OpenMeteo,0,19.2
2026-06-01T21:39,Gaziantep,92701,2026-06-02T23:00,OpenMeteo,0,18.1
2026-06-02T04:42,Istanbul,93401,2026-06-02T06:00,MGM,AB,24
2026-06-02T04:42,Istanbul,93401,2026-06-02T09:00,MGM,PB,27
2026-06-02T04:42,Istanbul,93401,2026-06-02T12:00,MGM,PB,29
2026-06-02T04:42,Istanbul,93401,2026-06-02T15:00,MGM,PB,29
2026-06-02T04:42,Istanbul,93401,2026-06-02T18:00,MGM,PB,27
2026-06-02T04:42,Istanbul,93401,2026-06-02T21:00,MGM,PB,26
2026-06-02T04:42,Istanbul,93401,2026-06-02T00:00,OpenMeteo,2,19.7
2026-06-02T04:42,Istanbul,93401,2026-06-02T01:00,OpenMeteo,2,19.1
2026-06-02T04:42,Istanbul,93401,2026-06-02T02:00,OpenMeteo,2,18.7
2026-06-02T04:42,Istanbul,93401,2026-06-02T03:00,OpenMeteo,3,18.6
2026-06-02T04:42,Istanbul,93401,2026-06-02T04:00,OpenMeteo,2,19.2
2026-06-02T04:42,Istanbul,93401,2026-06-02T05:00,OpenMeteo,3,21.1
2026-06-02T04:42,Istanbul,93401,2026-06-02T06:00,OpenMeteo,1,23.2
2026-06-02T04:42,Istanbul,93401,2026-06-02T07:00,OpenMeteo,2,24.3
2026-06-02T04:42,Istanbul,93401,2026-06-02T08:00,OpenMeteo,1,25.4
2026-06-02T04:42,Istanbul,93401,2026-06-02T09:00,OpenMeteo,1,26.4
2026-06-02T04:42,Istanbul,93401,2026-06-02T10:00,OpenMeteo,1,27.1
2026-06-02T04:42,Istanbul,93401,2026-06-02T11:00,OpenMeteo,1,27.7
2026-06-02T04:42,Istanbul,93401,2026-06-02T12:00,OpenMeteo,1,28.3
2026-06-02T04:42,Istanbul,93401,2026-06-02T13:00,OpenMeteo,1,28.7
2026-06-02T04:42,Istanbul,93401,2026-06-02T14:00,OpenMeteo,2,29.0
2026-06-02T04:42,Istanbul,93401,2026-06-02T15:00,OpenMeteo,2,29.2
2026-06-02T04:42,Istanbul,93401,2026-06-02T16:00,OpenMeteo,3,28.2
2026-06-02T04:42,Istanbul,93401,2026-06-02T17:00,OpenMeteo,2,26.3
2026-06-02T04:42,Istanbul,93401,2026-06-02T18:00,OpenMeteo,3,25.0
2026-06-02T04:42,Istanbul,93401,2026-06-02T19:00,OpenMeteo,2,24.2
2026-06-02T04:42,Istanbul,93401,2026-06-02T20:00,OpenMeteo,3,23.2
2026-06-02T04:42,Istanbul,93401,2026-06-02T21:00,OpenMeteo,3,22.2
2026-06-02T04:42,Istanbul,93401,2026-06-02T22:00,OpenMeteo,3,21.7
2026-06-02T04:42,Istanbul,93401,2026-06-02T23:00,OpenMeteo,3,21.2
2026-06-02T04:42,Istanbul,93401,2026-06-03T00:00,OpenMeteo,0,20.4
2026-06-02T04:42,Istanbul,93401,2026-06-03T01:00,OpenMeteo,1,19.8
2026-06-02T04:42,Istanbul,93401,2026-06-03T02:00,OpenMeteo,2,19.4
2026-06-02T04:42,Istanbul,93401,2026-06-03T03:00,OpenMeteo,2,19.3
2026-06-02T04:42,Istanbul,93401,2026-06-03T04:00,OpenMeteo,2,19.8
2026-06-02T04:42,Istanbul,93401,2026-06-03T05:00,OpenMeteo,2,21.1
2026-06-02T04:42,Istanbul,93401,2026-06-03T06:00,OpenMeteo,1,22.3
2026-06-02T04:42,Istanbul,93401,2026-06-03T07:00,OpenMeteo,3,23.4
2026-06-02T04:42,Istanbul,93401,2026-06-03T08:00,OpenMeteo,2,24.2
2026-06-02T04:42,Istanbul,93401,2026-06-03T09:00,OpenMeteo,2,25.1
2026-06-02T04:42,Istanbul,93401,2026-06-03T10:00,OpenMeteo,2,25.7
2026-06-02T04:42,Istanbul,93401,2026-06-03T11:00,OpenMeteo,2,26.8
2026-06-02T04:42,Istanbul,93401,2026-06-03T12:00,OpenMeteo,2,27.6
2026-06-02T04:42,Istanbul,93401,2026-06-03T13:00,OpenMeteo,1,28.3
2026-06-02T04:42,Istanbul,93401,2026-06-03T14:00,OpenMeteo,0,28.6
2026-06-02T04:42,Istanbul,93401,2026-06-03T15:00,OpenMeteo,0,28.1
2026-06-02T04:42,Istanbul,93401,2026-06-03T16:00,OpenMeteo,2,26.6
2026-06-02T04:42,Istanbul,93401,2026-06-03T17:00,OpenMeteo,2,24.7
2026-06-02T04:42,Istanbul,93401,2026-06-03T18:00,OpenMeteo,1,22.9
2026-06-02T04:42,Istanbul,93401,2026-06-03T19:00,OpenMeteo,1,22.3
2026-06-02T04:42,Istanbul,93401,2026-06-03T20:00,OpenMeteo,1,21.6
2026-06-02T04:42,Istanbul,93401,2026-06-03T21:00,OpenMeteo,2,21.5
2026-06-02T04:42,Istanbul,93401,2026-06-03T22:00,OpenMeteo,0,21.6
2026-06-02T04:42,Istanbul,93401,2026-06-03T23:00,OpenMeteo,0,21.1
2026-06-02T04:42,Izmir,93501,2026-06-02T06:00,MGM,AB,26
2026-06-02T04:42,Izmir,93501,2026-06-02T09:00,MGM,AB,31
2026-06-02T04:42,Izmir,93501,2026-06-02T12:00,MGM,PB,33
2026-06-02T04:42,Izmir,93501,2026-06-02T15:00,MGM,PB,29
2026-06-02T04:42,Izmir,93501,2026-06-02T18:00,MGM,PB,25
2026-06-02T04:42,Izmir,93501,2026-06-02T21:00,MGM,AB,22
2026-06-02T04:42,Izmir,93501,2026-06-02T00:00,OpenMeteo,0,19.0
2026-06-02T04:42,Izmir,93501,2026-06-02T01:00,OpenMeteo,0,18.6
2026-06-02T04:42,Izmir,93501,2026-06-02T02:00,OpenMeteo,0,18.4
2026-06-02T04:42,Izmir,93501,2026-06-02T03:00,OpenMeteo,0,18.4
2026-06-02T04:42,Izmir,93501,2026-06-02T04:00,OpenMeteo,0,19.2
2026-06-02T04:42,Izmir,93501,2026-06-02T05:00,OpenMeteo,0,22.4
2026-06-02T04:42,Izmir,93501,2026-06-02T06:00,OpenMeteo,0,25.1
2026-06-02T04:42,Izmir,93501,2026-06-02T07:00,OpenMeteo,0,27.0
2026-06-02T04:42,Izmir,93501,2026-06-02T08:00,OpenMeteo,0,29.0
2026-06-02T04:42,Izmir,93501,2026-06-02T09:00,OpenMeteo,0,30.8
2026-06-02T04:42,Izmir,93501,2026-06-02T10:00,OpenMeteo,0,32.2
2026-06-02T04:42,Izmir,93501,2026-06-02T11:00,OpenMeteo,0,32.8
2026-06-02T04:42,Izmir,93501,2026-06-02T12:00,OpenMeteo,3,31.9
2026-06-02T04:42,Izmir,93501,2026-06-02T13:00,OpenMeteo,0,32.3
2026-06-02T04:42,Izmir,93501,2026-06-02T14:00,OpenMeteo,0,31.5
2026-06-02T04:42,Izmir,93501,2026-06-02T15:00,OpenMeteo,0,30.4
2026-06-02T04:42,Izmir,93501,2026-06-02T16:00,OpenMeteo,0,29.1
2026-06-02T04:42,Izmir,93501,2026-06-02T17:00,OpenMeteo,0,27.5
2026-06-02T04:42,Izmir,93501,2026-06-02T18:00,OpenMeteo,0,24.8
2026-06-02T04:42,Izmir,93501,2026-06-02T19:00,OpenMeteo,0,23.0
2026-06-02T04:42,Izmir,93501,2026-06-02T20:00,OpenMeteo,0,21.7
2026-06-02T04:42,Izmir,93501,2026-06-02T21:00,OpenMeteo,0,20.9
2026-06-02T04:42,Izmir,93501,2026-06-02T22:00,OpenMeteo,0,19.5
2026-06-02T04:42,Izmir,93501,2026-06-02T23:00,OpenMeteo,0,17.9
2026-06-02T04:42,Izmir,93501,2026-06-03T00:00,OpenMeteo,1,16.8
2026-06-02T04:42,Izmir,93501,2026-06-03T01:00,OpenMeteo,2,16.3
2026-06-02T04:42,Izmir,93501,2026-06-03T02:00,OpenMeteo,2,16.2
2026-06-02T04:42,Izmir,93501,2026-06-03T03:00,OpenMeteo,1,15.9
2026-06-02T04:42,Izmir,93501,2026-06-03T04:00,OpenMeteo,0,16.6
2026-06-02T04:42,Izmir,93501,2026-06-03T05:00,OpenMeteo,0,20.7
2026-06-02T04:42,Izmir,93501,2026-06-03T06:00,OpenMeteo,0,24.0
2026-06-02T04:42,Izmir,93501,2026-06-03T07:00,OpenMeteo,0,26.2
2026-06-02T04:42,Izmir,93501,2026-06-03T08:00,OpenMeteo,0,27.7
2026-06-02T04:42,Izmir,93501,2026-06-03T09:00,OpenMeteo,0,29.0
2026-06-02T04:42,Izmir,93501,2026-06-03T10:00,OpenMeteo,0,30.3
2026-06-02T04:42,Izmir,93501,2026-06-03T11:00,OpenMeteo,0,30.9
2026-06-02T04:42,Izmir,93501,2026-06-03T12:00,OpenMeteo,0,31.0
2026-06-02T04:42,Izmir,93501,2026-06-03T13:00,OpenMeteo,0,30.6
2026-06-02T04:42,Izmir,93501,2026-06-03T14:00,OpenMeteo,0,29.9
2026-06-02T04:42,Izmir,93501,2026-06-03T15:00,OpenMeteo,0,28.9
2026-06-02T04:42,Izmir,93501,2026-06-03T16:00,OpenMeteo,0,27.6
2026-06-02T04:42,Izmir,93501,2026-06-03T17:00,OpenMeteo,0,26.0
2026-06-02T04:42,Izmir,93501,2026-06-03T18:00,OpenMeteo,0,24.0
2026-06-02T04:42,Izmir,93501,2026-06-03T19:00,OpenMeteo,0,22.9
2026-06-02T04:42,Izmir,93501,2026-06-03T20:00,OpenMeteo,0,22.2
2026-06-02T04:42,Izmir,93501,2026-06-03T21:00,OpenMeteo,0,21.9
2026-06-02T04:42,Izmir,93501,2026-06-03T22:00,OpenMeteo,0,21.2
2026-06-02T04:42,Izmir,93501,2026-06-03T23:00,OpenMeteo,0,19.1
2026-06-02T04:42,Antalya,90701,2026-06-02T06:00,MGM,AB,23
2026-06-02T04:42,Antalya,90701,2026-06-02T09:00,MGM,AB,24
2026-06-02T04:42,Antalya,90701,2026-06-02T12:00,MGM,PB,26
2026-06-02T04:42,Antalya,90701,2026-06-02T15:00,MGM,PB,25
2026-06-02T04:42,Antalya,90701,2026-06-02T18:00,MGM,PB,24
2026-06-02T04:42,Antalya,90701,2026-06-02T21:00,MGM,PB,23
2026-06-02T04:42,Antalya,90701,2026-06-02T00:00,OpenMeteo,0,19.1
2026-06-02T04:42,Antalya,90701,2026-06-02T01:00,OpenMeteo,0,18.9
2026-06-02T04:42,Antalya,90701,2026-06-02T02:00,OpenMeteo,0,18.8
2026-06-02T04:42,Antalya,90701,2026-06-02T03:00,OpenMeteo,0,18.7
2026-06-02T04:42,Antalya,90701,2026-06-02T04:00,OpenMeteo,0,19.3
2026-06-02T04:42,Antalya,90701,2026-06-02T05:00,OpenMeteo,0,21.2
2026-06-02T04:42,Antalya,90701,2026-06-02T06:00,OpenMeteo,0,22.7
2026-06-02T04:42,Antalya,90701,2026-06-02T07:00,OpenMeteo,2,23.8
2026-06-02T04:42,Antalya,90701,2026-06-02T08:00,OpenMeteo,1,24.3
2026-06-02T04:42,Antalya,90701,2026-06-02T09:00,OpenMeteo,1,24.7
2026-06-02T04:42,Antalya,90701,2026-06-02T10:00,OpenMeteo,1,24.9
2026-06-02T04:42,Antalya,90701,2026-06-02T11:00,OpenMeteo,0,25.1
2026-06-02T04:42,Antalya,90701,2026-06-02T12:00,OpenMeteo,0,25.0
2026-06-02T04:42,Antalya,90701,2026-06-02T13:00,OpenMeteo,1,24.9
2026-06-02T04:42,Antalya,90701,2026-06-02T14:00,OpenMeteo,3,24.7
2026-06-02T04:42,Antalya,90701,2026-06-02T15:00,OpenMeteo,3,24.3
2026-06-02T04:42,Antalya,90701,2026-06-02T16:00,OpenMeteo,3,23.8
2026-06-02T04:42,Antalya,90701,2026-06-02T17:00,OpenMeteo,3,23.3
2026-06-02T04:42,Antalya,90701,2026-06-02T18:00,OpenMeteo,3,22.9
2026-06-02T04:42,Antalya,90701,2026-06-02T19:00,OpenMeteo,1,22.4
2026-06-02T04:42,Antalya,90701,2026-06-02T20:00,OpenMeteo,1,21.8
2026-06-02T04:42,Antalya,90701,2026-06-02T21:00,OpenMeteo,0,21.1
2026-06-02T04:42,Antalya,90701,2026-06-02T22:00,OpenMeteo,0,20.6
2026-06-02T04:42,Antalya,90701,2026-06-02T23:00,OpenMeteo,0,20.2
2026-06-02T04:42,Antalya,90701,2026-06-03T00:00,OpenMeteo,0,19.8
2026-06-02T04:42,Antalya,90701,2026-06-03T01:00,OpenMeteo,0,19.6
2026-06-02T04:42,Antalya,90701,2026-06-03T02:00,OpenMeteo,0,19.5
2026-06-02T04:42,Antalya,90701,2026-06-03T03:00,OpenMeteo,0,19.3
2026-06-02T04:42,Antalya,90701,2026-06-03T04:00,OpenMeteo,1,19.5
2026-06-02T04:42,Antalya,90701,2026-06-03T05:00,OpenMeteo,2,20.5
2026-06-02T04:42,Antalya,90701,2026-06-03T06:00,OpenMeteo,1,21.9
2026-06-02T04:42,Antalya,90701,2026-06-03T07:00,OpenMeteo,2,23.1
2026-06-02T04:42,Antalya,90701,2026-06-03T08:00,OpenMeteo,2,23.6
2026-06-02T04:42,Antalya,90701,2026-06-03T09:00,OpenMeteo,1,23.9
2026-06-02T04:42,Antalya,90701,2026-06-03T10:00,OpenMeteo,1,24.2
2026-06-02T04:42,Antalya,90701,2026-06-03T11:00,OpenMeteo,0,24.4
2026-06-02T04:42,Antalya,90701,2026-06-03T12:00,OpenMeteo,0,24.4
2026-06-02T04:42,Antalya,90701,2026-06-03T13:00,OpenMeteo,0,24.4
2026-06-02T04:42,Antalya,90701,2026-06-03T14:00,OpenMeteo,0,24.3
2026-06-02T04:42,Antalya,90701,2026-06-03T15:00,OpenMeteo,0,24.1
2026-06-02T04:42,Antalya,90701,2026-06-03T16:00,OpenMeteo,1,23.5
2026-06-02T04:42,Antalya,90701,2026-06-03T17:00,OpenMeteo,2,23.1
2026-06-02T04:42,Antalya,90701,2026-06-03T18:00,OpenMeteo,2,22.8
2026-06-02T04:42,Antalya,90701,2026-06-03T19:00,OpenMeteo,1,22.6
2026-06-02T04:42,Antalya,90701,2026-06-03T20:00,OpenMeteo,1,22.3
2026-06-02T04:42,Antalya,90701,2026-06-03T21:00,OpenMeteo,1,21.8
2026-06-02T04:42,Antalya,90701,2026-06-03T22:00,OpenMeteo,2,21.2
2026-06-02T04:42,Antalya,90701,2026-06-03T23:00,OpenMeteo,1,20.7
2026-06-02T04:42,Trabzon,96101,2026-06-02T06:00,MGM,GSY,18
2026-06-02T04:42,Trabzon,96101,2026-06-02T09:00,MGM,GSY,19
2026-06-02T04:42,Trabzon,96101,2026-06-02T12:00,MGM,PB,21
2026-06-02T04:42,Trabzon,96101,2026-06-02T15:00,MGM,PB,20
2026-06-02T04:42,Trabzon,96101,2026-06-02T18:00,MGM,PB,19
2026-06-02T04:42,Trabzon,96101,2026-06-02T21:00,MGM,PB,18
2026-06-02T04:42,Erzurum,92501,2026-06-02T06:00,MGM,MSY,13
2026-06-02T04:42,Erzurum,92501,2026-06-02T09:00,MGM,MSY,16
2026-06-02T04:42,Erzurum,92501,2026-06-02T12:00,MGM,GSY,20
2026-06-02T04:42,Erzurum,92501,2026-06-02T15:00,MGM,GSY,17
2026-06-02T04:42,Erzurum,92501,2026-06-02T18:00,MGM,PB,12
2026-06-02T04:42,Erzurum,92501,2026-06-02T21:00,MGM,PB,10
2026-06-02T04:42,Gaziantep,92701,2026-06-02T06:00,MGM,AB,25
2026-06-02T04:42,Gaziantep,92701,2026-06-02T09:00,MGM,AB,29
2026-06-02T04:42,Gaziantep,92701,2026-06-02T12:00,MGM,AB,32
2026-06-02T04:42,Gaziantep,92701,2026-06-02T15:00,MGM,AB,29
2026-06-02T04:42,Gaziantep,92701,2026-06-02T18:00,MGM,AB,24
2026-06-02T04:42,Gaziantep,92701,2026-06-02T21:00,MGM,AB,21
2026-06-02T04:42,Gaziantep,92701,2026-06-02T00:00,OpenMeteo,0,18.4
2026-06-02T04:42,Gaziantep,92701,2026-06-02T01:00,OpenMeteo,0,18.3
2026-06-02T04:42,Gaziantep,92701,2026-06-02T02:00,OpenMeteo,0,18.0
2026-06-02T04:42,Gaziantep,92701,2026-06-02T03:00,OpenMeteo,0,17.9
2026-06-02T04:42,Gaziantep,92701,2026-06-02T04:00,OpenMeteo,0,19.7
2026-06-02T04:42,Gaziantep,92701,2026-06-02T05:00,OpenMeteo,0,21.7
2026-06-02T04:42,Gaziantep,92701,2026-06-02T06:00,OpenMeteo,0,23.6
2026-06-02T04:42,Gaziantep,92701,2026-06-02T07:00,OpenMeteo,0,25.3
2026-06-02T04:42,Gaziantep,92701,2026-06-02T08:00,OpenMeteo,0,26.7
2026-06-02T04:42,Gaziantep,92701,2026-06-02T09:00,OpenMeteo,0,27.8
2026-06-02T04:42,Gaziantep,92701,2026-06-02T10:00,OpenMeteo,0,28.8
2026-06-02T04:42,Gaziantep,92701,2026-06-02T11:00,OpenMeteo,0,29.4
2026-06-02T04:42,Gaziantep,92701,2026-06-02T12:00,OpenMeteo,3,29.8
2026-06-02T04:42,Gaziantep,92701,2026-06-02T13:00,OpenMeteo,2,29.6
2026-06-02T04:42,Gaziantep,92701,2026-06-02T14:00,OpenMeteo,1,29.3
2026-06-02T04:42,Gaziantep,92701,2026-06-02T15:00,OpenMeteo,2,28.6
2026-06-02T04:42,Gaziantep,92701,2026-06-02T16:00,OpenMeteo,2,27.4
2026-06-02T04:42,Gaziantep,92701,2026-06-02T17:00,OpenMeteo,2,25.4
2026-06-02T04:42,Gaziantep,92701,2026-06-02T18:00,OpenMeteo,1,23.7
2026-06-02T04:42,Gaziantep,92701,2026-06-02T19:00,OpenMeteo,1,22.5
2026-06-02T04:42,Gaziantep,92701,2026-06-02T20:00,OpenMeteo,1,21.8
2026-06-02T04:42,Gaziantep,92701,2026-06-02T21:00,OpenMeteo,0,20.9
2026-06-02T04:42,Gaziantep,92701,2026-06-02T22:00,OpenMeteo,0,19.9
2026-06-02T04:42,Gaziantep,92701,2026-06-02T23:00,OpenMeteo,1,19.2
2026-06-02T04:42,Gaziantep,92701,2026-06-03T00:00,OpenMeteo,1,18.6
2026-06-02T04:42,Gaziantep,92701,2026-06-03T01:00,OpenMeteo,2,18.0
2026-06-02T04:42,Gaziantep,92701,2026-06-03T02:00,OpenMeteo,2,17.9
2026-06-02T04:42,Gaziantep,92701,2026-06-03T03:00,OpenMeteo,2,17.7
2026-06-02T04:42,Gaziantep,92701,2026-06-03T04:00,OpenMeteo,2,19.4
2026-06-02T04:42,Gaziantep,92701,2026-06-03T05:00,OpenMeteo,2,21.6
2026-06-02T04:42,Gaziantep,92701,2026-06-03T06:00,OpenMeteo,2,23.3
2026-06-02T04:42,Gaziantep,92701,2026-06-03T07:00,OpenMeteo,1,25.3
2026-06-02T04:42,Gaziantep,92701,2026-06-03T08:00,OpenMeteo,2,27.0
2026-06-02T04:42,Gaziantep,92701,2026-06-03T09:00,OpenMeteo,2,28.0
2026-06-02T04:42,Gaziantep,92701,2026-06-03T10:00,OpenMeteo,1,28.8
2026-06-02T04:42,Gaziantep,92701,2026-06-03T11:00,OpenMeteo,1,29.3
2026-06-02T04:42,Gaziantep,92701,2026-06-03T12:00,OpenMeteo,2,28.9
2026-06-02T04:42,Gaziantep,92701,2026-06-03T13:00,OpenMeteo,1,27.6
2026-06-02T04:42,Gaziantep,92701,2026-06-03T14:00,OpenMeteo,0,27.3
2026-06-02T04:42,Gaziantep,92701,2026-06-03T15:00,OpenMeteo,0,26.4
2026-06-02T04:42,Gaziantep,92701,2026-06-03T16:00,OpenMeteo,0,24.7
2026-06-02T04:42,Gaziantep,92701,2026-06-03T17:00,OpenMeteo,0,22.8
2026-06-02T04:42,Gaziantep,92701,2026-06-03T18:00,OpenMeteo,0,21.3
2026-06-02T04:42,Gaziantep,92701,2026-06-03T19:00,OpenMeteo,0,20.3
2026-06-02T04:42,Gaziantep,92701,2026-06-03T20:00,OpenMeteo,0,19.7
2026-06-02T04:42,Gaziantep,92701,2026-06-03T21:00,OpenMeteo,0,19.4
2026-06-02T04:42,Gaziantep,92701,2026-06-03T22:00,OpenMeteo,0,19.2
2026-06-02T04:42,Gaziantep,92701,2026-06-03T23:00,OpenMeteo,0,18.9
2026-06-02T10:47,Istanbul,93401,2026-06-02T12:00,MGM,PB,29
2026-06-02T10:47,Istanbul,93401,2026-06-02T15:00,MGM,PB,29
2026-06-02T10:47,Istanbul,93401,2026-06-02T18:00,MGM,PB,27
2026-06-02T10:47,Istanbul,93401,2026-06-02T21:00,MGM,PB,26
2026-06-02T10:47,Istanbul,93401,2026-06-02T00:00,OpenMeteo,2,19.7
2026-06-02T10:47,Istanbul,93401,2026-06-02T01:00,OpenMeteo,2,19.1
2026-06-02T10:47,Istanbul,93401,2026-06-02T02:00,OpenMeteo,2,18.7
2026-06-02T10:47,Istanbul,93401,2026-06-02T03:00,OpenMeteo,3,18.5
2026-06-02T10:47,Istanbul,93401,2026-06-02T04:00,OpenMeteo,2,19.1
2026-06-02T10:47,Istanbul,93401,2026-06-02T05:00,OpenMeteo,2,21.0
2026-06-02T10:47,Istanbul,93401,2026-06-02T06:00,OpenMeteo,2,23.2
2026-06-02T10:47,Istanbul,93401,2026-06-02T07:00,OpenMeteo,2,24.4
2026-06-02T10:47,Istanbul,93401,2026-06-02T08:00,OpenMeteo,1,25.3
2026-06-02T10:47,Istanbul,93401,2026-06-02T09:00,OpenMeteo,1,26.2
2026-06-02T10:47,Istanbul,93401,2026-06-02T10:00,OpenMeteo,1,27.1
2026-06-02T10:47,Istanbul,93401,2026-06-02T11:00,OpenMeteo,1,27.8
2026-06-02T10:47,Istanbul,93401,2026-06-02T12:00,OpenMeteo,1,28.3
2026-06-02T10:47,Istanbul,93401,2026-06-02T13:00,OpenMeteo,1,28.6
2026-06-02T10:47,Istanbul,93401,2026-06-02T14:00,OpenMeteo,2,28.7
2026-06-02T10:47,Istanbul,93401,2026-06-02T15:00,OpenMeteo,2,29.0
2026-06-02T10:47,Istanbul,93401,2026-06-02T16:00,OpenMeteo,2,27.8
2026-06-02T10:47,Istanbul,93401,2026-06-02T17:00,OpenMeteo,3,25.9
2026-06-02T10:47,Istanbul,93401,2026-06-02T18:00,OpenMeteo,3,24.7
2026-06-02T10:47,Istanbul,93401,2026-06-02T19:00,OpenMeteo,3,23.8
2026-06-02T10:47,Istanbul,93401,2026-06-02T20:00,OpenMeteo,3,22.8
2026-06-02T10:47,Istanbul,93401,2026-06-02T21:00,OpenMeteo,3,21.9
2026-06-02T10:47,Istanbul,93401,2026-06-02T22:00,OpenMeteo,3,21.4
2026-06-02T10:47,Istanbul,93401,2026-06-02T23:00,OpenMeteo,3,21.0
2026-06-02T10:47,Istanbul,93401,2026-06-03T00:00,OpenMeteo,3,20.8
2026-06-02T10:47,Istanbul,93401,2026-06-03T01:00,OpenMeteo,1,20.3
2026-06-02T10:47,Istanbul,93401,2026-06-03T02:00,OpenMeteo,1,19.8
2026-06-02T10:47,Istanbul,93401,2026-06-03T03:00,OpenMeteo,1,19.5
2026-06-02T10:47,Istanbul,93401,2026-06-03T04:00,OpenMeteo,1,19.8
2026-06-02T10:47,Istanbul,93401,2026-06-03T05:00,OpenMeteo,2,21.2
2026-06-02T10:47,Istanbul,93401,2026-06-03T06:00,OpenMeteo,2,22.5
2026-06-02T10:47,Istanbul,93401,2026-06-03T07:00,OpenMeteo,2,23.5
2026-06-02T10:47,Istanbul,93401,2026-06-03T08:00,OpenMeteo,3,24.3
2026-06-02T10:47,Istanbul,93401,2026-06-03T09:00,OpenMeteo,3,24.3
2026-06-02T10:47,Istanbul,93401,2026-06-03T10:00,OpenMeteo,1,25.6
2026-06-02T10:47,Istanbul,93401,2026-06-03T11:00,OpenMeteo,1,26.8
2026-06-02T10:47,Istanbul,93401,2026-06-03T12:00,OpenMeteo,1,27.7
2026-06-02T10:47,Istanbul,93401,2026-06-03T13:00,OpenMeteo,0,28.4
2026-06-02T10:47,Istanbul,93401,2026-06-03T14:00,OpenMeteo,0,28.6
2026-06-02T10:47,Istanbul,93401,2026-06-03T15:00,OpenMeteo,0,27.9
2026-06-02T10:47,Istanbul,93401,2026-06-03T16:00,OpenMeteo,0,26.2
2026-06-02T10:47,Istanbul,93401,2026-06-03T17:00,OpenMeteo,1,25.1
2026-06-02T10:47,Istanbul,93401,2026-06-03T18:00,OpenMeteo,2,23.3
2026-06-02T10:47,Istanbul,93401,2026-06-03T19:00,OpenMeteo,1,22.5
2026-06-02T10:47,Istanbul,93401,2026-06-03T20:00,OpenMeteo,3,21.7
2026-06-02T10:47,Istanbul,93401,2026-06-03T21:00,OpenMeteo,2,21.8
2026-06-02T10:47,Istanbul,93401,2026-06-03T22:00,OpenMeteo,0,21.8
2026-06-02T10:47,Istanbul,93401,2026-06-03T23:00,OpenMeteo,0,21.1
2026-06-02T10:47,Izmir,93501,2026-06-02T12:00,MGM,PB,33
2026-06-02T10:47,Izmir,93501,2026-06-02T15:00,MGM,PB,29
2026-06-02T10:47,Izmir,93501,2026-06-02T18:00,MGM,PB,25
2026-06-02T10:47,Izmir,93501,2026-06-02T21:00,MGM,AB,22
2026-06-02T10:47,Izmir,93501,2026-06-02T00:00,OpenMeteo,0,19.0
2026-06-02T10:47,Izmir,93501,2026-06-02T01:00,OpenMeteo,0,18.6
2026-06-02T10:47,Izmir,93501,2026-06-02T02:00,OpenMeteo,0,18.4
2026-06-02T10:47,Izmir,93501,2026-06-02T03:00,OpenMeteo,0,18.0
2026-06-02T10:47,Izmir,93501,2026-06-02T04:00,OpenMeteo,0,18.9
2026-06-02T10:47,Izmir,93501,2026-06-02T05:00,OpenMeteo,0,22.2
2026-06-02T10:47,Izmir,93501,2026-06-02T06:00,OpenMeteo,0,25.0
2026-06-02T10:47,Izmir,93501,2026-06-02T07:00,OpenMeteo,0,26.9
2026-06-02T10:47,Izmir,93501,2026-06-02T08:00,OpenMeteo,0,28.9
2026-06-02T10:47,Izmir,93501,2026-06-02T09:00,OpenMeteo,0,30.7
2026-06-02T10:47,Izmir,93501,2026-06-02T10:00,OpenMeteo,0,32.3
2026-06-02T10:47,Izmir,93501,2026-06-02T11:00,OpenMeteo,0,33.0
2026-06-02T10:47,Izmir,93501,2026-06-02T12:00,OpenMeteo,1,32.5
2026-06-02T10:47,Izmir,93501,2026-06-02T13:00,OpenMeteo,1,32.2
2026-06-02T10:47,Izmir,93501,2026-06-02T14:00,OpenMeteo,0,31.8
2026-06-02T10:47,Izmir,93501,2026-06-02T15:00,OpenMeteo,0,30.7
2026-06-02T10:47,Izmir,93501,2026-06-02T16:00,OpenMeteo,0,29.5
2026-06-02T10:47,Izmir,93501,2026-06-02T17:00,OpenMeteo,0,27.8
2026-06-02T10:47,Izmir,93501,2026-06-02T18:00,OpenMeteo,0,25.0
2026-06-02T10:47,Izmir,93501,2026-06-02T19:00,OpenMeteo,0,23.2
2026-06-02T10:47,Izmir,93501,2026-06-02T20:00,OpenMeteo,0,21.9
2026-06-02T10:47,Izmir,93501,2026-06-02T21:00,OpenMeteo,0,20.7
2026-06-02T10:47,Izmir,93501,2026-06-02T22:00,OpenMeteo,0,19.4
2026-06-02T10:47,Izmir,93501,2026-06-02T23:00,OpenMeteo,0,18.0
2026-06-02T10:47,Izmir,93501,2026-06-03T00:00,OpenMeteo,1,17.1
2026-06-02T10:47,Izmir,93501,2026-06-03T01:00,OpenMeteo,2,16.9
2026-06-02T10:47,Izmir,93501,2026-06-03T02:00,OpenMeteo,3,16.5
2026-06-02T10:47,Izmir,93501,2026-06-03T03:00,OpenMeteo,0,16.1
2026-06-02T10:47,Izmir,93501,2026-06-03T04:00,OpenMeteo,0,16.9
2026-06-02T10:47,Izmir,93501,2026-06-03T05:00,OpenMeteo,0,21.0
2026-06-02T10:47,Izmir,93501,2026-06-03T06:00,OpenMeteo,0,24.0
2026-06-02T10:47,Izmir,93501,2026-06-03T07:00,OpenMeteo,0,26.3
2026-06-02T10:47,Izmir,93501,2026-06-03T08:00,OpenMeteo,0,27.9
2026-06-02T10:47,Izmir,93501,2026-06-03T09:00,OpenMeteo,0,29.2
2026-06-02T10:47,Izmir,93501,2026-06-03T10:00,OpenMeteo,0,30.5
2026-06-02T10:47,Izmir,93501,2026-06-03T11:00,OpenMeteo,0,31.3
2026-06-02T10:47,Izmir,93501,2026-06-03T12:00,OpenMeteo,0,31.4
2026-06-02T10:47,Izmir,93501,2026-06-03T13:00,OpenMeteo,0,31.0
2026-06-02T10:47,Izmir,93501,2026-06-03T14:00,OpenMeteo,0,30.2
2026-06-02T10:47,Izmir,93501,2026-06-03T15:00,OpenMeteo,0,29.1
2026-06-02T10:47,Izmir,93501,2026-06-03T16:00,OpenMeteo,0,27.6
2026-06-02T10:47,Izmir,93501,2026-06-03T17:00,OpenMeteo,0,25.8
2026-06-02T10:47,Izmir,93501,2026-06-03T18:00,OpenMeteo,0,23.8
2026-06-02T10:47,Izmir,93501,2026-06-03T19:00,OpenMeteo,0,22.6
2026-06-02T10:47,Izmir,93501,2026-06-03T20:00,OpenMeteo,0,21.9
2026-06-02T10:47,Izmir,93501,2026-06-03T21:00,OpenMeteo,0,21.7
2026-06-02T10:47,Izmir,93501,2026-06-03T22:00,OpenMeteo,0,20.9
2026-06-02T10:47,Izmir,93501,2026-06-03T23:00,OpenMeteo,0,18.9
2026-06-02T10:47,Antalya,90701,2026-06-02T12:00,MGM,PB,26
2026-06-02T10:47,Antalya,90701,2026-06-02T15:00,MGM,PB,25
2026-06-02T10:47,Antalya,90701,2026-06-02T18:00,MGM,PB,24
2026-06-02T10:47,Antalya,90701,2026-06-02T21:00,MGM,PB,23
2026-06-02T10:47,Antalya,90701,2026-06-02T00:00,OpenMeteo,0,19.1
2026-06-02T10:47,Antalya,90701,2026-06-02T01:00,OpenMeteo,0,18.9
2026-06-02T10:47,Antalya,90701,2026-06-02T02:00,OpenMeteo,0,18.8
2026-06-02T10:47,Antalya,90701,2026-06-02T03:00,OpenMeteo,0,18.6
2026-06-02T10:47,Antalya,90701,2026-06-02T04:00,OpenMeteo,0,19.2
2026-06-02T10:47,Antalya,90701,2026-06-02T05:00,OpenMeteo,1,21.1
2026-06-02T10:47,Antalya,90701,2026-06-02T06:00,OpenMeteo,1,22.5
2026-06-02T10:47,Antalya,90701,2026-06-02T07:00,OpenMeteo,1,23.6
2026-06-02T10:47,Antalya,90701,2026-06-02T08:00,OpenMeteo,1,24.1
2026-06-02T10:47,Antalya,90701,2026-06-02T09:00,OpenMeteo,0,24.5
2026-06-02T10:47,Antalya,90701,2026-06-02T10:00,OpenMeteo,1,24.8
2026-06-02T10:47,Antalya,90701,2026-06-02T11:00,OpenMeteo,0,24.9
2026-06-02T10:47,Antalya,90701,2026-06-02T12:00,OpenMeteo,3,24.8
2026-06-02T10:47,Antalya,90701,2026-06-02T13:00,OpenMeteo,3,24.7
2026-06-02T10:47,Antalya,90701,2026-06-02T14:00,OpenMeteo,3,24.5
2026-06-02T10:47,Antalya,90701,2026-06-02T15:00,OpenMeteo,3,24.2
2026-06-02T10:47,Antalya,90701,2026-06-02T16:00,OpenMeteo,3,23.6
2026-06-02T10:47,Antalya,90701,2026-06-02T17:00,OpenMeteo,3,23.2
2026-06-02T10:47,Antalya,90701,2026-06-02T18:00,OpenMeteo,1,22.8
2026-06-02T10:47,Antalya,90701,2026-06-02T19:00,OpenMeteo,2,22.4
2026-06-02T10:47,Antalya,90701,2026-06-02T20:00,OpenMeteo,2,21.8
2026-06-02T10:47,Antalya,90701,2026-06-02T21:00,OpenMeteo,0,21.1
2026-06-02T10:47,Antalya,90701,2026-06-02T22:00,OpenMeteo,0,20.6
2026-06-02T10:47,Antalya,90701,2026-06-02T23:00,OpenMeteo,0,20.1
2026-06-02T10:47,Antalya,90701,2026-06-03T00:00,OpenMeteo,0,19.7
2026-06-02T10:47,Antalya,90701,2026-06-03T01:00,OpenMeteo,0,19.6
2026-06-02T10:47,Antalya,90701,2026-06-03T02:00,OpenMeteo,0,19.4
2026-06-02T10:47,Antalya,90701,2026-06-03T03:00,OpenMeteo,0,19.3
2026-06-02T10:47,Antalya,90701,2026-06-03T04:00,OpenMeteo,0,19.5
2026-06-02T10:47,Antalya,90701,2026-06-03T05:00,OpenMeteo,1,20.4
2026-06-02T10:47,Antalya,90701,2026-06-03T06:00,OpenMeteo,1,22.0
2026-06-02T10:47,Antalya,90701,2026-06-03T07:00,OpenMeteo,2,23.2
2026-06-02T10:47,Antalya,90701,2026-06-03T08:00,OpenMeteo,2,23.7
2026-06-02T10:47,Antalya,90701,2026-06-03T09:00,OpenMeteo,1,23.9
2026-06-02T10:47,Antalya,90701,2026-06-03T10:00,OpenMeteo,1,24.3
2026-06-02T10:47,Antalya,90701,2026-06-03T11:00,OpenMeteo,0,24.6
2026-06-02T10:47,Antalya,90701,2026-06-03T12:00,OpenMeteo,0,24.6
2026-06-02T10:47,Antalya,90701,2026-06-03T13:00,OpenMeteo,0,24.5
2026-06-02T10:47,Antalya,90701,2026-06-03T14:00,OpenMeteo,1,24.5
2026-06-02T10:47,Antalya,90701,2026-06-03T15:00,OpenMeteo,1,23.9
2026-06-02T10:47,Antalya,90701,2026-06-03T16:00,OpenMeteo,2,23.3
2026-06-02T10:47,Antalya,90701,2026-06-03T17:00,OpenMeteo,2,22.8
2026-06-02T10:47,Antalya,90701,2026-06-03T18:00,OpenMeteo,2,22.6
2026-06-02T10:47,Antalya,90701,2026-06-03T19:00,OpenMeteo,2,22.5
2026-06-02T10:47,Antalya,90701,2026-06-03T20:00,OpenMeteo,1,22.3
2026-06-02T10:47,Antalya,90701,2026-06-03T21:00,OpenMeteo,2,21.9
2026-06-02T10:47,Antalya,90701,2026-06-03T22:00,OpenMeteo,1,21.4
2026-06-02T10:47,Antalya,90701,2026-06-03T23:00,OpenMeteo,1,21.0
2026-06-02T10:47,Ankara,90601,2026-06-02T12:00,MGM,GSY,26
2026-06-02T10:47,Ankara,90601,2026-06-02T15:00,MGM,GSY,25
2026-06-02T10:47,Ankara,90601,2026-06-02T18:00,MGM,GSY,21
2026-06-02T10:47,Ankara,90601,2026-06-02T21:00,MGM,GSY,18
2026-06-02T10:47,Trabzon,96101,2026-06-02T12:00,MGM,PB,21
2026-06-02T10:47,Trabzon,96101,2026-06-02T15:00,MGM,PB,20
2026-06-02T10:47,Trabzon,96101,2026-06-02T18:00,MGM,PB,19
2026-06-02T10:47,Trabzon,96101,2026-06-02T21:00,MGM,PB,18
2026-06-02T10:47,Erzurum,92501,2026-06-02T12:00,MGM,GSY,20
2026-06-02T10:47,Erzurum,92501,2026-06-02T15:00,MGM,GSY,17
2026-06-02T10:47,Erzurum,92501,2026-06-02T18:00,MGM,PB,12
2026-06-02T10:47,Erzurum,92501,2026-06-02T21:00,MGM,PB,10
2026-06-02T10:47,Gaziantep,92701,2026-06-02T12:00,MGM,AB,32
2026-06-02T10:47,Gaziantep,92701,2026-06-02T15:00,MGM,AB,29
2026-06-02T10:47,Gaziantep,92701,2026-06-02T18:00,MGM,AB,24
2026-06-02T10:47,Gaziantep,92701,2026-06-02T21:00,MGM,AB,21
2026-06-02T10:47,Gaziantep,92701,2026-06-02T00:00,OpenMeteo,0,18.4
2026-06-02T10:47,Gaziantep,92701,2026-06-02T01:00,OpenMeteo,0,18.3
2026-06-02T10:47,Gaziantep,92701,2026-06-02T02:00,OpenMeteo,0,18.0
2026-06-02T10:47,Gaziantep,92701,2026-06-02T03:00,OpenMeteo,0,18.1
2026-06-02T10:47,Gaziantep,92701,2026-06-02T04:00,OpenMeteo,0,19.7
2026-06-02T10:47,Gaziantep,92701,2026-06-02T05:00,OpenMeteo,0,21.7
2026-06-02T10:47,Gaziantep,92701,2026-06-02T06:00,OpenMeteo,0,23.9
2026-06-02T10:47,Gaziantep,92701,2026-06-02T07:00,OpenMeteo,0,25.6
2026-06-02T10:47,Gaziantep,92701,2026-06-02T08:00,OpenMeteo,0,26.9
2026-06-02T10:47,Gaziantep,92701,2026-06-02T09:00,OpenMeteo,0,28.1
2026-06-02T10:47,Gaziantep,92701,2026-06-02T10:00,OpenMeteo,1,28.9
2026-06-02T10:47,Gaziantep,92701,2026-06-02T11:00,OpenMeteo,1,29.5
2026-06-02T10:47,Gaziantep,92701,2026-06-02T12:00,OpenMeteo,0,29.9
2026-06-02T10:47,Gaziantep,92701,2026-06-02T13:00,OpenMeteo,2,29.7
2026-06-02T10:47,Gaziantep,92701,2026-06-02T14:00,OpenMeteo,2,29.3
2026-06-02T10:47,Gaziantep,92701,2026-06-02T15:00,OpenMeteo,2,28.4
2026-06-02T10:47,Gaziantep,92701,2026-06-02T16:00,OpenMeteo,0,27.2
2026-06-02T10:47,Gaziantep,92701,2026-06-02T17:00,OpenMeteo,1,25.2
2026-06-02T10:47,Gaziantep,92701,2026-06-02T18:00,OpenMeteo,1,23.6
2026-06-02T10:47,Gaziantep,92701,2026-06-02T19:00,OpenMeteo,1,22.5
2026-06-02T10:47,Gaziantep,92701,2026-06-02T20:00,OpenMeteo,1,21.7
2026-06-02T10:47,Gaziantep,92701,2026-06-02T21:00,OpenMeteo,1,21.0
2026-06-02T10:47,Gaziantep,92701,2026-06-02T22:00,OpenMeteo,0,20.2
2026-06-02T10:47,Gaziantep,92701,2026-06-02T23:00,OpenMeteo,2,19.4
2026-06-02T10:47,Gaziantep,92701,2026-06-03T00:00,OpenMeteo,2,18.5
2026-06-02T10:47,Gaziantep,92701,2026-06-03T01:00,OpenMeteo,2,18.0
2026-06-02T10:47,Gaziantep,92701,2026-06-03T02:00,OpenMeteo,2,17.7
2026-06-02T10:47,Gaziantep,92701,2026-06-03T03:00,OpenMeteo,2,17.6
2026-06-02T10:47,Gaziantep,92701,2026-06-03T04:00,OpenMeteo,2,19.2
2026-06-02T10:47,Gaziantep,92701,2026-06-03T05:00,OpenMeteo,2,21.6
2026-06-02T10:47,Gaziantep,92701,2026-06-03T06:00,OpenMeteo,2,23.7
2026-06-02T10:47,Gaziantep,92701,2026-06-03T07:00,OpenMeteo,2,25.6
2026-06-02T10:47,Gaziantep,92701,2026-06-03T08:00,OpenMeteo,2,27.2
2026-06-02T10:47,Gaziantep,92701,2026-06-03T09:00,OpenMeteo,1,28.4
2026-06-02T10:47,Gaziantep,92701,2026-06-03T10:00,OpenMeteo,2,28.8
2026-06-02T10:47,Gaziantep,92701,2026-06-03T11:00,OpenMeteo,2,29.2
2026-06-02T10:47,Gaziantep,92701,2026-06-03T12:00,OpenMeteo,2,29.0
2026-06-02T10:47,Gaziantep,92701,2026-06-03T13:00,OpenMeteo,1,27.8
2026-06-02T10:47,Gaziantep,92701,2026-06-03T14:00,OpenMeteo,0,27.3
2026-06-02T10:47,Gaziantep,92701,2026-06-03T15:00,OpenMeteo,0,26.1
2026-06-02T10:47,Gaziantep,92701,2026-06-03T16:00,OpenMeteo,0,24.5
2026-06-02T10:47,Gaziantep,92701,2026-06-03T17:00,OpenMeteo,0,22.8
2026-06-02T10:47,Gaziantep,92701,2026-06-03T18:00,OpenMeteo,0,21.4
2026-06-02T10:47,Gaziantep,92701,2026-06-03T19:00,OpenMeteo,0,20.7
2026-06-02T10:47,Gaziantep,92701,2026-06-03T20:00,OpenMeteo,0,20.2
2026-06-02T10:47,Gaziantep,92701,2026-06-03T21:00,OpenMeteo,0,19.7
2026-06-02T10:47,Gaziantep,92701,2026-06-03T22:00,OpenMeteo,0,19.5
2026-06-02T10:47,Gaziantep,92701,2026-06-03T23:00,OpenMeteo,0,19.2
2026-06-02T16:45,Istanbul,93401,2026-06-02T18:00,MGM,PB,24
2026-06-02T16:45,Istanbul,93401,2026-06-02T21:00,MGM,PB,23
2026-06-02T16:45,Istanbul,93401,2026-06-03T00:00,MGM,PB,22
2026-06-02T16:45,Istanbul,93401,2026-06-03T03:00,MGM,PB,19
2026-06-02T16:45,Istanbul,93401,2026-06-03T06:00,MGM,PB,24
2026-06-02T16:45,Istanbul,93401,2026-06-03T09:00,MGM,AB,25
2026-06-02T16:45,Istanbul,93401,2026-06-03T12:00,MGM,PB,28
2026-06-02T16:45,Istanbul,93401,2026-06-03T15:00,MGM,PB,29
2026-06-02T16:45,Istanbul,93401,2026-06-03T18:00,MGM,PB,25
2026-06-02T16:45,Istanbul,93401,2026-06-03T21:00,MGM,PB,23
2026-06-02T16:45,Istanbul,93401,2026-06-02T00:00,OpenMeteo,2,19.7
2026-06-02T16:45,Istanbul,93401,2026-06-02T01:00,OpenMeteo,2,19.1
2026-06-02T16:45,Istanbul,93401,2026-06-02T02:00,OpenMeteo,2,18.7
2026-06-02T16:45,Istanbul,93401,2026-06-02T03:00,OpenMeteo,3,18.5
2026-06-02T16:45,Istanbul,93401,2026-06-02T04:00,OpenMeteo,2,19.1
2026-06-02T16:45,Istanbul,93401,2026-06-02T05:00,OpenMeteo,2,21.0
2026-06-02T16:45,Istanbul,93401,2026-06-02T06:00,OpenMeteo,2,23.2
2026-06-02T16:45,Istanbul,93401,2026-06-02T07:00,OpenMeteo,2,24.4
2026-06-02T16:45,Istanbul,93401,2026-06-02T08:00,OpenMeteo,1,25.3
2026-06-02T16:45,Istanbul,93401,2026-06-02T09:00,OpenMeteo,1,26.2
2026-06-02T16:45,Istanbul,93401,2026-06-02T10:00,OpenMeteo,1,27.1
2026-06-02T16:45,Istanbul,93401,2026-06-02T11:00,OpenMeteo,0,27.7
2026-06-02T16:45,Istanbul,93401,2026-06-02T12:00,OpenMeteo,1,28.3
2026-06-02T16:45,Istanbul,93401,2026-06-02T13:00,OpenMeteo,1,28.6
2026-06-02T16:45,Istanbul,93401,2026-06-02T14:00,OpenMeteo,1,28.9
2026-06-02T16:45,Istanbul,93401,2026-06-02T15:00,OpenMeteo,2,29.0
2026-06-02T16:45,Istanbul,93401,2026-06-02T16:00,OpenMeteo,3,28.6
2026-06-02T16:45,Istanbul,93401,2026-06-02T17:00,OpenMeteo,1,26.4
2026-06-02T16:45,Istanbul,93401,2026-06-02T18:00,OpenMeteo,1,24.6
2026-06-02T16:45,Istanbul,93401,2026-06-02T19:00,OpenMeteo,2,23.3
2026-06-02T16:45,Istanbul,93401,2026-06-02T20:00,OpenMeteo,3,22.5
2026-06-02T16:45,Istanbul,93401,2026-06-02T21:00,OpenMeteo,3,21.8
2026-06-02T16:45,Istanbul,93401,2026-06-02T22:00,OpenMeteo,3,21.0
2026-06-02T16:45,Istanbul,93401,2026-06-02T23:00,OpenMeteo,3,20.8
2026-06-02T16:45,Istanbul,93401,2026-06-03T00:00,OpenMeteo,1,20.7
2026-06-02T16:45,Istanbul,93401,2026-06-03T01:00,OpenMeteo,1,20.2
2026-06-02T16:45,Istanbul,93401,2026-06-03T02:00,OpenMeteo,1,19.5
2026-06-02T16:45,Istanbul,93401,2026-06-03T03:00,OpenMeteo,1,19.4
2026-06-02T16:45,Istanbul,93401,2026-06-03T04:00,OpenMeteo,1,20.0
2026-06-02T16:45,Istanbul,93401,2026-06-03T05:00,OpenMeteo,1,21.2
2026-06-02T16:45,Istanbul,93401,2026-06-03T06:00,OpenMeteo,2,22.4
2026-06-02T16:45,Istanbul,93401,2026-06-03T07:00,OpenMeteo,3,23.5
2026-06-02T16:45,Istanbul,93401,2026-06-03T08:00,OpenMeteo,2,24.5
2026-06-02T16:45,Istanbul,93401,2026-06-03T09:00,OpenMeteo,3,25.2
2026-06-02T16:45,Istanbul,93401,2026-06-03T10:00,OpenMeteo,3,25.9
2026-06-02T16:45,Istanbul,93401,2026-06-03T11:00,OpenMeteo,3,26.8
2026-06-02T16:45,Istanbul,93401,2026-06-03T12:00,OpenMeteo,3,27.8
2026-06-02T16:45,Istanbul,93401,2026-06-03T13:00,OpenMeteo,1,28.5
2026-06-02T16:45,Istanbul,93401,2026-06-03T14:00,OpenMeteo,0,28.5
2026-06-02T16:45,Istanbul,93401,2026-06-03T15:00,OpenMeteo,0,27.8
2026-06-02T16:45,Istanbul,93401,2026-06-03T16:00,OpenMeteo,0,26.7
2026-06-02T16:45,Istanbul,93401,2026-06-03T17:00,OpenMeteo,0,25.1
2026-06-02T16:45,Istanbul,93401,2026-06-03T18:00,OpenMeteo,1,23.7
2026-06-02T16:45,Istanbul,93401,2026-06-03T19:00,OpenMeteo,1,23.0
2026-06-02T16:45,Istanbul,93401,2026-06-03T20:00,OpenMeteo,0,22.2
2026-06-02T16:45,Istanbul,93401,2026-06-03T21:00,OpenMeteo,0,21.9
2026-06-02T16:45,Istanbul,93401,2026-06-03T22:00,OpenMeteo,1,21.6
2026-06-02T16:45,Istanbul,93401,2026-06-03T23:00,OpenMeteo,0,21.1
2026-06-02T16:45,Izmir,93501,2026-06-02T18:00,MGM,PB,25
2026-06-02T16:45,Izmir,93501,2026-06-02T21:00,MGM,AB,22
2026-06-02T16:45,Izmir,93501,2026-06-03T00:00,MGM,A,20
2026-06-02T16:45,Izmir,93501,2026-06-03T03:00,MGM,A,19
2026-06-02T16:45,Izmir,93501,2026-06-03T06:00,MGM,A,25
2026-06-02T16:45,Izmir,93501,2026-06-03T09:00,MGM,AB,29
2026-06-02T16:45,Izmir,93501,2026-06-03T12:00,MGM,PB,33
2026-06-02T16:45,Izmir,93501,2026-06-03T15:00,MGM,PB,32
2026-06-02T16:45,Izmir,93501,2026-06-03T18:00,MGM,PB,25
2026-06-02T16:45,Izmir,93501,2026-06-03T21:00,MGM,AB,22
2026-06-02T16:45,Izmir,93501,2026-06-02T00:00,OpenMeteo,0,19.0
2026-06-02T16:45,Izmir,93501,2026-06-02T01:00,OpenMeteo,0,18.6
2026-06-02T16:45,Izmir,93501,2026-06-02T02:00,OpenMeteo,0,18.4
2026-06-02T16:45,Izmir,93501,2026-06-02T03:00,OpenMeteo,0,18.0
2026-06-02T16:45,Izmir,93501,2026-06-02T04:00,OpenMeteo,0,18.9
2026-06-02T16:45,Izmir,93501,2026-06-02T05:00,OpenMeteo,0,22.2
2026-06-02T16:45,Izmir,93501,2026-06-02T06:00,OpenMeteo,0,25.0
2026-06-02T16:45,Izmir,93501,2026-06-02T07:00,OpenMeteo,0,26.9
2026-06-02T16:45,Izmir,93501,2026-06-02T08:00,OpenMeteo,0,28.9
2026-06-02T16:45,Izmir,93501,2026-06-02T09:00,OpenMeteo,0,30.6
2026-06-02T16:45,Izmir,93501,2026-06-02T10:00,OpenMeteo,0,32.1
2026-06-02T16:45,Izmir,93501,2026-06-02T11:00,OpenMeteo,0,32.7
2026-06-02T16:45,Izmir,93501,2026-06-02T12:00,OpenMeteo,0,32.7
2026-06-02T16:45,Izmir,93501,2026-06-02T13:00,OpenMeteo,2,32.5
2026-06-02T16:45,Izmir,93501,2026-06-02T14:00,OpenMeteo,0,32.1
2026-06-02T16:45,Izmir,93501,2026-06-02T15:00,OpenMeteo,0,31.0
2026-06-02T16:45,Izmir,93501,2026-06-02T16:00,OpenMeteo,0,29.8
2026-06-02T16:45,Izmir,93501,2026-06-02T17:00,OpenMeteo,0,28.0
2026-06-02T16:45,Izmir,93501,2026-06-02T18:00,OpenMeteo,0,25.4
2026-06-02T16:45,Izmir,93501,2026-06-02T19:00,OpenMeteo,0,23.6
2026-06-02T16:45,Izmir,93501,2026-06-02T20:00,OpenMeteo,0,22.2
2026-06-02T16:45,Izmir,93501,2026-06-02T21:00,OpenMeteo,0,21.7
2026-06-02T16:45,Izmir,93501,2026-06-02T22:00,OpenMeteo,0,19.8
2026-06-02T16:45,Izmir,93501,2026-06-02T23:00,OpenMeteo,0,18.1
2026-06-02T16:45,Izmir,93501,2026-06-03T00:00,OpenMeteo,1,17.3
2026-06-02T16:45,Izmir,93501,2026-06-03T01:00,OpenMeteo,3,16.7
2026-06-02T16:45,Izmir,93501,2026-06-03T02:00,OpenMeteo,0,16.1
2026-06-02T16:45,Izmir,93501,2026-06-03T03:00,OpenMeteo,0,15.8
2026-06-02T16:45,Izmir,93501,2026-06-03T04:00,OpenMeteo,0,16.7
2026-06-02T16:45,Izmir,93501,2026-06-03T05:00,OpenMeteo,0,20.9
2026-06-02T16:45,Izmir,93501,2026-06-03T06:00,OpenMeteo,0,23.9
2026-06-02T16:45,Izmir,93501,2026-06-03T07:00,OpenMeteo,0,26.1
2026-06-02T16:45,Izmir,93501,2026-06-03T08:00,OpenMeteo,0,27.7
2026-06-02T16:45,Izmir,93501,2026-06-03T09:00,OpenMeteo,0,29.0
2026-06-02T16:45,Izmir,93501,2026-06-03T10:00,OpenMeteo,0,30.1
2026-06-02T16:45,Izmir,93501,2026-06-03T11:00,OpenMeteo,0,30.7
2026-06-02T16:45,Izmir,93501,2026-06-03T12:00,OpenMeteo,0,30.8
2026-06-02T16:45,Izmir,93501,2026-06-03T13:00,OpenMeteo,0,30.4
2026-06-02T16:45,Izmir,93501,2026-06-03T14:00,OpenMeteo,0,29.7
2026-06-02T16:45,Izmir,93501,2026-06-03T15:00,OpenMeteo,0,28.8
2026-06-02T16:45,Izmir,93501,2026-06-03T16:00,OpenMeteo,0,27.4
2026-06-02T16:45,Izmir,93501,2026-06-03T17:00,OpenMeteo,0,25.6
2026-06-02T16:45,Izmir,93501,2026-06-03T18:00,OpenMeteo,0,23.7
2026-06-02T16:45,Izmir,93501,2026-06-03T19:00,OpenMeteo,0,22.6
2026-06-02T16:45,Izmir,93501,2026-06-03T20:00,OpenMeteo,0,22.0
2026-06-02T16:45,Izmir,93501,2026-06-03T21:00,OpenMeteo,0,21.8
2026-06-02T16:45,Izmir,93501,2026-06-03T22:00,OpenMeteo,0,20.3
2026-06-02T16:45,Izmir,93501,2026-06-03T23:00,OpenMeteo,0,18.8
2026-06-02T16:45,Antalya,90701,2026-06-02T18:00,MGM,PB,23
2026-06-02T16:45,Antalya,90701,2026-06-02T21:00,MGM,PB,22
2026-06-02T16:45,Antalya,90701,2026-06-03T00:00,MGM,AB,21
2026-06-02T16:45,Antalya,90701,2026-06-03T03:00,MGM,AB,20
2026-06-02T16:45,Antalya,90701,2026-06-03T06:00,MGM,AB,22
2026-06-02T16:45,Antalya,90701,2026-06-03T09:00,MGM,AB,23
2026-06-02T16:45,Antalya,90701,2026-06-03T12:00,MGM,PB,24
2026-06-02T16:45,Antalya,90701,2026-06-03T15:00,MGM,PB,24
2026-06-02T16:45,Antalya,90701,2026-06-03T18:00,MGM,AB,23
2026-06-02T16:45,Antalya,90701,2026-06-03T21:00,MGM,AB,22
2026-06-02T16:45,Antalya,90701,2026-06-02T00:00,OpenMeteo,0,19.1
2026-06-02T16:45,Antalya,90701,2026-06-02T01:00,OpenMeteo,0,18.9
2026-06-02T16:45,Antalya,90701,2026-06-02T02:00,OpenMeteo,0,18.8
2026-06-02T16:45,Antalya,90701,2026-06-02T03:00,OpenMeteo,0,18.6
2026-06-02T16:45,Antalya,90701,2026-06-02T04:00,OpenMeteo,0,19.2
2026-06-02T16:45,Antalya,90701,2026-06-02T05:00,OpenMeteo,1,21.1
2026-06-02T16:45,Antalya,90701,2026-06-02T06:00,OpenMeteo,1,22.5
2026-06-02T16:45,Antalya,90701,2026-06-02T07:00,OpenMeteo,1,23.6
2026-06-02T16:45,Antalya,90701,2026-06-02T08:00,OpenMeteo,1,24.1
2026-06-02T16:45,Antalya,90701,2026-06-02T09:00,OpenMeteo,0,24.1
2026-06-02T16:45,Antalya,90701,2026-06-02T10:00,OpenMeteo,1,24.4
2026-06-02T16:45,Antalya,90701,2026-06-02T11:00,OpenMeteo,0,24.6
2026-06-02T16:45,Antalya,90701,2026-06-02T12:00,OpenMeteo,3,24.4
2026-06-02T16:45,Antalya,90701,2026-06-02T13:00,OpenMeteo,3,24.1
2026-06-02T16:45,Antalya,90701,2026-06-02T14:00,OpenMeteo,3,23.9
2026-06-02T16:45,Antalya,90701,2026-06-02T15:00,OpenMeteo,3,23.3
2026-06-02T16:45,Antalya,90701,2026-06-02T16:00,OpenMeteo,3,23.1
2026-06-02T16:45,Antalya,90701,2026-06-02T17:00,OpenMeteo,3,22.9
2026-06-02T16:45,Antalya,90701,2026-06-02T18:00,OpenMeteo,3,22.6
2026-06-02T16:45,Antalya,90701,2026-06-02T19:00,OpenMeteo,3,22.1
2026-06-02T16:45,Antalya,90701,2026-06-02T20:00,OpenMeteo,0,21.6
2026-06-02T16:45,Antalya,90701,2026-06-02T21:00,OpenMeteo,3,21.1
2026-06-02T16:45,Antalya,90701,2026-06-02T22:00,OpenMeteo,0,20.6
2026-06-02T16:45,Antalya,90701,2026-06-02T23:00,OpenMeteo,0,20.3
2026-06-02T16:45,Antalya,90701,2026-06-03T00:00,OpenMeteo,0,20.0
2026-06-02T16:45,Antalya,90701,2026-06-03T01:00,OpenMeteo,0,19.8
2026-06-02T16:45,Antalya,90701,2026-06-03T02:00,OpenMeteo,0,19.5
2026-06-02T16:45,Antalya,90701,2026-06-03T03:00,OpenMeteo,0,19.2
2026-06-02T16:45,Antalya,90701,2026-06-03T04:00,OpenMeteo,1,19.5
2026-06-02T16:45,Antalya,90701,2026-06-03T05:00,OpenMeteo,2,20.5
2026-06-02T16:45,Antalya,90701,2026-06-03T06:00,OpenMeteo,2,22.0
2026-06-02T16:45,Antalya,90701,2026-06-03T07:00,OpenMeteo,2,23.1
2026-06-02T16:45,Antalya,90701,2026-06-03T08:00,OpenMeteo,1,23.4
2026-06-02T16:45,Antalya,90701,2026-06-03T09:00,OpenMeteo,1,23.8
2026-06-02T16:45,Antalya,90701,2026-06-03T10:00,OpenMeteo,1,24.0
2026-06-02T16:45,Antalya,90701,2026-06-03T11:00,OpenMeteo,1,24.1
2026-06-02T16:45,Antalya,90701,2026-06-03T12:00,OpenMeteo,0,24.3
2026-06-02T16:45,Antalya,90701,2026-06-03T13:00,OpenMeteo,0,24.4
2026-06-02T16:45,Antalya,90701,2026-06-03T14:00,OpenMeteo,0,24.2
2026-06-02T16:45,Antalya,90701,2026-06-03T15:00,OpenMeteo,1,23.7
2026-06-02T16:45,Antalya,90701,2026-06-03T16:00,OpenMeteo,2,23.2
2026-06-02T16:45,Antalya,90701,2026-06-03T17:00,OpenMeteo,2,22.8
2026-06-02T16:45,Antalya,90701,2026-06-03T18:00,OpenMeteo,3,22.6
2026-06-02T16:45,Antalya,90701,2026-06-03T19:00,OpenMeteo,2,22.5
2026-06-02T16:45,Antalya,90701,2026-06-03T20:00,OpenMeteo,2,22.3
2026-06-02T16:45,Antalya,90701,2026-06-03T21:00,OpenMeteo,1,22.0
2026-06-02T16:45,Antalya,90701,2026-06-03T22:00,OpenMeteo,1,21.6
2026-06-02T16:45,Antalya,90701,2026-06-03T23:00,OpenMeteo,1,21.0
2026-06-02T16:45,Ankara,90601,2026-06-02T18:00,MGM,GSY,21
2026-06-02T16:45,Ankara,90601,2026-06-02T21:00,MGM,GSY,19
2026-06-02T16:45,Ankara,90601,2026-06-03T00:00,MGM,HSY,16
2026-06-02T16:45,Ankara,90601,2026-06-03T03:00,MGM,PB,13
2026-06-02T16:45,Ankara,90601,2026-06-03T06:00,MGM,PB,19
2026-06-02T16:45,Ankara,90601,2026-06-03T09:00,MGM,PB,24
2026-06-02T16:45,Ankara,90601,2026-06-03T12:00,MGM,CB,26
2026-06-02T16:45,Ankara,90601,2026-06-03T15:00,MGM,GSY,24
2026-06-02T16:45,Ankara,90601,2026-06-03T18:00,MGM,GSY,21
2026-06-02T16:45,Ankara,90601,2026-06-03T21:00,MGM,GSY,19
2026-06-02T16:45,Trabzon,96101,2026-06-02T18:00,MGM,AB,18
2026-06-02T16:45,Trabzon,96101,2026-06-02T21:00,MGM,AB,17
2026-06-02T16:45,Trabzon,96101,2026-06-03T00:00,MGM,AB,17
2026-06-02T16:45,Trabzon,96101,2026-06-03T03:00,MGM,AB,16
2026-06-02T16:45,Trabzon,96101,2026-06-03T06:00,MGM,PB,20
2026-06-02T16:45,Trabzon,96101,2026-06-03T09:00,MGM,PB,21
2026-06-02T16:45,Trabzon,96101,2026-06-03T12:00,MGM,CB,22
2026-06-02T16:45,Trabzon,96101,2026-06-03T15:00,MGM,CB,21
2026-06-02T16:45,Trabzon,96101,2026-06-03T18:00,MGM,PB,20
2026-06-02T16:45,Trabzon,96101,2026-06-03T21:00,MGM,PB,19
2026-06-02T16:45,Erzurum,92501,2026-06-02T18:00,MGM,GSY,12
2026-06-02T16:45,Erzurum,92501,2026-06-02T21:00,MGM,CB,10
2026-06-02T16:45,Erzurum,92501,2026-06-03T00:00,MGM,CB,8
2026-06-02T16:45,Erzurum,92501,2026-06-03T03:00,MGM,CB,10
2026-06-02T16:45,Erzurum,92501,2026-06-03T06:00,MGM,CB,15
2026-06-02T16:45,Erzurum,92501,2026-06-03T09:00,MGM,GSY,18
2026-06-02T16:45,Erzurum,92501,2026-06-03T12:00,MGM,GSY,14
2026-06-02T16:45,Erzurum,92501,2026-06-03T15:00,MGM,GSY,14
2026-06-02T16:45,Erzurum,92501,2026-06-03T18:00,MGM,CB,11
2026-06-02T16:45,Erzurum,92501,2026-06-03T21:00,MGM,CB,9
2026-06-02T16:45,Erzurum,92501,2026-06-02T00:00,OpenMeteo,1,4.7
2026-06-02T16:45,Erzurum,92501,2026-06-02T01:00,OpenMeteo,1,4.5
2026-06-02T16:45,Erzurum,92501,2026-06-02T02:00,OpenMeteo,2,4.4
2026-06-02T16:45,Erzurum,92501,2026-06-02T03:00,OpenMeteo,2,5.7
2026-06-02T16:45,Erzurum,92501,2026-06-02T04:00,OpenMeteo,1,7.7
2026-06-02T16:45,Erzurum,92501,2026-06-02T05:00,OpenMeteo,1,9.7
2026-06-02T16:45,Erzurum,92501,2026-06-02T06:00,OpenMeteo,2,11.9
2026-06-02T16:45,Erzurum,92501,2026-06-02T07:00,OpenMeteo,2,13.0
2026-06-02T16:45,Erzurum,92501,2026-06-02T08:00,OpenMeteo,2,14.5
2026-06-02T16:45,Erzurum,92501,2026-06-02T09:00,OpenMeteo,2,15.1
2026-06-02T16:45,Erzurum,92501,2026-06-02T10:00,OpenMeteo,2,15.6
2026-06-02T16:45,Erzurum,92501,2026-06-02T11:00,OpenMeteo,3,16.4
2026-06-02T16:45,Erzurum,92501,2026-06-02T12:00,OpenMeteo,2,16.7
2026-06-02T16:45,Erzurum,92501,2026-06-02T13:00,OpenMeteo,0,16.8
2026-06-02T16:45,Erzurum,92501,2026-06-02T14:00,OpenMeteo,0,16.5
2026-06-02T16:45,Erzurum,92501,2026-06-02T15:00,OpenMeteo,0,15.9
2026-06-02T16:45,Erzurum,92501,2026-06-02T16:00,OpenMeteo,0,14.7
2026-06-02T16:45,Erzurum,92501,2026-06-02T17:00,OpenMeteo,0,13.2
2026-06-02T16:45,Erzurum,92501,2026-06-02T18:00,OpenMeteo,0,10.1
2026-06-02T16:45,Erzurum,92501,2026-06-02T19:00,OpenMeteo,0,8.2
2026-06-02T16:45,Erzurum,92501,2026-06-02T20:00,OpenMeteo,0,7.6
2026-06-02T16:45,Erzurum,92501,2026-06-02T21:00,OpenMeteo,0,6.9
2026-06-02T16:45,Erzurum,92501,2026-06-02T22:00,OpenMeteo,1,6.3
2026-06-02T16:45,Erzurum,92501,2026-06-02T23:00,OpenMeteo,2,5.8
2026-06-02T16:45,Erzurum,92501,2026-06-03T00:00,OpenMeteo,3,5.6
2026-06-02T16:45,Erzurum,92501,2026-06-03T01:00,OpenMeteo,1,5.4
2026-06-02T16:45,Erzurum,92501,2026-06-03T02:00,OpenMeteo,1,5.3
2026-06-02T16:45,Erzurum,92501,2026-06-03T03:00,OpenMeteo,2,5.5
2026-06-02T16:45,Erzurum,92501,2026-06-03T04:00,OpenMeteo,2,6.9
2026-06-02T16:45,Erzurum,92501,2026-06-03T05:00,OpenMeteo,2,9.1
2026-06-02T16:45,Erzurum,92501,2026-06-03T06:00,OpenMeteo,2,11.9
2026-06-02T16:45,Erzurum,92501,2026-06-03T07:00,OpenMeteo,1,14.3
2026-06-02T16:45,Erzurum,92501,2026-06-03T08:00,OpenMeteo,3,16.5
2026-06-02T16:45,Erzurum,92501,2026-06-03T09:00,OpenMeteo,3,17.1
2026-06-02T16:45,Erzurum,92501,2026-06-03T10:00,OpenMeteo,80,17.0
2026-06-02T16:45,Erzurum,92501,2026-06-03T11:00,OpenMeteo,3,17.6
2026-06-02T16:45,Erzurum,92501,2026-06-03T12:00,OpenMeteo,3,17.7
2026-06-02T16:45,Erzurum,92501,2026-06-03T13:00,OpenMeteo,80,16.1
2026-06-02T16:45,Erzurum,92501,2026-06-03T14:00,OpenMeteo,80,14.4
2026-06-02T16:45,Erzurum,92501,2026-06-03T15:00,OpenMeteo,80,13.2
2026-06-02T16:45,Erzurum,92501,2026-06-03T16:00,OpenMeteo,80,11.6
2026-06-02T16:45,Erzurum,92501,2026-06-03T17:00,OpenMeteo,3,11.3
2026-06-02T16:45,Erzurum,92501,2026-06-03T18:00,OpenMeteo,1,10.8
2026-06-02T16:45,Erzurum,92501,2026-06-03T19:00,OpenMeteo,2,9.5
2026-06-02T16:45,Erzurum,92501,2026-06-03T20:00,OpenMeteo,1,8.0
2026-06-02T16:45,Erzurum,92501,2026-06-03T21:00,OpenMeteo,1,7.5
2026-06-02T16:45,Erzurum,92501,2026-06-03T22:00,OpenMeteo,45,6.8
2026-06-02T16:45,Erzurum,92501,2026-06-03T23:00,OpenMeteo,45,6.2
2026-06-02T20:57,Istanbul,93401,2026-06-02T21:00,MGM,PB,23
2026-06-02T20:57,Istanbul,93401,2026-06-03T00:00,MGM,PB,22
2026-06-02T20:57,Istanbul,93401,2026-06-03T03:00,MGM,PB,19
2026-06-02T20:57,Istanbul,93401,2026-06-03T06:00,MGM,PB,24
2026-06-02T20:57,Istanbul,93401,2026-06-03T09:00,MGM,AB,25
2026-06-02T20:57,Istanbul,93401,2026-06-03T12:00,MGM,PB,28
2026-06-02T20:57,Istanbul,93401,2026-06-03T15:00,MGM,PB,29
2026-06-02T20:57,Istanbul,93401,2026-06-03T18:00,MGM,PB,25
2026-06-02T20:57,Istanbul,93401,2026-06-03T21:00,MGM,PB,23
2026-06-02T20:57,Istanbul,93401,2026-06-02T00:00,OpenMeteo,2,19.7
2026-06-02T20:57,Istanbul,93401,2026-06-02T01:00,OpenMeteo,2,19.1
2026-06-02T20:57,Istanbul,93401,2026-06-02T02:00,OpenMeteo,2,18.7
2026-06-02T20:57,Istanbul,93401,2026-06-02T03:00,OpenMeteo,3,18.5
2026-06-02T20:57,Istanbul,93401,2026-06-02T04:00,OpenMeteo,2,19.1
2026-06-02T20:57,Istanbul,93401,2026-06-02T05:00,OpenMeteo,2,21.0
2026-06-02T20:57,Istanbul,93401,2026-06-02T06:00,OpenMeteo,2,23.2
2026-06-02T20:57,Istanbul,93401,2026-06-02T07:00,OpenMeteo,2,24.4
2026-06-02T20:57,Istanbul,93401,2026-06-02T08:00,OpenMeteo,1,25.3
2026-06-02T20:57,Istanbul,93401,2026-06-02T09:00,OpenMeteo,1,26.2
2026-06-02T20:57,Istanbul,93401,2026-06-02T10:00,OpenMeteo,1,27.1
2026-06-02T20:57,Istanbul,93401,2026-06-02T11:00,OpenMeteo,0,27.7
2026-06-02T20:57,Istanbul,93401,2026-06-02T12:00,OpenMeteo,1,28.3
2026-06-02T20:57,Istanbul,93401,2026-06-02T13:00,OpenMeteo,1,28.6
2026-06-02T20:57,Istanbul,93401,2026-06-02T14:00,OpenMeteo,1,28.9
2026-06-02T20:57,Istanbul,93401,2026-06-02T15:00,OpenMeteo,2,29.0
2026-06-02T20:57,Istanbul,93401,2026-06-02T16:00,OpenMeteo,3,28.7
2026-06-02T20:57,Istanbul,93401,2026-06-02T17:00,OpenMeteo,1,26.2
2026-06-02T20:57,Istanbul,93401,2026-06-02T18:00,OpenMeteo,2,24.2
2026-06-02T20:57,Istanbul,93401,2026-06-02T19:00,OpenMeteo,3,23.0
2026-06-02T20:57,Istanbul,93401,2026-06-02T20:00,OpenMeteo,2,22.0
2026-06-02T20:57,Istanbul,93401,2026-06-02T21:00,OpenMeteo,1,21.2
2026-06-02T20:57,Istanbul,93401,2026-06-02T22:00,OpenMeteo,3,20.6
2026-06-02T20:57,Istanbul,93401,2026-06-02T23:00,OpenMeteo,3,20.1
2026-06-02T20:57,Istanbul,93401,2026-06-03T00:00,OpenMeteo,3,19.8
2026-06-02T20:57,Istanbul,93401,2026-06-03T01:00,OpenMeteo,3,19.7
2026-06-02T20:57,Istanbul,93401,2026-06-03T02:00,OpenMeteo,2,19.4
2026-06-02T20:57,Istanbul,93401,2026-06-03T03:00,OpenMeteo,1,19.2
2026-06-02T20:57,Istanbul,93401,2026-06-03T04:00,OpenMeteo,1,19.7
2026-06-02T20:57,Istanbul,93401,2026-06-03T05:00,OpenMeteo,1,21.1
2026-06-02T20:57,Istanbul,93401,2026-06-03T06:00,OpenMeteo,3,22.5
2026-06-02T20:57,Istanbul,93401,2026-06-03T07:00,OpenMeteo,2,23.5
2026-06-02T20:57,Istanbul,93401,2026-06-03T08:00,OpenMeteo,3,24.3
2026-06-02T20:57,Istanbul,93401,2026-06-03T09:00,OpenMeteo,3,25.3
2026-06-02T20:57,Istanbul,93401,2026-06-03T10:00,OpenMeteo,3,26.2
2026-06-02T20:57,Istanbul,93401,2026-06-03T11:00,OpenMeteo,3,27.1
2026-06-02T20:57,Istanbul,93401,2026-06-03T12:00,OpenMeteo,3,27.8
2026-06-02T20:57,Istanbul,93401,2026-06-03T13:00,OpenMeteo,0,28.4
2026-06-02T20:57,Istanbul,93401,2026-06-03T14:00,OpenMeteo,1,28.7
2026-06-02T20:57,Istanbul,93401,2026-06-03T15:00,OpenMeteo,0,28.2
2026-06-02T20:57,Istanbul,93401,2026-06-03T16:00,OpenMeteo,1,26.8
2026-06-02T20:57,Istanbul,93401,2026-06-03T17:00,OpenMeteo,1,25.2
2026-06-02T20:57,Istanbul,93401,2026-06-03T18:00,OpenMeteo,2,23.6
2026-06-02T20:57,Istanbul,93401,2026-06-03T19:00,OpenMeteo,2,22.6
2026-06-02T20:57,Istanbul,93401,2026-06-03T20:00,OpenMeteo,2,22.1
2026-06-02T20:57,Istanbul,93401,2026-06-03T21:00,OpenMeteo,2,22.1
2026-06-02T20:57,Istanbul,93401,2026-06-03T22:00,OpenMeteo,1,21.6
2026-06-02T20:57,Istanbul,93401,2026-06-03T23:00,OpenMeteo,0,21.1
2026-06-02T20:57,Izmir,93501,2026-06-02T21:00,MGM,AB,22
2026-06-02T20:57,Izmir,93501,2026-06-03T00:00,MGM,A,20
2026-06-02T20:57,Izmir,93501,2026-06-03T03:00,MGM,A,19
2026-06-02T20:57,Izmir,93501,2026-06-03T06:00,MGM,A,25
2026-06-02T20:57,Izmir,93501,2026-06-03T09:00,MGM,AB,29
2026-06-02T20:57,Izmir,93501,2026-06-03T12:00,MGM,PB,33
2026-06-02T20:57,Izmir,93501,2026-06-03T15:00,MGM,PB,32
2026-06-02T20:57,Izmir,93501,2026-06-03T18:00,MGM,PB,25
2026-06-02T20:57,Izmir,93501,2026-06-03T21:00,MGM,AB,22
2026-06-02T20:57,Izmir,93501,2026-06-02T00:00,OpenMeteo,0,19.0
2026-06-02T20:57,Izmir,93501,2026-06-02T01:00,OpenMeteo,0,18.6
2026-06-02T20:57,Izmir,93501,2026-06-02T02:00,OpenMeteo,0,18.4
2026-06-02T20:57,Izmir,93501,2026-06-02T03:00,OpenMeteo,0,18.0
2026-06-02T20:57,Izmir,93501,2026-06-02T04:00,OpenMeteo,0,18.9
2026-06-02T20:57,Izmir,93501,2026-06-02T05:00,OpenMeteo,0,22.2
2026-06-02T20:57,Izmir,93501,2026-06-02T06:00,OpenMeteo,0,25.0
2026-06-02T20:57,Izmir,93501,2026-06-02T07:00,OpenMeteo,0,26.9
2026-06-02T20:57,Izmir,93501,2026-06-02T08:00,OpenMeteo,0,28.9
2026-06-02T20:57,Izmir,93501,2026-06-02T09:00,OpenMeteo,0,30.6
2026-06-02T20:57,Izmir,93501,2026-06-02T10:00,OpenMeteo,0,32.1
2026-06-02T20:57,Izmir,93501,2026-06-02T11:00,OpenMeteo,0,32.7
2026-06-02T20:57,Izmir,93501,2026-06-02T12:00,OpenMeteo,0,32.7
2026-06-02T20:57,Izmir,93501,2026-06-02T13:00,OpenMeteo,2,32.5
2026-06-02T20:57,Izmir,93501,2026-06-02T14:00,OpenMeteo,0,32.1
2026-06-02T20:57,Izmir,93501,2026-06-02T15:00,OpenMeteo,0,30.8
2026-06-02T20:57,Izmir,93501,2026-06-02T16:00,OpenMeteo,0,29.6
2026-06-02T20:57,Izmir,93501,2026-06-02T17:00,OpenMeteo,0,27.8
2026-06-02T20:57,Izmir,93501,2026-06-02T18:00,OpenMeteo,0,25.2
2026-06-02T20:57,Izmir,93501,2026-06-02T19:00,OpenMeteo,0,23.4
2026-06-02T20:57,Izmir,93501,2026-06-02T20:00,OpenMeteo,0,21.9
2026-06-02T20:57,Izmir,93501,2026-06-02T21:00,OpenMeteo,0,21.0
2026-06-02T20:57,Izmir,93501,2026-06-02T22:00,OpenMeteo,0,19.3
2026-06-02T20:57,Izmir,93501,2026-06-02T23:00,OpenMeteo,0,17.8
2026-06-02T20:57,Izmir,93501,2026-06-03T00:00,OpenMeteo,0,16.9
2026-06-02T20:57,Izmir,93501,2026-06-03T01:00,OpenMeteo,2,16.4
2026-06-02T20:57,Izmir,93501,2026-06-03T02:00,OpenMeteo,1,15.9
2026-06-02T20:57,Izmir,93501,2026-06-03T03:00,OpenMeteo,0,15.5
2026-06-02T20:57,Izmir,93501,2026-06-03T04:00,OpenMeteo,0,16.5
2026-06-02T20:57,Izmir,93501,2026-06-03T05:00,OpenMeteo,0,20.7
2026-06-02T20:57,Izmir,93501,2026-06-03T06:00,OpenMeteo,0,23.9
2026-06-02T20:57,Izmir,93501,2026-06-03T07:00,OpenMeteo,0,26.2
2026-06-02T20:57,Izmir,93501,2026-06-03T08:00,OpenMeteo,0,27.9
2026-06-02T20:57,Izmir,93501,2026-06-03T09:00,OpenMeteo,0,29.2
2026-06-02T20:57,Izmir,93501,2026-06-03T10:00,OpenMeteo,0,30.4
2026-06-02T20:57,Izmir,93501,2026-06-03T11:00,OpenMeteo,0,31.1
2026-06-02T20:57,Izmir,93501,2026-06-03T12:00,OpenMeteo,0,31.1
2026-06-02T20:57,Izmir,93501,2026-06-03T13:00,OpenMeteo,0,30.5
2026-06-02T20:57,Izmir,93501,2026-06-03T14:00,OpenMeteo,0,29.8
2026-06-02T20:57,Izmir,93501,2026-06-03T15:00,OpenMeteo,0,28.7
2026-06-02T20:57,Izmir,93501,2026-06-03T16:00,OpenMeteo,0,27.3
2026-06-02T20:57,Izmir,93501,2026-06-03T17:00,OpenMeteo,0,25.6
2026-06-02T20:57,Izmir,93501,2026-06-03T18:00,OpenMeteo,0,23.6
2026-06-02T20:57,Izmir,93501,2026-06-03T19:00,OpenMeteo,0,22.4
2026-06-02T20:57,Izmir,93501,2026-06-03T20:00,OpenMeteo,0,21.7
2026-06-02T20:57,Izmir,93501,2026-06-03T21:00,OpenMeteo,0,21.5
2026-06-02T20:57,Izmir,93501,2026-06-03T22:00,OpenMeteo,0,20.3
2026-06-02T20:57,Izmir,93501,2026-06-03T23:00,OpenMeteo,0,18.8
2026-06-02T20:57,Antalya,90701,2026-06-02T21:00,MGM,PB,22
2026-06-02T20:57,Antalya,90701,2026-06-03T00:00,MGM,AB,21
2026-06-02T20:57,Antalya,90701,2026-06-03T03:00,MGM,AB,20
2026-06-02T20:57,Antalya,90701,2026-06-03T06:00,MGM,AB,22
2026-06-02T20:57,Antalya,90701,2026-06-03T09:00,MGM,AB,23
2026-06-02T20:57,Antalya,90701,2026-06-03T12:00,MGM,PB,24
2026-06-02T20:57,Antalya,90701,2026-06-03T15:00,MGM,PB,24
2026-06-02T20:57,Antalya,90701,2026-06-03T18:00,MGM,AB,23
2026-06-02T20:57,Antalya,90701,2026-06-03T21:00,MGM,AB,22
2026-06-02T20:57,Antalya,90701,2026-06-02T00:00,OpenMeteo,0,19.1
2026-06-02T20:57,Antalya,90701,2026-06-02T01:00,OpenMeteo,0,18.9
2026-06-02T20:57,Antalya,90701,2026-06-02T02:00,OpenMeteo,0,18.8
2026-06-02T20:57,Antalya,90701,2026-06-02T03:00,OpenMeteo,0,18.6
2026-06-02T20:57,Antalya,90701,2026-06-02T04:00,OpenMeteo,0,19.2
2026-06-02T20:57,Antalya,90701,2026-06-02T05:00,OpenMeteo,1,21.1
2026-06-02T20:57,Antalya,90701,2026-06-02T06:00,OpenMeteo,1,22.5
2026-06-02T20:57,Antalya,90701,2026-06-02T07:00,OpenMeteo,1,23.6
2026-06-02T20:57,Antalya,90701,2026-06-02T08:00,OpenMeteo,1,24.1
2026-06-02T20:57,Antalya,90701,2026-06-02T09:00,OpenMeteo,0,24.1
2026-06-02T20:57,Antalya,90701,2026-06-02T10:00,OpenMeteo,1,24.4
2026-06-02T20:57,Antalya,90701,2026-06-02T11:00,OpenMeteo,0,24.6
2026-06-02T20:57,Antalya,90701,2026-06-02T12:00,OpenMeteo,3,24.4
2026-06-02T20:57,Antalya,90701,2026-06-02T13:00,OpenMeteo,3,24.1
2026-06-02T20:57,Antalya,90701,2026-06-02T14:00,OpenMeteo,3,23.9
2026-06-02T20:57,Antalya,90701,2026-06-02T15:00,OpenMeteo,3,23.7
2026-06-02T20:57,Antalya,90701,2026-06-02T16:00,OpenMeteo,3,23.2
2026-06-02T20:57,Antalya,90701,2026-06-02T17:00,OpenMeteo,3,23.1
2026-06-02T20:57,Antalya,90701,2026-06-02T18:00,OpenMeteo,3,22.7
2026-06-02T20:57,Antalya,90701,2026-06-02T19:00,OpenMeteo,3,22.3
2026-06-02T20:57,Antalya,90701,2026-06-02T20:00,OpenMeteo,1,21.5
2026-06-02T20:57,Antalya,90701,2026-06-02T21:00,OpenMeteo,0,21.0
2026-06-02T20:57,Antalya,90701,2026-06-02T22:00,OpenMeteo,0,20.6
2026-06-02T20:57,Antalya,90701,2026-06-02T23:00,OpenMeteo,0,20.2
2026-06-02T20:57,Antalya,90701,2026-06-03T00:00,OpenMeteo,0,19.9
2026-06-02T20:57,Antalya,90701,2026-06-03T01:00,OpenMeteo,0,19.8
2026-06-02T20:57,Antalya,90701,2026-06-03T02:00,OpenMeteo,0,19.5
2026-06-02T20:57,Antalya,90701,2026-06-03T03:00,OpenMeteo,1,19.2
2026-06-02T20:57,Antalya,90701,2026-06-03T04:00,OpenMeteo,1,19.4
2026-06-02T20:57,Antalya,90701,2026-06-03T05:00,OpenMeteo,1,20.3
2026-06-02T20:57,Antalya,90701,2026-06-03T06:00,OpenMeteo,2,21.7
2026-06-02T20:57,Antalya,90701,2026-06-03T07:00,OpenMeteo,1,22.9
2026-06-02T20:57,Antalya,90701,2026-06-03T08:00,OpenMeteo,1,23.5
2026-06-02T20:57,Antalya,90701,2026-06-03T09:00,OpenMeteo,1,23.9
2026-06-02T20:57,Antalya,90701,2026-06-03T10:00,OpenMeteo,2,24.1
2026-06-02T20:57,Antalya,90701,2026-06-03T11:00,OpenMeteo,1,24.2
2026-06-02T20:57,Antalya,90701,2026-06-03T12:00,OpenMeteo,0,24.3
2026-06-02T20:57,Antalya,90701,2026-06-03T13:00,OpenMeteo,0,24.6
2026-06-02T20:57,Antalya,90701,2026-06-03T14:00,OpenMeteo,0,24.4
2026-06-02T20:57,Antalya,90701,2026-06-03T15:00,OpenMeteo,0,24.0
2026-06-02T20:57,Antalya,90701,2026-06-03T16:00,OpenMeteo,2,23.6
2026-06-02T20:57,Antalya,90701,2026-06-03T17:00,OpenMeteo,2,23.2
2026-06-02T20:57,Antalya,90701,2026-06-03T18:00,OpenMeteo,2,22.9
2026-06-02T20:57,Antalya,90701,2026-06-03T19:00,OpenMeteo,1,22.6
2026-06-02T20:57,Antalya,90701,2026-06-03T20:00,OpenMeteo,1,22.2
2026-06-02T20:57,Antalya,90701,2026-06-03T21:00,OpenMeteo,1,21.6
2026-06-02T20:57,Antalya,90701,2026-06-03T22:00,OpenMeteo,1,21.6
2026-06-02T20:57,Antalya,90701,2026-06-03T23:00,OpenMeteo,1,21.0
2026-06-02T20:57,Gaziantep,92701,2026-06-02T00:00,OpenMeteo,0,18.4
2026-06-02T20:57,Gaziantep,92701,2026-06-02T01:00,OpenMeteo,0,18.3
2026-06-02T20:57,Gaziantep,92701,2026-06-02T02:00,OpenMeteo,0,18.0
2026-06-02T20:57,Gaziantep,92701,2026-06-02T03:00,OpenMeteo,0,18.1
2026-06-02T20:57,Gaziantep,92701,2026-06-02T04:00,OpenMeteo,0,19.7
2026-06-02T20:57,Gaziantep,92701,2026-06-02T05:00,OpenMeteo,0,21.7
2026-06-02T20:57,Gaziantep,92701,2026-06-02T06:00,OpenMeteo,0,23.9
2026-06-02T20:57,Gaziantep,92701,2026-06-02T07:00,OpenMeteo,0,25.6
2026-06-02T20:57,Gaziantep,92701,2026-06-02T08:00,OpenMeteo,0,26.9
2026-06-02T20:57,Gaziantep,92701,2026-06-02T09:00,OpenMeteo,0,27.6
2026-06-02T20:57,Gaziantep,92701,2026-06-02T10:00,OpenMeteo,1,28.5
2026-06-02T20:57,Gaziantep,92701,2026-06-02T11:00,OpenMeteo,1,29.1
2026-06-02T20:57,Gaziantep,92701,2026-06-02T12:00,OpenMeteo,1,29.5
2026-06-02T20:57,Gaziantep,92701,2026-06-02T13:00,OpenMeteo,1,29.5
2026-06-02T20:57,Gaziantep,92701,2026-06-02T14:00,OpenMeteo,1,29.2
2026-06-02T20:57,Gaziantep,92701,2026-06-02T15:00,OpenMeteo,2,28.6
2026-06-02T20:57,Gaziantep,92701,2026-06-02T16:00,OpenMeteo,2,27.4
2026-06-02T20:57,Gaziantep,92701,2026-06-02T17:00,OpenMeteo,1,25.5
2026-06-02T20:57,Gaziantep,92701,2026-06-02T18:00,OpenMeteo,1,23.9
2026-06-02T20:57,Gaziantep,92701,2026-06-02T19:00,OpenMeteo,1,22.5
2026-06-02T20:57,Gaziantep,92701,2026-06-02T20:00,OpenMeteo,1,21.6
2026-06-02T20:57,Gaziantep,92701,2026-06-02T21:00,OpenMeteo,1,20.9
2026-06-02T20:57,Gaziantep,92701,2026-06-02T22:00,OpenMeteo,1,20.4
2026-06-02T20:57,Gaziantep,92701,2026-06-02T23:00,OpenMeteo,0,19.4
2026-06-02T20:57,Gaziantep,92701,2026-06-03T00:00,OpenMeteo,2,18.5
2026-06-02T20:57,Gaziantep,92701,2026-06-03T01:00,OpenMeteo,3,17.7
2026-06-02T20:57,Gaziantep,92701,2026-06-03T02:00,OpenMeteo,3,18.0
2026-06-02T20:57,Gaziantep,92701,2026-06-03T03:00,OpenMeteo,2,18.3
2026-06-02T20:57,Gaziantep,92701,2026-06-03T04:00,OpenMeteo,2,19.5
2026-06-02T20:57,Gaziantep,92701,2026-06-03T05:00,OpenMeteo,2,21.4
2026-06-02T20:57,Gaziantep,92701,2026-06-03T06:00,OpenMeteo,2,23.4
2026-06-02T20:57,Gaziantep,92701,2026-06-03T07:00,OpenMeteo,2,25.0
2026-06-02T20:57,Gaziantep,92701,2026-06-03T08:00,OpenMeteo,1,26.8
2026-06-02T20:57,Gaziantep,92701,2026-06-03T09:00,OpenMeteo,2,27.8
2026-06-02T20:57,Gaziantep,92701,2026-06-03T10:00,OpenMeteo,2,28.5
2026-06-02T20:57,Gaziantep,92701,2026-06-03T11:00,OpenMeteo,2,29.0
2026-06-02T20:57,Gaziantep,92701,2026-06-03T12:00,OpenMeteo,2,28.4
2026-06-02T20:57,Gaziantep,92701,2026-06-03T13:00,OpenMeteo,0,26.7
2026-06-02T20:57,Gaziantep,92701,2026-06-03T14:00,OpenMeteo,0,27.0
2026-06-02T20:57,Gaziantep,92701,2026-06-03T15:00,OpenMeteo,1,26.1
2026-06-02T20:57,Gaziantep,92701,2026-06-03T16:00,OpenMeteo,0,24.5
2026-06-02T20:57,Gaziantep,92701,2026-06-03T17:00,OpenMeteo,0,22.8
2026-06-02T20:57,Gaziantep,92701,2026-06-03T18:00,OpenMeteo,0,21.5
2026-06-02T20:57,Gaziantep,92701,2026-06-03T19:00,OpenMeteo,0,20.5
2026-06-02T20:57,Gaziantep,92701,2026-06-03T20:00,OpenMeteo,0,19.6
2026-06-02T20:57,Gaziantep,92701,2026-06-03T21:00,OpenMeteo,0,19.0
2026-06-02T20:57,Gaziantep,92701,2026-06-03T22:00,OpenMeteo,0,19.1
2026-06-02T20:57,Gaziantep,92701,2026-06-03T23:00,OpenMeteo,0,18.8
2026-06-02T23:06,Istanbul,93401,2026-06-03T00:00,MGM,PB,22
2026-06-02T23:06,Istanbul,93401,2026-06-03T03:00,MGM,PB,19
2026-06-02T23:06,Istanbul,93401,2026-06-03T06:00,MGM,PB,24
2026-06-02T23:06,Istanbul,93401,2026-06-03T09:00,MGM,AB,25
2026-06-02T23:06,Istanbul,93401,2026-06-03T12:00,MGM,PB,28
2026-06-02T23:06,Istanbul,93401,2026-06-03T15:00,MGM,PB,29
2026-06-02T23:06,Istanbul,93401,2026-06-03T18:00,MGM,PB,25
2026-06-02T23:06,Istanbul,93401,2026-06-03T21:00,MGM,PB,23
2026-06-02T23:06,Istanbul,93401,2026-06-02T00:00,OpenMeteo,2,19.7
2026-06-02T23:06,Istanbul,93401,2026-06-02T01:00,OpenMeteo,2,19.1
2026-06-02T23:06,Istanbul,93401,2026-06-02T02:00,OpenMeteo,2,18.7
2026-06-02T23:06,Istanbul,93401,2026-06-02T03:00,OpenMeteo,3,18.5
2026-06-02T23:06,Istanbul,93401,2026-06-02T04:00,OpenMeteo,2,19.1
2026-06-02T23:06,Istanbul,93401,2026-06-02T05:00,OpenMeteo,2,21.0
2026-06-02T23:06,Istanbul,93401,2026-06-02T06:00,OpenMeteo,2,23.2
2026-06-02T23:06,Istanbul,93401,2026-06-02T07:00,OpenMeteo,2,24.4
2026-06-02T23:06,Istanbul,93401,2026-06-02T08:00,OpenMeteo,1,25.3
2026-06-02T23:06,Istanbul,93401,2026-06-02T09:00,OpenMeteo,1,26.2
2026-06-02T23:06,Istanbul,93401,2026-06-02T10:00,OpenMeteo,1,27.1
2026-06-02T23:06,Istanbul,93401,2026-06-02T11:00,OpenMeteo,0,27.7
2026-06-02T23:06,Istanbul,93401,2026-06-02T12:00,OpenMeteo,1,28.3
2026-06-02T23:06,Istanbul,93401,2026-06-02T13:00,OpenMeteo,1,28.6
2026-06-02T23:06,Istanbul,93401,2026-06-02T14:00,OpenMeteo,1,28.9
2026-06-02T23:06,Istanbul,93401,2026-06-02T15:00,OpenMeteo,2,29.0
2026-06-02T23:06,Istanbul,93401,2026-06-02T16:00,OpenMeteo,3,28.7
2026-06-02T23:06,Istanbul,93401,2026-06-02T17:00,OpenMeteo,1,26.2
2026-06-02T23:06,Istanbul,93401,2026-06-02T18:00,OpenMeteo,2,23.7
2026-06-02T23:06,Istanbul,93401,2026-06-02T19:00,OpenMeteo,2,22.8
2026-06-02T23:06,Istanbul,93401,2026-06-02T20:00,OpenMeteo,3,21.7
2026-06-02T23:06,Istanbul,93401,2026-06-02T21:00,OpenMeteo,3,21.0
2026-06-02T23:06,Istanbul,93401,2026-06-02T22:00,OpenMeteo,3,20.4
2026-06-02T23:06,Istanbul,93401,2026-06-02T23:00,OpenMeteo,3,20.0
2026-06-02T23:06,Istanbul,93401,2026-06-03T00:00,OpenMeteo,3,19.9
2026-06-02T23:06,Istanbul,93401,2026-06-03T01:00,OpenMeteo,3,19.7
2026-06-02T23:06,Istanbul,93401,2026-06-03T02:00,OpenMeteo,3,19.3
2026-06-02T23:06,Istanbul,93401,2026-06-03T03:00,OpenMeteo,1,19.1
2026-06-02T23:06,Istanbul,93401,2026-06-03T04:00,OpenMeteo,2,19.5
2026-06-02T23:06,Istanbul,93401,2026-06-03T05:00,OpenMeteo,2,20.9
2026-06-02T23:06,Istanbul,93401,2026-06-03T06:00,OpenMeteo,3,22.3
2026-06-02T23:06,Istanbul,93401,2026-06-03T07:00,OpenMeteo,3,23.4
2026-06-02T23:06,Istanbul,93401,2026-06-03T08:00,OpenMeteo,2,24.4
2026-06-02T23:06,Istanbul,93401,2026-06-03T09:00,OpenMeteo,1,25.3
2026-06-02T23:06,Istanbul,93401,2026-06-03T10:00,OpenMeteo,2,26.1
2026-06-02T23:06,Istanbul,93401,2026-06-03T11:00,OpenMeteo,3,26.7
2026-06-02T23:06,Istanbul,93401,2026-06-03T12:00,OpenMeteo,3,27.4
2026-06-02T23:06,Istanbul,93401,2026-06-03T13:00,OpenMeteo,2,28.1
2026-06-02T23:06,Istanbul,93401,2026-06-03T14:00,OpenMeteo,0,28.5
2026-06-02T23:06,Istanbul,93401,2026-06-03T15:00,OpenMeteo,2,28.0
2026-06-02T23:06,Istanbul,93401,2026-06-03T16:00,OpenMeteo,0,26.2
2026-06-02T23:06,Istanbul,93401,2026-06-03T17:00,OpenMeteo,2,24.7
2026-06-02T23:06,Istanbul,93401,2026-06-03T18:00,OpenMeteo,1,23.7
2026-06-02T23:06,Istanbul,93401,2026-06-03T19:00,OpenMeteo,1,22.5
2026-06-02T23:06,Istanbul,93401,2026-06-03T20:00,OpenMeteo,0,22.1
2026-06-02T23:06,Istanbul,93401,2026-06-03T21:00,OpenMeteo,0,21.9
2026-06-02T23:06,Istanbul,93401,2026-06-03T22:00,OpenMeteo,0,21.5
2026-06-02T23:06,Istanbul,93401,2026-06-03T23:00,OpenMeteo,0,21.0
2026-06-02T23:06,Izmir,93501,2026-06-03T00:00,MGM,A,20
2026-06-02T23:06,Izmir,93501,2026-06-03T03:00,MGM,A,19
2026-06-02T23:06,Izmir,93501,2026-06-03T06:00,MGM,A,25
2026-06-02T23:06,Izmir,93501,2026-06-03T09:00,MGM,AB,29
2026-06-02T23:06,Izmir,93501,2026-06-03T12:00,MGM,PB,33
2026-06-02T23:06,Izmir,93501,2026-06-03T15:00,MGM,PB,32
2026-06-02T23:06,Izmir,93501,2026-06-03T18:00,MGM,PB,25
2026-06-02T23:06,Izmir,93501,2026-06-03T21:00,MGM,AB,22
2026-06-02T23:06,Izmir,93501,2026-06-02T00:00,OpenMeteo,0,19.0
2026-06-02T23:06,Izmir,93501,2026-06-02T01:00,OpenMeteo,0,18.6
2026-06-02T23:06,Izmir,93501,2026-06-02T02:00,OpenMeteo,0,18.4
2026-06-02T23:06,Izmir,93501,2026-06-02T03:00,OpenMeteo,0,18.0
2026-06-02T23:06,Izmir,93501,2026-06-02T04:00,OpenMeteo,0,18.9
2026-06-02T23:06,Izmir,93501,2026-06-02T05:00,OpenMeteo,0,22.2
2026-06-02T23:06,Izmir,93501,2026-06-02T06:00,OpenMeteo,0,25.0
2026-06-02T23:06,Izmir,93501,2026-06-02T07:00,OpenMeteo,0,26.9
2026-06-02T23:06,Izmir,93501,2026-06-02T08:00,OpenMeteo,0,28.9
2026-06-02T23:06,Izmir,93501,2026-06-02T09:00,OpenMeteo,0,30.6
2026-06-02T23:06,Izmir,93501,2026-06-02T10:00,OpenMeteo,0,32.1
2026-06-02T23:06,Izmir,93501,2026-06-02T11:00,OpenMeteo,0,32.7
2026-06-02T23:06,Izmir,93501,2026-06-02T12:00,OpenMeteo,0,32.7
2026-06-02T23:06,Izmir,93501,2026-06-02T13:00,OpenMeteo,2,32.5
2026-06-02T23:06,Izmir,93501,2026-06-02T14:00,OpenMeteo,0,32.1
2026-06-02T23:06,Izmir,93501,2026-06-02T15:00,OpenMeteo,0,30.8
2026-06-02T23:06,Izmir,93501,2026-06-02T16:00,OpenMeteo,0,29.6
2026-06-02T23:06,Izmir,93501,2026-06-02T17:00,OpenMeteo,0,27.8
2026-06-02T23:06,Izmir,93501,2026-06-02T18:00,OpenMeteo,0,25.2
2026-06-02T23:06,Izmir,93501,2026-06-02T19:00,OpenMeteo,0,23.4
2026-06-02T23:06,Izmir,93501,2026-06-02T20:00,OpenMeteo,0,21.9
2026-06-02T23:06,Izmir,93501,2026-06-02T21:00,OpenMeteo,0,20.9
2026-06-02T23:06,Izmir,93501,2026-06-02T22:00,OpenMeteo,0,19.2
2026-06-02T23:06,Izmir,93501,2026-06-02T23:00,OpenMeteo,0,17.9
2026-06-02T23:06,Izmir,93501,2026-06-03T00:00,OpenMeteo,0,17.2
2026-06-02T23:06,Izmir,93501,2026-06-03T01:00,OpenMeteo,1,16.5
2026-06-02T23:06,Izmir,93501,2026-06-03T02:00,OpenMeteo,0,15.9
2026-06-02T23:06,Izmir,93501,2026-06-03T03:00,OpenMeteo,0,15.5
2026-06-02T23:06,Izmir,93501,2026-06-03T04:00,OpenMeteo,0,16.7
2026-06-02T23:06,Izmir,93501,2026-06-03T05:00,OpenMeteo,0,20.8
2026-06-02T23:06,Izmir,93501,2026-06-03T06:00,OpenMeteo,0,24.2
2026-06-02T23:06,Izmir,93501,2026-06-03T07:00,OpenMeteo,0,26.5
2026-06-02T23:06,Izmir,93501,2026-06-03T08:00,OpenMeteo,0,28.1
2026-06-02T23:06,Izmir,93501,2026-06-03T09:00,OpenMeteo,0,29.4
2026-06-02T23:06,Izmir,93501,2026-06-03T10:00,OpenMeteo,0,30.7
2026-06-02T23:06,Izmir,93501,2026-06-03T11:00,OpenMeteo,0,31.3
2026-06-02T23:06,Izmir,93501,2026-06-03T12:00,OpenMeteo,0,31.3
2026-06-02T23:06,Izmir,93501,2026-06-03T13:00,OpenMeteo,0,30.8
2026-06-02T23:06,Izmir,93501,2026-06-03T14:00,OpenMeteo,0,30.0
2026-06-02T23:06,Izmir,93501,2026-06-03T15:00,OpenMeteo,0,29.0
2026-06-02T23:06,Izmir,93501,2026-06-03T16:00,OpenMeteo,0,27.5
2026-06-02T23:06,Izmir,93501,2026-06-03T17:00,OpenMeteo,0,25.8
2026-06-02T23:06,Izmir,93501,2026-06-03T18:00,OpenMeteo,0,23.9
2026-06-02T23:06,Izmir,93501,2026-06-03T19:00,OpenMeteo,0,22.6
2026-06-02T23:06,Izmir,93501,2026-06-03T20:00,OpenMeteo,0,21.8
2026-06-02T23:06,Izmir,93501,2026-06-03T21:00,OpenMeteo,0,21.5
2026-06-02T23:06,Izmir,93501,2026-06-03T22:00,OpenMeteo,0,20.2
2026-06-02T23:06,Izmir,93501,2026-06-03T23:00,OpenMeteo,0,18.4
2026-06-02T23:06,Antalya,90701,2026-06-03T00:00,MGM,AB,21
2026-06-02T23:06,Antalya,90701,2026-06-03T03:00,MGM,AB,20
2026-06-02T23:06,Antalya,90701,2026-06-03T06:00,MGM,AB,22
2026-06-02T23:06,Antalya,90701,2026-06-03T09:00,MGM,AB,23
2026-06-02T23:06,Antalya,90701,2026-06-03T12:00,MGM,PB,24
2026-06-02T23:06,Antalya,90701,2026-06-03T15:00,MGM,PB,24
2026-06-02T23:06,Antalya,90701,2026-06-03T18:00,MGM,AB,23
2026-06-02T23:06,Antalya,90701,2026-06-03T21:00,MGM,AB,22
2026-06-02T23:06,Antalya,90701,2026-06-02T00:00,OpenMeteo,0,19.1
2026-06-02T23:06,Antalya,90701,2026-06-02T01:00,OpenMeteo,0,18.9
2026-06-02T23:06,Antalya,90701,2026-06-02T02:00,OpenMeteo,0,18.8
2026-06-02T23:06,Antalya,90701,2026-06-02T03:00,OpenMeteo,0,18.6
2026-06-02T23:06,Antalya,90701,2026-06-02T04:00,OpenMeteo,0,19.2
2026-06-02T23:06,Antalya,90701,2026-06-02T05:00,OpenMeteo,1,21.1
2026-06-02T23:06,Antalya,90701,2026-06-02T06:00,OpenMeteo,1,22.5
2026-06-02T23:06,Antalya,90701,2026-06-02T07:00,OpenMeteo,1,23.6
2026-06-02T23:06,Antalya,90701,2026-06-02T08:00,OpenMeteo,1,24.1
2026-06-02T23:06,Antalya,90701,2026-06-02T09:00,OpenMeteo,0,24.1
2026-06-02T23:06,Antalya,90701,2026-06-02T10:00,OpenMeteo,1,24.4
2026-06-02T23:06,Antalya,90701,2026-06-02T11:00,OpenMeteo,0,24.6
2026-06-02T23:06,Antalya,90701,2026-06-02T12:00,OpenMeteo,3,24.4
2026-06-02T23:06,Antalya,90701,2026-06-02T13:00,OpenMeteo,3,24.1
2026-06-02T23:06,Antalya,90701,2026-06-02T14:00,OpenMeteo,3,23.9
2026-06-02T23:06,Antalya,90701,2026-06-02T15:00,OpenMeteo,3,23.7
2026-06-02T23:06,Antalya,90701,2026-06-02T16:00,OpenMeteo,3,23.2
2026-06-02T23:06,Antalya,90701,2026-06-02T17:00,OpenMeteo,3,23.1
2026-06-02T23:06,Antalya,90701,2026-06-02T18:00,OpenMeteo,3,22.7
2026-06-02T23:06,Antalya,90701,2026-06-02T19:00,OpenMeteo,3,22.4
2026-06-02T23:06,Antalya,90701,2026-06-02T20:00,OpenMeteo,3,21.7
2026-06-02T23:06,Antalya,90701,2026-06-02T21:00,OpenMeteo,1,21.0
2026-06-02T23:06,Antalya,90701,2026-06-02T22:00,OpenMeteo,1,20.6
2026-06-02T23:06,Antalya,90701,2026-06-02T23:00,OpenMeteo,0,20.3
2026-06-02T23:06,Antalya,90701,2026-06-03T00:00,OpenMeteo,0,19.9
2026-06-02T23:06,Antalya,90701,2026-06-03T01:00,OpenMeteo,0,19.6
2026-06-02T23:06,Antalya,90701,2026-06-03T02:00,OpenMeteo,0,19.4
2026-06-02T23:06,Antalya,90701,2026-06-03T03:00,OpenMeteo,0,19.2
2026-06-02T23:06,Antalya,90701,2026-06-03T04:00,OpenMeteo,0,19.4
2026-06-02T23:06,Antalya,90701,2026-06-03T05:00,OpenMeteo,1,20.5
2026-06-02T23:06,Antalya,90701,2026-06-03T06:00,OpenMeteo,2,21.8
2026-06-02T23:06,Antalya,90701,2026-06-03T07:00,OpenMeteo,2,23.0
2026-06-02T23:06,Antalya,90701,2026-06-03T08:00,OpenMeteo,1,23.4
2026-06-02T23:06,Antalya,90701,2026-06-03T09:00,OpenMeteo,1,23.8
2026-06-02T23:06,Antalya,90701,2026-06-03T10:00,OpenMeteo,2,24.1
2026-06-02T23:06,Antalya,90701,2026-06-03T11:00,OpenMeteo,1,24.2
2026-06-02T23:06,Antalya,90701,2026-06-03T12:00,OpenMeteo,1,24.3
2026-06-02T23:06,Antalya,90701,2026-06-03T13:00,OpenMeteo,0,24.4
2026-06-02T23:06,Antalya,90701,2026-06-03T14:00,OpenMeteo,1,24.2
2026-06-02T23:06,Antalya,90701,2026-06-03T15:00,OpenMeteo,0,24.0
2026-06-02T23:06,Antalya,90701,2026-06-03T16:00,OpenMeteo,2,23.5
2026-06-02T23:06,Antalya,90701,2026-06-03T17:00,OpenMeteo,2,23.1
2026-06-02T23:06,Antalya,90701,2026-06-03T18:00,OpenMeteo,1,22.9
2026-06-02T23:06,Antalya,90701,2026-06-03T19:00,OpenMeteo,1,22.6
2026-06-02T23:06,Antalya,90701,2026-06-03T20:00,OpenMeteo,0,22.2
2026-06-02T23:06,Antalya,90701,2026-06-03T21:00,OpenMeteo,1,21.6
2026-06-02T23:06,Antalya,90701,2026-06-03T22:00,OpenMeteo,1,21.1
2026-06-02T23:06,Antalya,90701,2026-06-03T23:00,OpenMeteo,1,20.6
2026-06-02T23:06,Trabzon,96101,2026-06-03T00:00,MGM,AB,17
2026-06-02T23:06,Trabzon,96101,2026-06-03T03:00,MGM,AB,16
2026-06-02T23:06,Trabzon,96101,2026-06-03T06:00,MGM,PB,20
2026-06-02T23:06,Trabzon,96101,2026-06-03T09:00,MGM,PB,21
2026-06-02T23:06,Trabzon,96101,2026-06-03T12:00,MGM,CB,22
2026-06-02T23:06,Trabzon,96101,2026-06-03T15:00,MGM,CB,21
2026-06-02T23:06,Trabzon,96101,2026-06-03T18:00,MGM,PB,20
2026-06-02T23:06,Trabzon,96101,2026-06-03T21:00,MGM,PB,19
2026-06-02T23:06,Erzurum,92501,2026-06-03T00:00,MGM,CB,8
2026-06-02T23:06,Erzurum,92501,2026-06-03T03:00,MGM,CB,10
2026-06-02T23:06,Erzurum,92501,2026-06-03T06:00,MGM,CB,15
2026-06-02T23:06,Erzurum,92501,2026-06-03T09:00,MGM,GSY,18
2026-06-02T23:06,Erzurum,92501,2026-06-03T12:00,MGM,GSY,14
2026-06-02T23:06,Erzurum,92501,2026-06-03T15:00,MGM,GSY,14
2026-06-02T23:06,Erzurum,92501,2026-06-03T18:00,MGM,CB,11
2026-06-02T23:06,Erzurum,92501,2026-06-03T21:00,MGM,CB,9
2026-06-02T23:06,Gaziantep,92701,2026-06-03T00:00,MGM,PB,18
2026-06-02T23:06,Gaziantep,92701,2026-06-03T03:00,MGM,PB,17
2026-06-02T23:06,Gaziantep,92701,2026-06-03T06:00,MGM,PB,26
2026-06-02T23:06,Gaziantep,92701,2026-06-03T09:00,MGM,PB,29
2026-06-02T23:06,Gaziantep,92701,2026-06-03T12:00,MGM,CB,30
2026-06-02T23:06,Gaziantep,92701,2026-06-03T15:00,MGM,CB,27
2026-06-02T23:06,Gaziantep,92701,2026-06-03T18:00,MGM,PB,22
2026-06-02T23:06,Gaziantep,92701,2026-06-03T21:00,MGM,PB,19
2026-06-02T23:06,Gaziantep,92701,2026-06-02T00:00,OpenMeteo,0,18.4
2026-06-02T23:06,Gaziantep,92701,2026-06-02T01:00,OpenMeteo,0,18.3
2026-06-02T23:06,Gaziantep,92701,2026-06-02T02:00,OpenMeteo,0,18.0
2026-06-02T23:06,Gaziantep,92701,2026-06-02T03:00,OpenMeteo,0,18.1
2026-06-02T23:06,Gaziantep,92701,2026-06-02T04:00,OpenMeteo,0,19.7
2026-06-02T23:06,Gaziantep,92701,2026-06-02T05:00,OpenMeteo,0,21.7
2026-06-02T23:06,Gaziantep,92701,2026-06-02T06:00,OpenMeteo,0,23.9
2026-06-02T23:06,Gaziantep,92701,2026-06-02T07:00,OpenMeteo,0,25.6
2026-06-02T23:06,Gaziantep,92701,2026-06-02T08:00,OpenMeteo,0,26.9
2026-06-02T23:06,Gaziantep,92701,2026-06-02T09:00,OpenMeteo,0,27.6
2026-06-02T23:06,Gaziantep,92701,2026-06-02T10:00,OpenMeteo,1,28.5
2026-06-02T23:06,Gaziantep,92701,2026-06-02T11:00,OpenMeteo,1,29.1
2026-06-02T23:06,Gaziantep,92701,2026-06-02T12:00,OpenMeteo,1,29.5
2026-06-02T23:06,Gaziantep,92701,2026-06-02T13:00,OpenMeteo,1,29.5
2026-06-02T23:06,Gaziantep,92701,2026-06-02T14:00,OpenMeteo,1,29.2
2026-06-02T23:06,Gaziantep,92701,2026-06-02T15:00,OpenMeteo,2,28.6
2026-06-02T23:06,Gaziantep,92701,2026-06-02T16:00,OpenMeteo,2,27.4
2026-06-02T23:06,Gaziantep,92701,2026-06-02T17:00,OpenMeteo,1,25.5
2026-06-02T23:06,Gaziantep,92701,2026-06-02T18:00,OpenMeteo,1,24.0
2026-06-02T23:06,Gaziantep,92701,2026-06-02T19:00,OpenMeteo,1,22.6
2026-06-02T23:06,Gaziantep,92701,2026-06-02T20:00,OpenMeteo,1,21.4
2026-06-02T23:06,Gaziantep,92701,2026-06-02T21:00,OpenMeteo,1,20.8
2026-06-02T23:06,Gaziantep,92701,2026-06-02T22:00,OpenMeteo,1,20.3
2026-06-02T23:06,Gaziantep,92701,2026-06-02T23:00,OpenMeteo,0,19.7
2026-06-02T23:06,Gaziantep,92701,2026-06-03T00:00,OpenMeteo,0,18.9
2026-06-02T23:06,Gaziantep,92701,2026-06-03T01:00,OpenMeteo,2,18.2
2026-06-02T23:06,Gaziantep,92701,2026-06-03T02:00,OpenMeteo,2,17.9
2026-06-02T23:06,Gaziantep,92701,2026-06-03T03:00,OpenMeteo,3,18.1
2026-06-02T23:06,Gaziantep,92701,2026-06-03T04:00,OpenMeteo,2,19.5
2026-06-02T23:06,Gaziantep,92701,2026-06-03T05:00,OpenMeteo,2,21.4
2026-06-02T23:06,Gaziantep,92701,2026-06-03T06:00,OpenMeteo,2,23.5
2026-06-02T23:06,Gaziantep,92701,2026-06-03T07:00,OpenMeteo,2,25.2
2026-06-02T23:06,Gaziantep,92701,2026-06-03T08:00,OpenMeteo,2,26.7
2026-06-02T23:06,Gaziantep,92701,2026-06-03T09:00,OpenMeteo,2,27.7
2026-06-02T23:06,Gaziantep,92701,2026-06-03T10:00,OpenMeteo,2,28.3
2026-06-02T23:06,Gaziantep,92701,2026-06-03T11:00,OpenMeteo,0,28.7
2026-06-02T23:06,Gaziantep,92701,2026-06-03T12:00,OpenMeteo,2,28.1
2026-06-02T23:06,Gaziantep,92701,2026-06-03T13:00,OpenMeteo,0,27.2
2026-06-02T23:06,Gaziantep,92701,2026-06-03T14:00,OpenMeteo,0,27.1
2026-06-02T23:06,Gaziantep,92701,2026-06-03T15:00,OpenMeteo,0,26.0
2026-06-02T23:06,Gaziantep,92701,2026-06-03T16:00,OpenMeteo,0,24.5
2026-06-02T23:06,Gaziantep,92701,2026-06-03T17:00,OpenMeteo,0,22.6
2026-06-02T23:06,Gaziantep,92701,2026-06-03T18:00,OpenMeteo,0,21.2
2026-06-02T23:06,Gaziantep,92701,2026-06-03T19:00,OpenMeteo,0,20.3
2026-06-02T23:06,Gaziantep,92701,2026-06-03T20:00,OpenMeteo,0,19.9
2026-06-02T23:06,Gaziantep,92701,2026-06-03T21:00,OpenMeteo,0,19.6
2026-06-02T23:06,Gaziantep,92701,2026-06-03T22:00,OpenMeteo,0,19.3
2026-06-02T23:06,Gaziantep,92701,2026-06-03T23:00,OpenMeteo,0,19.0
2026-06-03T04:51,Istanbul,93401,2026-06-03T06:00,MGM,PB,24
2026-06-03T04:51,Istanbul,93401,2026-06-03T09:00,MGM,AB,25
2026-06-03T04:51,Istanbul,93401,2026-06-03T12:00,MGM,PB,28
2026-06-03T04:51,Istanbul,93401,2026-06-03T15:00,MGM,PB,29
2026-06-03T04:51,Istanbul,93401,2026-06-03T18:00,MGM,PB,25
2026-06-03T04:51,Istanbul,93401,2026-06-03T21:00,MGM,PB,23
2026-06-03T04:51,Istanbul,93401,2026-06-03T00:00,OpenMeteo,3,20.4
2026-06-03T04:51,Istanbul,93401,2026-06-03T01:00,OpenMeteo,3,20.1
2026-06-03T04:51,Istanbul,93401,2026-06-03T02:00,OpenMeteo,3,19.8
2026-06-03T04:51,Istanbul,93401,2026-06-03T03:00,OpenMeteo,3,19.8
2026-06-03T04:51,Istanbul,93401,2026-06-03T04:00,OpenMeteo,3,20.2
2026-06-03T04:51,Istanbul,93401,2026-06-03T05:00,OpenMeteo,3,21.6
2026-06-03T04:51,Istanbul,93401,2026-06-03T06:00,OpenMeteo,3,22.7
2026-06-03T04:51,Istanbul,93401,2026-06-03T07:00,OpenMeteo,3,23.6
2026-06-03T04:51,Istanbul,93401,2026-06-03T08:00,OpenMeteo,3,23.9
2026-06-03T04:51,Istanbul,93401,2026-06-03T09:00,OpenMeteo,2,25.0
2026-06-03T04:51,Istanbul,93401,2026-06-03T10:00,OpenMeteo,2,25.6
2026-06-03T04:51,Istanbul,93401,2026-06-03T11:00,OpenMeteo,2,26.4
2026-06-03T04:51,Istanbul,93401,2026-06-03T12:00,OpenMeteo,3,27.0
2026-06-03T04:51,Istanbul,93401,2026-06-03T13:00,OpenMeteo,1,27.5
2026-06-03T04:51,Istanbul,93401,2026-06-03T14:00,OpenMeteo,0,27.8
2026-06-03T04:51,Istanbul,93401,2026-06-03T15:00,OpenMeteo,2,27.3
2026-06-03T04:51,Istanbul,93401,2026-06-03T16:00,OpenMeteo,1,25.9
2026-06-03T04:51,Istanbul,93401,2026-06-03T17:00,OpenMeteo,0,24.7
2026-06-03T04:51,Istanbul,93401,2026-06-03T18:00,OpenMeteo,0,23.7
2026-06-03T04:51,Istanbul,93401,2026-06-03T19:00,OpenMeteo,1,22.9
2026-06-03T04:51,Istanbul,93401,2026-06-03T20:00,OpenMeteo,1,22.2
2026-06-03T04:51,Istanbul,93401,2026-06-03T21:00,OpenMeteo,0,21.7
2026-06-03T04:51,Istanbul,93401,2026-06-03T22:00,OpenMeteo,0,21.3
2026-06-03T04:51,Istanbul,93401,2026-06-03T23:00,OpenMeteo,0,21.1
2026-06-03T04:51,Istanbul,93401,2026-06-04T00:00,OpenMeteo,1,20.6
2026-06-03T04:51,Istanbul,93401,2026-06-04T01:00,OpenMeteo,0,20.0
2026-06-03T04:51,Istanbul,93401,2026-06-04T02:00,OpenMeteo,0,19.8
2026-06-03T04:51,Istanbul,93401,2026-06-04T03:00,OpenMeteo,1,19.4
2026-06-03T04:51,Istanbul,93401,2026-06-04T04:00,OpenMeteo,1,19.9
2026-06-03T04:51,Istanbul,93401,2026-06-04T05:00,OpenMeteo,3,21.9
2026-06-03T04:51,Istanbul,93401,2026-06-04T06:00,OpenMeteo,3,23.2
2026-06-03T04:51,Istanbul,93401,2026-06-04T07:00,OpenMeteo,3,24.1
2026-06-03T04:51,Istanbul,93401,2026-06-04T08:00,OpenMeteo,0,25.1
2026-06-03T04:51,Istanbul,93401,2026-06-04T09:00,OpenMeteo,3,26.0
2026-06-03T04:51,Istanbul,93401,2026-06-04T10:00,OpenMeteo,3,26.8
2026-06-03T04:51,Istanbul,93401,2026-06-04T11:00,OpenMeteo,1,27.9
2026-06-03T04:51,Istanbul,93401,2026-06-04T12:00,OpenMeteo,0,28.8
2026-06-03T04:51,Istanbul,93401,2026-06-04T13:00,OpenMeteo,0,29.5
2026-06-03T04:51,Istanbul,93401,2026-06-04T14:00,OpenMeteo,0,30.3
2026-06-03T04:51,Istanbul,93401,2026-06-04T15:00,OpenMeteo,3,30.4
2026-06-03T04:51,Istanbul,93401,2026-06-04T16:00,OpenMeteo,3,29.3
2026-06-03T04:51,Istanbul,93401,2026-06-04T17:00,OpenMeteo,2,27.6
2026-06-03T04:51,Istanbul,93401,2026-06-04T18:00,OpenMeteo,3,25.6
2026-06-03T04:51,Istanbul,93401,2026-06-04T19:00,OpenMeteo,3,23.7
2026-06-03T04:51,Istanbul,93401,2026-06-04T20:00,OpenMeteo,3,22.7
2026-06-03T04:51,Istanbul,93401,2026-06-04T21:00,OpenMeteo,1,21.6
2026-06-03T04:51,Istanbul,93401,2026-06-04T22:00,OpenMeteo,1,20.9
2026-06-03T04:51,Istanbul,93401,2026-06-04T23:00,OpenMeteo,1,20.5
2026-06-03T04:51,Izmir,93501,2026-06-03T06:00,MGM,A,25
2026-06-03T04:51,Izmir,93501,2026-06-03T09:00,MGM,AB,29
2026-06-03T04:51,Izmir,93501,2026-06-03T12:00,MGM,PB,33
2026-06-03T04:51,Izmir,93501,2026-06-03T15:00,MGM,PB,32
2026-06-03T04:51,Izmir,93501,2026-06-03T18:00,MGM,PB,25
2026-06-03T04:51,Izmir,93501,2026-06-03T21:00,MGM,AB,22
2026-06-03T04:51,Izmir,93501,2026-06-03T00:00,OpenMeteo,0,18.6
2026-06-03T04:51,Izmir,93501,2026-06-03T01:00,OpenMeteo,1,17.7
2026-06-03T04:51,Izmir,93501,2026-06-03T02:00,OpenMeteo,1,16.7
2026-06-03T04:51,Izmir,93501,2026-06-03T03:00,OpenMeteo,0,15.9
2026-06-03T04:51,Izmir,93501,2026-06-03T04:00,OpenMeteo,0,16.8
2026-06-03T04:51,Izmir,93501,2026-06-03T05:00,OpenMeteo,0,20.9
2026-06-03T04:51,Izmir,93501,2026-06-03T06:00,OpenMeteo,0,24.3
2026-06-03T04:51,Izmir,93501,2026-06-03T07:00,OpenMeteo,0,26.4
2026-06-03T04:51,Izmir,93501,2026-06-03T08:00,OpenMeteo,0,27.9
2026-06-03T04:51,Izmir,93501,2026-06-03T09:00,OpenMeteo,0,29.2
2026-06-03T04:51,Izmir,93501,2026-06-03T10:00,OpenMeteo,0,30.5
2026-06-03T04:51,Izmir,93501,2026-06-03T11:00,OpenMeteo,0,31.0
2026-06-03T04:51,Izmir,93501,2026-06-03T12:00,OpenMeteo,0,30.9
2026-06-03T04:51,Izmir,93501,2026-06-03T13:00,OpenMeteo,0,30.5
2026-06-03T04:51,Izmir,93501,2026-06-03T14:00,OpenMeteo,0,29.8
2026-06-03T04:51,Izmir,93501,2026-06-03T15:00,OpenMeteo,0,28.8
2026-06-03T04:51,Izmir,93501,2026-06-03T16:00,OpenMeteo,0,27.5
2026-06-03T04:51,Izmir,93501,2026-06-03T17:00,OpenMeteo,0,25.8
2026-06-03T04:51,Izmir,93501,2026-06-03T18:00,OpenMeteo,0,23.9
2026-06-03T04:51,Izmir,93501,2026-06-03T19:00,OpenMeteo,0,22.7
2026-06-03T04:51,Izmir,93501,2026-06-03T20:00,OpenMeteo,0,21.9
2026-06-03T04:51,Izmir,93501,2026-06-03T21:00,OpenMeteo,0,21.6
2026-06-03T04:51,Izmir,93501,2026-06-03T22:00,OpenMeteo,0,20.5
2026-06-03T04:51,Izmir,93501,2026-06-03T23:00,OpenMeteo,0,18.6
2026-06-03T04:51,Izmir,93501,2026-06-04T00:00,OpenMeteo,0,17.7
2026-06-03T04:51,Izmir,93501,2026-06-04T01:00,OpenMeteo,0,17.2
2026-06-03T04:51,Izmir,93501,2026-06-04T02:00,OpenMeteo,0,16.8
2026-06-03T04:51,Izmir,93501,2026-06-04T03:00,OpenMeteo,0,16.3
2026-06-03T04:51,Izmir,93501,2026-06-04T04:00,OpenMeteo,0,17.2
2026-06-03T04:51,Izmir,93501,2026-06-04T05:00,OpenMeteo,2,21.3
2026-06-03T04:51,Izmir,93501,2026-06-04T06:00,OpenMeteo,0,23.8
2026-06-03T04:51,Izmir,93501,2026-06-04T07:00,OpenMeteo,0,26.1
2026-06-03T04:51,Izmir,93501,2026-06-04T08:00,OpenMeteo,0,28.0
2026-06-03T04:51,Izmir,93501,2026-06-04T09:00,OpenMeteo,0,29.4
2026-06-03T04:51,Izmir,93501,2026-06-04T10:00,OpenMeteo,0,30.6
2026-06-03T04:51,Izmir,93501,2026-06-04T11:00,OpenMeteo,0,31.4
2026-06-03T04:51,Izmir,93501,2026-06-04T12:00,OpenMeteo,1,31.7
2026-06-03T04:51,Izmir,93501,2026-06-04T13:00,OpenMeteo,1,31.3
2026-06-03T04:51,Izmir,93501,2026-06-04T14:00,OpenMeteo,3,30.4
2026-06-03T04:51,Izmir,93501,2026-06-04T15:00,OpenMeteo,3,28.6
2026-06-03T04:51,Izmir,93501,2026-06-04T16:00,OpenMeteo,3,27.0
2026-06-03T04:51,Izmir,93501,2026-06-04T17:00,OpenMeteo,3,25.4
2026-06-03T04:51,Izmir,93501,2026-06-04T18:00,OpenMeteo,3,24.1
2026-06-03T04:51,Izmir,93501,2026-06-04T19:00,OpenMeteo,3,23.5
2026-06-03T04:51,Izmir,93501,2026-06-04T20:00,OpenMeteo,3,22.9
2026-06-03T04:51,Izmir,93501,2026-06-04T21:00,OpenMeteo,1,22.6
2026-06-03T04:51,Izmir,93501,2026-06-04T22:00,OpenMeteo,2,22.0
2026-06-03T04:51,Izmir,93501,2026-06-04T23:00,OpenMeteo,2,20.0
2026-06-03T04:51,Antalya,90701,2026-06-03T06:00,MGM,AB,22
2026-06-03T04:51,Antalya,90701,2026-06-03T09:00,MGM,AB,23
2026-06-03T04:51,Antalya,90701,2026-06-03T12:00,MGM,PB,24
2026-06-03T04:51,Antalya,90701,2026-06-03T15:00,MGM,PB,24
2026-06-03T04:51,Antalya,90701,2026-06-03T18:00,MGM,AB,23
2026-06-03T04:51,Antalya,90701,2026-06-03T21:00,MGM,AB,22
2026-06-03T04:51,Antalya,90701,2026-06-03T00:00,OpenMeteo,0,19.8
2026-06-03T04:51,Antalya,90701,2026-06-03T01:00,OpenMeteo,0,19.6
2026-06-03T04:51,Antalya,90701,2026-06-03T02:00,OpenMeteo,0,19.5
2026-06-03T04:51,Antalya,90701,2026-06-03T03:00,OpenMeteo,0,19.3
2026-06-03T04:51,Antalya,90701,2026-06-03T04:00,OpenMeteo,1,19.6
2026-06-03T04:51,Antalya,90701,2026-06-03T05:00,OpenMeteo,1,20.6
2026-06-03T04:51,Antalya,90701,2026-06-03T06:00,OpenMeteo,2,21.9
2026-06-03T04:51,Antalya,90701,2026-06-03T07:00,OpenMeteo,1,22.9
2026-06-03T04:51,Antalya,90701,2026-06-03T08:00,OpenMeteo,2,23.4
2026-06-03T04:51,Antalya,90701,2026-06-03T09:00,OpenMeteo,1,23.7
2026-06-03T04:51,Antalya,90701,2026-06-03T10:00,OpenMeteo,1,24.1
2026-06-03T04:51,Antalya,90701,2026-06-03T11:00,OpenMeteo,2,24.3
2026-06-03T04:51,Antalya,90701,2026-06-03T12:00,OpenMeteo,0,24.4
2026-06-03T04:51,Antalya,90701,2026-06-03T13:00,OpenMeteo,1,24.6
2026-06-03T04:51,Antalya,90701,2026-06-03T14:00,OpenMeteo,1,24.4
2026-06-03T04:51,Antalya,90701,2026-06-03T15:00,OpenMeteo,1,24.1
2026-06-03T04:51,Antalya,90701,2026-06-03T16:00,OpenMeteo,1,23.5
2026-06-03T04:51,Antalya,90701,2026-06-03T17:00,OpenMeteo,2,23.2
2026-06-03T04:51,Antalya,90701,2026-06-03T18:00,OpenMeteo,2,23.0
2026-06-03T04:51,Antalya,90701,2026-06-03T19:00,OpenMeteo,2,22.6
2026-06-03T04:51,Antalya,90701,2026-06-03T20:00,OpenMeteo,1,22.0
2026-06-03T04:51,Antalya,90701,2026-06-03T21:00,OpenMeteo,1,21.5
2026-06-03T04:51,Antalya,90701,2026-06-03T22:00,OpenMeteo,1,20.9
2026-06-03T04:51,Antalya,90701,2026-06-03T23:00,OpenMeteo,1,20.4
2026-06-03T04:51,Antalya,90701,2026-06-04T00:00,OpenMeteo,1,20.0
2026-06-03T04:51,Antalya,90701,2026-06-04T01:00,OpenMeteo,1,19.7
2026-06-03T04:51,Antalya,90701,2026-06-04T02:00,OpenMeteo,1,19.4
2026-06-03T04:51,Antalya,90701,2026-06-04T03:00,OpenMeteo,1,19.4
2026-06-03T04:51,Antalya,90701,2026-06-04T04:00,OpenMeteo,1,19.8
2026-06-03T04:51,Antalya,90701,2026-06-04T05:00,OpenMeteo,0,20.9
2026-06-03T04:51,Antalya,90701,2026-06-04T06:00,OpenMeteo,1,22.2
2026-06-03T04:51,Antalya,90701,2026-06-04T07:00,OpenMeteo,2,23.1
2026-06-03T04:51,Antalya,90701,2026-06-04T08:00,OpenMeteo,2,23.6
2026-06-03T04:51,Antalya,90701,2026-06-04T09:00,OpenMeteo,2,24.0
2026-06-03T04:51,Antalya,90701,2026-06-04T10:00,OpenMeteo,1,24.6
2026-06-03T04:51,Antalya,90701,2026-06-04T11:00,OpenMeteo,1,24.7
2026-06-03T04:51,Antalya,90701,2026-06-04T12:00,OpenMeteo,1,24.8
2026-06-03T04:51,Antalya,90701,2026-06-04T13:00,OpenMeteo,1,24.5
2026-06-03T04:51,Antalya,90701,2026-06-04T14:00,OpenMeteo,3,24.2
2026-06-03T04:51,Antalya,90701,2026-06-04T15:00,OpenMeteo,2,23.8
2026-06-03T04:51,Antalya,90701,2026-06-04T16:00,OpenMeteo,2,23.5
2026-06-03T04:51,Antalya,90701,2026-06-04T17:00,OpenMeteo,2,23.0
2026-06-03T04:51,Antalya,90701,2026-06-04T18:00,OpenMeteo,2,22.7
2026-06-03T04:51,Antalya,90701,2026-06-04T19:00,OpenMeteo,1,22.3
2026-06-03T04:51,Antalya,90701,2026-06-04T20:00,OpenMeteo,0,21.8
2026-06-03T04:51,Antalya,90701,2026-06-04T21:00,OpenMeteo,0,21.2
2026-06-03T04:51,Antalya,90701,2026-06-04T22:00,OpenMeteo,0,20.6
2026-06-03T04:51,Antalya,90701,2026-06-04T23:00,OpenMeteo,0,20.1
2026-06-03T04:51,Trabzon,96101,2026-06-03T06:00,MGM,PB,20
2026-06-03T04:51,Trabzon,96101,2026-06-03T09:00,MGM,PB,21
2026-06-03T04:51,Trabzon,96101,2026-06-03T12:00,MGM,CB,22
2026-06-03T04:51,Trabzon,96101,2026-06-03T15:00,MGM,CB,21
2026-06-03T04:51,Trabzon,96101,2026-06-03T18:00,MGM,PB,20
2026-06-03T04:51,Trabzon,96101,2026-06-03T21:00,MGM,PB,19
2026-06-03T04:51,Erzurum,92501,2026-06-03T06:00,MGM,CB,15
2026-06-03T04:51,Erzurum,92501,2026-06-03T09:00,MGM,GSY,18
2026-06-03T04:51,Erzurum,92501,2026-06-03T12:00,MGM,GSY,14
2026-06-03T04:51,Erzurum,92501,2026-06-03T15:00,MGM,GSY,14
2026-06-03T04:51,Erzurum,92501,2026-06-03T18:00,MGM,CB,11
2026-06-03T04:51,Erzurum,92501,2026-06-03T21:00,MGM,CB,9
2026-06-03T04:51,Gaziantep,92701,2026-06-03T06:00,MGM,PB,26
2026-06-03T04:51,Gaziantep,92701,2026-06-03T09:00,MGM,PB,29
2026-06-03T04:51,Gaziantep,92701,2026-06-03T12:00,MGM,CB,30
2026-06-03T04:51,Gaziantep,92701,2026-06-03T15:00,MGM,CB,27
2026-06-03T04:51,Gaziantep,92701,2026-06-03T18:00,MGM,PB,22
2026-06-03T04:51,Gaziantep,92701,2026-06-03T21:00,MGM,PB,19
2026-06-03T04:51,Gaziantep,92701,2026-06-03T00:00,OpenMeteo,2,19.1
2026-06-03T04:51,Gaziantep,92701,2026-06-03T01:00,OpenMeteo,2,18.6
2026-06-03T04:51,Gaziantep,92701,2026-06-03T02:00,OpenMeteo,2,17.8
2026-06-03T04:51,Gaziantep,92701,2026-06-03T03:00,OpenMeteo,2,18.4
2026-06-03T04:51,Gaziantep,92701,2026-06-03T04:00,OpenMeteo,2,19.6
2026-06-03T04:51,Gaziantep,92701,2026-06-03T05:00,OpenMeteo,2,21.1
2026-06-03T04:51,Gaziantep,92701,2026-06-03T06:00,OpenMeteo,2,23.2
2026-06-03T04:51,Gaziantep,92701,2026-06-03T07:00,OpenMeteo,2,25.3
2026-06-03T04:51,Gaziantep,92701,2026-06-03T08:00,OpenMeteo,2,26.8
2026-06-03T04:51,Gaziantep,92701,2026-06-03T09:00,OpenMeteo,3,27.7
2026-06-03T04:51,Gaziantep,92701,2026-06-03T10:00,OpenMeteo,1,28.2
2026-06-03T04:51,Gaziantep,92701,2026-06-03T11:00,OpenMeteo,0,28.3
2026-06-03T04:51,Gaziantep,92701,2026-06-03T12:00,OpenMeteo,1,27.7
2026-06-03T04:51,Gaziantep,92701,2026-06-03T13:00,OpenMeteo,0,27.3
2026-06-03T04:51,Gaziantep,92701,2026-06-03T14:00,OpenMeteo,2,27.2
2026-06-03T04:51,Gaziantep,92701,2026-06-03T15:00,OpenMeteo,0,26.2
2026-06-03T04:51,Gaziantep,92701,2026-06-03T16:00,OpenMeteo,0,24.5
2026-06-03T04:51,Gaziantep,92701,2026-06-03T17:00,OpenMeteo,0,22.6
2026-06-03T04:51,Gaziantep,92701,2026-06-03T18:00,OpenMeteo,0,21.2
2026-06-03T04:51,Gaziantep,92701,2026-06-03T19:00,OpenMeteo,0,20.2
2026-06-03T04:51,Gaziantep,92701,2026-06-03T20:00,OpenMeteo,0,19.7
2026-06-03T04:51,Gaziantep,92701,2026-06-03T21:00,OpenMeteo,0,19.6
2026-06-03T04:51,Gaziantep,92701,2026-06-03T22:00,OpenMeteo,0,19.4
2026-06-03T04:51,Gaziantep,92701,2026-06-03T23:00,OpenMeteo,0,18.9
2026-06-03T04:51,Gaziantep,92701,2026-06-04T00:00,OpenMeteo,0,18.7
2026-06-03T04:51,Gaziantep,92701,2026-06-04T01:00,OpenMeteo,0,18.5
2026-06-03T04:51,Gaziantep,92701,2026-06-04T02:00,OpenMeteo,0,18.3
2026-06-03T04:51,Gaziantep,92701,2026-06-04T03:00,OpenMeteo,0,18.3
2026-06-03T04:51,Gaziantep,92701,2026-06-04T04:00,OpenMeteo,0,19.6
2026-06-03T04:51,Gaziantep,92701,2026-06-04T05:00,OpenMeteo,0,21.7
2026-06-03T04:51,Gaziantep,92701,2026-06-04T06:00,OpenMeteo,0,23.6
2026-06-03T04:51,Gaziantep,92701,2026-06-04T07:00,OpenMeteo,0,25.5
2026-06-03T04:51,Gaziantep,92701,2026-06-04T08:00,OpenMeteo,0,27.2
2026-06-03T04:51,Gaziantep,92701,2026-06-04T09:00,OpenMeteo,0,28.3
2026-06-03T04:51,Gaziantep,92701,2026-06-04T10:00,OpenMeteo,2,28.9
2026-06-03T04:51,Gaziantep,92701,2026-06-04T11:00,OpenMeteo,2,29.0
2026-06-03T04:51,Gaziantep,92701,2026-06-04T12:00,OpenMeteo,2,28.9
2026-06-03T04:51,Gaziantep,92701,2026-06-04T13:00,OpenMeteo,3,28.2
2026-06-03T04:51,Gaziantep,92701,2026-06-04T14:00,OpenMeteo,80,27.3
2026-06-03T04:51,Gaziantep,92701,2026-06-04T15:00,OpenMeteo,2,26.9
2026-06-03T04:51,Gaziantep,92701,2026-06-04T16:00,OpenMeteo,0,25.5
2026-06-03T04:51,Gaziantep,92701,2026-06-04T17:00,OpenMeteo,0,23.6
2026-06-03T04:51,Gaziantep,92701,2026-06-04T18:00,OpenMeteo,0,22.0
2026-06-03T04:51,Gaziantep,92701,2026-06-04T19:00,OpenMeteo,0,21.3
2026-06-03T04:51,Gaziantep,92701,2026-06-04T20:00,OpenMeteo,0,20.7
2026-06-03T04:51,Gaziantep,92701,2026-06-04T21:00,OpenMeteo,0,20.1
2026-06-03T04:51,Gaziantep,92701,2026-06-04T22:00,OpenMeteo,0,19.5
2026-06-03T04:51,Gaziantep,92701,2026-06-04T23:00,OpenMeteo,0,19.1
2026-06-03T11:12,Istanbul,93401,2026-06-03T12:00,MGM,PB,29
2026-06-03T11:12,Istanbul,93401,2026-06-03T15:00,MGM,PB,28
2026-06-03T11:12,Istanbul,93401,2026-06-03T18:00,MGM,PB,24
2026-06-03T11:12,Istanbul,93401,2026-06-03T21:00,MGM,PB,22
2026-06-03T11:12,Istanbul,93401,2026-06-04T00:00,MGM,AB,21
2026-06-03T11:12,Istanbul,93401,2026-06-04T03:00,MGM,AB,20
2026-06-03T11:12,Istanbul,93401,2026-06-04T06:00,MGM,AB,23
2026-06-03T11:12,Istanbul,93401,2026-06-04T09:00,MGM,AB,26
2026-06-03T11:12,Istanbul,93401,2026-06-04T12:00,MGM,AB,30
2026-06-03T11:12,Istanbul,93401,2026-06-04T15:00,MGM,AB,32
2026-06-03T11:12,Istanbul,93401,2026-06-04T18:00,MGM,AB,26
2026-06-03T11:12,Istanbul,93401,2026-06-04T21:00,MGM,AB,24
2026-06-03T11:12,Istanbul,93401,2026-06-03T00:00,OpenMeteo,3,20.4
2026-06-03T11:12,Istanbul,93401,2026-06-03T01:00,OpenMeteo,3,20.1
2026-06-03T11:12,Istanbul,93401,2026-06-03T02:00,OpenMeteo,3,19.8
2026-06-03T11:12,Istanbul,93401,2026-06-03T03:00,OpenMeteo,3,20.1
2026-06-03T11:12,Istanbul,93401,2026-06-03T04:00,OpenMeteo,3,20.3
2026-06-03T11:12,Istanbul,93401,2026-06-03T05:00,OpenMeteo,3,21.9
2026-06-03T11:12,Istanbul,93401,2026-06-03T06:00,OpenMeteo,3,23.1
2026-06-03T11:12,Istanbul,93401,2026-06-03T07:00,OpenMeteo,3,23.8
2026-06-03T11:12,Istanbul,93401,2026-06-03T08:00,OpenMeteo,3,24.7
2026-06-03T11:12,Istanbul,93401,2026-06-03T09:00,OpenMeteo,1,25.7
2026-06-03T11:12,Istanbul,93401,2026-06-03T10:00,OpenMeteo,1,26.6
2026-06-03T11:12,Istanbul,93401,2026-06-03T11:00,OpenMeteo,3,27.4
2026-06-03T11:12,Istanbul,93401,2026-06-03T12:00,OpenMeteo,3,27.9
2026-06-03T11:12,Istanbul,93401,2026-06-03T13:00,OpenMeteo,2,28.1
2026-06-03T11:12,Istanbul,93401,2026-06-03T14:00,OpenMeteo,1,28.5
2026-06-03T11:12,Istanbul,93401,2026-06-03T15:00,OpenMeteo,3,28.5
2026-06-03T11:12,Istanbul,93401,2026-06-03T16:00,OpenMeteo,2,27.5
2026-06-03T11:12,Istanbul,93401,2026-06-03T17:00,OpenMeteo,0,25.5
2026-06-03T11:12,Istanbul,93401,2026-06-03T18:00,OpenMeteo,1,23.6
2026-06-03T11:12,Istanbul,93401,2026-06-03T19:00,OpenMeteo,1,22.6
2026-06-03T11:12,Istanbul,93401,2026-06-03T20:00,OpenMeteo,1,21.9
2026-06-03T11:12,Istanbul,93401,2026-06-03T21:00,OpenMeteo,1,21.9
2026-06-03T11:12,Istanbul,93401,2026-06-03T22:00,OpenMeteo,1,21.8
2026-06-03T11:12,Istanbul,93401,2026-06-03T23:00,OpenMeteo,0,21.4
2026-06-03T11:12,Istanbul,93401,2026-06-04T00:00,OpenMeteo,0,20.7
2026-06-03T11:12,Istanbul,93401,2026-06-04T01:00,OpenMeteo,0,20.2
2026-06-03T11:12,Istanbul,93401,2026-06-04T02:00,OpenMeteo,0,20.0
2026-06-03T11:12,Istanbul,93401,2026-06-04T03:00,OpenMeteo,0,19.7
2026-06-03T11:12,Istanbul,93401,2026-06-04T04:00,OpenMeteo,0,20.2
2026-06-03T11:12,Istanbul,93401,2026-06-04T05:00,OpenMeteo,0,22.2
2026-06-03T11:12,Istanbul,93401,2026-06-04T06:00,OpenMeteo,2,23.6
2026-06-03T11:12,Istanbul,93401,2026-06-04T07:00,OpenMeteo,1,24.6
2026-06-03T11:12,Istanbul,93401,2026-06-04T08:00,OpenMeteo,0,25.4
2026-06-03T11:12,Istanbul,93401,2026-06-04T09:00,OpenMeteo,3,26.4
2026-06-03T11:12,Istanbul,93401,2026-06-04T10:00,OpenMeteo,0,27.3
2026-06-03T11:12,Istanbul,93401,2026-06-04T11:00,OpenMeteo,0,28.3
2026-06-03T11:12,Istanbul,93401,2026-06-04T12:00,OpenMeteo,0,29.1
2026-06-03T11:12,Istanbul,93401,2026-06-04T13:00,OpenMeteo,0,29.8
2026-06-03T11:12,Istanbul,93401,2026-06-04T14:00,OpenMeteo,1,30.4
2026-06-03T11:12,Istanbul,93401,2026-06-04T15:00,OpenMeteo,1,30.7
2026-06-03T11:12,Istanbul,93401,2026-06-04T16:00,OpenMeteo,3,29.8
2026-06-03T11:12,Istanbul,93401,2026-06-04T17:00,OpenMeteo,1,27.9
2026-06-03T11:12,Istanbul,93401,2026-06-04T18:00,OpenMeteo,2,25.8
2026-06-03T11:12,Istanbul,93401,2026-06-04T19:00,OpenMeteo,2,24.7
2026-06-03T11:12,Istanbul,93401,2026-06-04T20:00,OpenMeteo,1,23.3
2026-06-03T11:12,Istanbul,93401,2026-06-04T21:00,OpenMeteo,1,22.7
2026-06-03T11:12,Istanbul,93401,2026-06-04T22:00,OpenMeteo,1,21.9
2026-06-03T11:12,Istanbul,93401,2026-06-04T23:00,OpenMeteo,2,21.0
2026-06-03T11:12,Izmir,93501,2026-06-03T12:00,MGM,AB,33
2026-06-03T11:12,Izmir,93501,2026-06-03T15:00,MGM,AB,29
2026-06-03T11:12,Izmir,93501,2026-06-03T18:00,MGM,AB,24
2026-06-03T11:12,Izmir,93501,2026-06-03T21:00,MGM,AB,21
2026-06-03T11:12,Izmir,93501,2026-06-04T00:00,MGM,AB,19
2026-06-03T11:12,Izmir,93501,2026-06-04T03:00,MGM,AB,18
2026-06-03T11:12,Izmir,93501,2026-06-04T06:00,MGM,AB,24
2026-06-03T11:12,Izmir,93501,2026-06-04T09:00,MGM,AB,29
2026-06-03T11:12,Izmir,93501,2026-06-04T12:00,MGM,AB,31
2026-06-03T11:12,Izmir,93501,2026-06-04T15:00,MGM,AB,28
2026-06-03T11:12,Izmir,93501,2026-06-04T18:00,MGM,AB,23
2026-06-03T11:12,Izmir,93501,2026-06-04T21:00,MGM,AB,21
2026-06-03T11:12,Izmir,93501,2026-06-03T00:00,OpenMeteo,0,18.6
2026-06-03T11:12,Izmir,93501,2026-06-03T01:00,OpenMeteo,1,17.7
2026-06-03T11:12,Izmir,93501,2026-06-03T02:00,OpenMeteo,1,16.7
2026-06-03T11:12,Izmir,93501,2026-06-03T03:00,OpenMeteo,0,16.6
2026-06-03T11:12,Izmir,93501,2026-06-03T04:00,OpenMeteo,0,17.5
2026-06-03T11:12,Izmir,93501,2026-06-03T05:00,OpenMeteo,0,21.3
2026-06-03T11:12,Izmir,93501,2026-06-03T06:00,OpenMeteo,0,24.7
2026-06-03T11:12,Izmir,93501,2026-06-03T07:00,OpenMeteo,0,26.7
2026-06-03T11:12,Izmir,93501,2026-06-03T08:00,OpenMeteo,0,28.1
2026-06-03T11:12,Izmir,93501,2026-06-03T09:00,OpenMeteo,0,29.4
2026-06-03T11:12,Izmir,93501,2026-06-03T10:00,OpenMeteo,0,30.7
2026-06-03T11:12,Izmir,93501,2026-06-03T11:00,OpenMeteo,0,31.2
2026-06-03T11:12,Izmir,93501,2026-06-03T12:00,OpenMeteo,0,31.0
2026-06-03T11:12,Izmir,93501,2026-06-03T13:00,OpenMeteo,0,30.7
2026-06-03T11:12,Izmir,93501,2026-06-03T14:00,OpenMeteo,0,30.0
2026-06-03T11:12,Izmir,93501,2026-06-03T15:00,OpenMeteo,0,29.1
2026-06-03T11:12,Izmir,93501,2026-06-03T16:00,OpenMeteo,0,27.8
2026-06-03T11:12,Izmir,93501,2026-06-03T17:00,OpenMeteo,0,26.2
2026-06-03T11:12,Izmir,93501,2026-06-03T18:00,OpenMeteo,0,24.3
2026-06-03T11:12,Izmir,93501,2026-06-03T19:00,OpenMeteo,0,23.0
2026-06-03T11:12,Izmir,93501,2026-06-03T20:00,OpenMeteo,0,22.4
2026-06-03T11:12,Izmir,93501,2026-06-03T21:00,OpenMeteo,0,22.0
2026-06-03T11:12,Izmir,93501,2026-06-03T22:00,OpenMeteo,0,20.9
2026-06-03T11:12,Izmir,93501,2026-06-03T23:00,OpenMeteo,0,18.9
2026-06-03T11:12,Izmir,93501,2026-06-04T00:00,OpenMeteo,0,17.8
2026-06-03T11:12,Izmir,93501,2026-06-04T01:00,OpenMeteo,0,17.2
2026-06-03T11:12,Izmir,93501,2026-06-04T02:00,OpenMeteo,0,16.6
2026-06-03T11:12,Izmir,93501,2026-06-04T03:00,OpenMeteo,0,16.1
2026-06-03T11:12,Izmir,93501,2026-06-04T04:00,OpenMeteo,0,17.2
2026-06-03T11:12,Izmir,93501,2026-06-04T05:00,OpenMeteo,3,21.3
2026-06-03T11:12,Izmir,93501,2026-06-04T06:00,OpenMeteo,0,23.8
2026-06-03T11:12,Izmir,93501,2026-06-04T07:00,OpenMeteo,0,26.4
2026-06-03T11:12,Izmir,93501,2026-06-04T08:00,OpenMeteo,0,28.1
2026-06-03T11:12,Izmir,93501,2026-06-04T09:00,OpenMeteo,0,29.6
2026-06-03T11:12,Izmir,93501,2026-06-04T10:00,OpenMeteo,0,30.9
2026-06-03T11:12,Izmir,93501,2026-06-04T11:00,OpenMeteo,0,31.7
2026-06-03T11:12,Izmir,93501,2026-06-04T12:00,OpenMeteo,0,32.1
2026-06-03T11:12,Izmir,93501,2026-06-04T13:00,OpenMeteo,1,31.8
2026-06-03T11:12,Izmir,93501,2026-06-04T14:00,OpenMeteo,3,30.6
2026-06-03T11:12,Izmir,93501,2026-06-04T15:00,OpenMeteo,3,29.4
2026-06-03T11:12,Izmir,93501,2026-06-04T16:00,OpenMeteo,3,27.6
2026-06-03T11:12,Izmir,93501,2026-06-04T17:00,OpenMeteo,3,25.8
2026-06-03T11:12,Izmir,93501,2026-06-04T18:00,OpenMeteo,3,24.4
2026-06-03T11:12,Izmir,93501,2026-06-04T19:00,OpenMeteo,3,23.9
2026-06-03T11:12,Izmir,93501,2026-06-04T20:00,OpenMeteo,3,23.1
2026-06-03T11:12,Izmir,93501,2026-06-04T21:00,OpenMeteo,2,22.8
2026-06-03T11:12,Izmir,93501,2026-06-04T22:00,OpenMeteo,1,22.5
2026-06-03T11:12,Izmir,93501,2026-06-04T23:00,OpenMeteo,2,21.0
2026-06-03T11:12,Antalya,90701,2026-06-03T12:00,MGM,AB,25
2026-06-03T11:12,Antalya,90701,2026-06-03T15:00,MGM,AB,24
2026-06-03T11:12,Antalya,90701,2026-06-03T18:00,MGM,AB,23
2026-06-03T11:12,Antalya,90701,2026-06-03T21:00,MGM,AB,22
2026-06-03T11:12,Antalya,90701,2026-06-04T00:00,MGM,AB,21
2026-06-03T11:12,Antalya,90701,2026-06-04T03:00,MGM,AB,19
2026-06-03T11:12,Antalya,90701,2026-06-04T06:00,MGM,AB,23
2026-06-03T11:12,Antalya,90701,2026-06-04T09:00,MGM,AB,24
2026-06-03T11:12,Antalya,90701,2026-06-04T12:00,MGM,AB,26
2026-06-03T11:12,Antalya,90701,2026-06-04T15:00,MGM,AB,24
2026-06-03T11:12,Antalya,90701,2026-06-04T18:00,MGM,AB,23
2026-06-03T11:12,Antalya,90701,2026-06-04T21:00,MGM,AB,22
2026-06-03T11:12,Antalya,90701,2026-06-03T00:00,OpenMeteo,0,19.8
2026-06-03T11:12,Antalya,90701,2026-06-03T01:00,OpenMeteo,0,19.6
2026-06-03T11:12,Antalya,90701,2026-06-03T02:00,OpenMeteo,0,19.5
2026-06-03T11:12,Antalya,90701,2026-06-03T03:00,OpenMeteo,0,19.3
2026-06-03T11:12,Antalya,90701,2026-06-03T04:00,OpenMeteo,1,19.6
2026-06-03T11:12,Antalya,90701,2026-06-03T05:00,OpenMeteo,1,20.6
2026-06-03T11:12,Antalya,90701,2026-06-03T06:00,OpenMeteo,1,22.2
2026-06-03T11:12,Antalya,90701,2026-06-03T07:00,OpenMeteo,1,23.1
2026-06-03T11:12,Antalya,90701,2026-06-03T08:00,OpenMeteo,1,23.6
2026-06-03T11:12,Antalya,90701,2026-06-03T09:00,OpenMeteo,1,24.0
2026-06-03T11:12,Antalya,90701,2026-06-03T10:00,OpenMeteo,3,24.2
2026-06-03T11:12,Antalya,90701,2026-06-03T11:00,OpenMeteo,1,24.3
2026-06-03T11:12,Antalya,90701,2026-06-03T12:00,OpenMeteo,0,24.4
2026-06-03T11:12,Antalya,90701,2026-06-03T13:00,OpenMeteo,3,24.6
2026-06-03T11:12,Antalya,90701,2026-06-03T14:00,OpenMeteo,3,24.4
2026-06-03T11:12,Antalya,90701,2026-06-03T15:00,OpenMeteo,3,24.1
2026-06-03T11:12,Antalya,90701,2026-06-03T16:00,OpenMeteo,2,23.6
2026-06-03T11:12,Antalya,90701,2026-06-03T17:00,OpenMeteo,1,23.3
2026-06-03T11:12,Antalya,90701,2026-06-03T18:00,OpenMeteo,2,22.9
2026-06-03T11:12,Antalya,90701,2026-06-03T19:00,OpenMeteo,2,22.5
2026-06-03T11:12,Antalya,90701,2026-06-03T20:00,OpenMeteo,1,22.0
2026-06-03T11:12,Antalya,90701,2026-06-03T21:00,OpenMeteo,1,21.5
2026-06-03T11:12,Antalya,90701,2026-06-03T22:00,OpenMeteo,1,20.9
2026-06-03T11:12,Antalya,90701,2026-06-03T23:00,OpenMeteo,1,20.4
2026-06-03T11:12,Antalya,90701,2026-06-04T00:00,OpenMeteo,1,20.2
2026-06-03T11:12,Antalya,90701,2026-06-04T01:00,OpenMeteo,1,20.1
2026-06-03T11:12,Antalya,90701,2026-06-04T02:00,OpenMeteo,1,19.9
2026-06-03T11:12,Antalya,90701,2026-06-04T03:00,OpenMeteo,1,19.8
2026-06-03T11:12,Antalya,90701,2026-06-04T04:00,OpenMeteo,1,20.1
2026-06-03T11:12,Antalya,90701,2026-06-04T05:00,OpenMeteo,1,21.1
2026-06-03T11:12,Antalya,90701,2026-06-04T06:00,OpenMeteo,1,22.5
2026-06-03T11:12,Antalya,90701,2026-06-04T07:00,OpenMeteo,1,23.5
2026-06-03T11:12,Antalya,90701,2026-06-04T08:00,OpenMeteo,1,23.8
2026-06-03T11:12,Antalya,90701,2026-06-04T09:00,OpenMeteo,1,24.2
2026-06-03T11:12,Antalya,90701,2026-06-04T10:00,OpenMeteo,3,24.8
2026-06-03T11:12,Antalya,90701,2026-06-04T11:00,OpenMeteo,1,24.9
2026-06-03T11:12,Antalya,90701,2026-06-04T12:00,OpenMeteo,0,25.0
2026-06-03T11:12,Antalya,90701,2026-06-04T13:00,OpenMeteo,0,24.8
2026-06-03T11:12,Antalya,90701,2026-06-04T14:00,OpenMeteo,3,24.4
2026-06-03T11:12,Antalya,90701,2026-06-04T15:00,OpenMeteo,2,24.0
2026-06-03T11:12,Antalya,90701,2026-06-04T16:00,OpenMeteo,2,23.5
2026-06-03T11:12,Antalya,90701,2026-06-04T17:00,OpenMeteo,2,23.1
2026-06-03T11:12,Antalya,90701,2026-06-04T18:00,OpenMeteo,2,22.8
2026-06-03T11:12,Antalya,90701,2026-06-04T19:00,OpenMeteo,1,22.6
2026-06-03T11:12,Antalya,90701,2026-06-04T20:00,OpenMeteo,0,22.2
2026-06-03T11:12,Antalya,90701,2026-06-04T21:00,OpenMeteo,1,21.7
2026-06-03T11:12,Antalya,90701,2026-06-04T22:00,OpenMeteo,1,21.1
2026-06-03T11:12,Antalya,90701,2026-06-04T23:00,OpenMeteo,0,20.6
2026-06-03T11:12,Ankara,90601,2026-06-03T12:00,MGM,GSY,26
2026-06-03T11:12,Ankara,90601,2026-06-03T15:00,MGM,GSY,24
2026-06-03T11:12,Ankara,90601,2026-06-03T18:00,MGM,GSY,20
2026-06-03T11:12,Ankara,90601,2026-06-03T21:00,MGM,PB,16
2026-06-03T11:12,Ankara,90601,2026-06-04T00:00,MGM,AB,14
2026-06-03T11:12,Ankara,90601,2026-06-04T03:00,MGM,AB,14
2026-06-03T11:12,Ankara,90601,2026-06-04T06:00,MGM,PB,20
2026-06-03T11:12,Ankara,90601,2026-06-04T09:00,MGM,PB,24
2026-06-03T11:12,Ankara,90601,2026-06-04T12:00,MGM,MSY,28
2026-06-03T11:12,Ankara,90601,2026-06-04T15:00,MGM,MSY,25
2026-06-03T11:12,Ankara,90601,2026-06-04T18:00,MGM,AB,22
2026-06-03T11:12,Ankara,90601,2026-06-04T21:00,MGM,AB,19
2026-06-03T11:12,Trabzon,96101,2026-06-03T12:00,MGM,PB,22
2026-06-03T11:12,Trabzon,96101,2026-06-03T15:00,MGM,PB,21
2026-06-03T11:12,Trabzon,96101,2026-06-03T18:00,MGM,PB,20
2026-06-03T11:12,Trabzon,96101,2026-06-03T21:00,MGM,PB,19
2026-06-03T11:12,Trabzon,96101,2026-06-04T00:00,MGM,PB,18
2026-06-03T11:12,Trabzon,96101,2026-06-04T03:00,MGM,PB,17
2026-06-03T11:12,Trabzon,96101,2026-06-04T06:00,MGM,PB,19
2026-06-03T11:12,Trabzon,96101,2026-06-04T09:00,MGM,PB,21
2026-06-03T11:12,Trabzon,96101,2026-06-04T12:00,MGM,PB,23
2026-06-03T11:12,Trabzon,96101,2026-06-04T15:00,MGM,PB,22
2026-06-03T11:12,Trabzon,96101,2026-06-04T18:00,MGM,PB,21
2026-06-03T11:12,Trabzon,96101,2026-06-04T21:00,MGM,PB,20
2026-06-03T11:12,Erzurum,92501,2026-06-03T12:00,MGM,GSY,20
2026-06-03T11:12,Erzurum,92501,2026-06-03T15:00,MGM,GSY,14
2026-06-03T11:12,Erzurum,92501,2026-06-03T18:00,MGM,GSY,11
2026-06-03T11:12,Erzurum,92501,2026-06-03T21:00,MGM,GSY,10
2026-06-03T11:12,Erzurum,92501,2026-06-04T00:00,MGM,PB,6
2026-06-03T11:12,Erzurum,92501,2026-06-04T03:00,MGM,PB,8
2026-06-03T11:12,Erzurum,92501,2026-06-04T06:00,MGM,PB,14
2026-06-03T11:12,Erzurum,92501,2026-06-04T09:00,MGM,PB,18
2026-06-03T11:12,Erzurum,92501,2026-06-04T12:00,MGM,GSY,21
2026-06-03T11:12,Erzurum,92501,2026-06-04T15:00,MGM,GSY,20
2026-06-03T11:12,Erzurum,92501,2026-06-04T18:00,MGM,PB,14
2026-06-03T11:12,Erzurum,92501,2026-06-04T21:00,MGM,PB,11
2026-06-03T11:12,Gaziantep,92701,2026-06-03T12:00,MGM,PB,29
2026-06-03T11:12,Gaziantep,92701,2026-06-03T15:00,MGM,PB,26
2026-06-03T11:12,Gaziantep,92701,2026-06-03T18:00,MGM,AB,22
2026-06-03T11:12,Gaziantep,92701,2026-06-03T21:00,MGM,AB,19
2026-06-03T11:12,Gaziantep,92701,2026-06-04T00:00,MGM,AB,17
2026-06-03T11:12,Gaziantep,92701,2026-06-04T03:00,MGM,AB,16
2026-06-03T11:12,Gaziantep,92701,2026-06-04T06:00,MGM,AB,26
2026-06-03T11:12,Gaziantep,92701,2026-06-04T09:00,MGM,AB,30
2026-06-03T11:12,Gaziantep,92701,2026-06-04T12:00,MGM,AB,31
2026-06-03T11:12,Gaziantep,92701,2026-06-04T15:00,MGM,AB,28
2026-06-03T11:12,Gaziantep,92701,2026-06-04T18:00,MGM,AB,23
2026-06-03T11:12,Gaziantep,92701,2026-06-04T21:00,MGM,AB,20
2026-06-03T11:12,Gaziantep,92701,2026-06-03T00:00,OpenMeteo,2,19.1
2026-06-03T11:12,Gaziantep,92701,2026-06-03T01:00,OpenMeteo,2,18.6
2026-06-03T11:12,Gaziantep,92701,2026-06-03T02:00,OpenMeteo,2,17.8
2026-06-03T11:12,Gaziantep,92701,2026-06-03T03:00,OpenMeteo,2,18.1
2026-06-03T11:12,Gaziantep,92701,2026-06-03T04:00,OpenMeteo,1,19.6
2026-06-03T11:12,Gaziantep,92701,2026-06-03T05:00,OpenMeteo,2,21.2
2026-06-03T11:12,Gaziantep,92701,2026-06-03T06:00,OpenMeteo,2,23.5
2026-06-03T11:12,Gaziantep,92701,2026-06-03T07:00,OpenMeteo,2,25.4
2026-06-03T11:12,Gaziantep,92701,2026-06-03T08:00,OpenMeteo,2,27.2
2026-06-03T11:12,Gaziantep,92701,2026-06-03T09:00,OpenMeteo,2,28.3
2026-06-03T11:12,Gaziantep,92701,2026-06-03T10:00,OpenMeteo,2,28.5
2026-06-03T11:12,Gaziantep,92701,2026-06-03T11:00,OpenMeteo,2,28.9
2026-06-03T11:12,Gaziantep,92701,2026-06-03T12:00,OpenMeteo,0,28.7
2026-06-03T11:12,Gaziantep,92701,2026-06-03T13:00,OpenMeteo,2,27.4
2026-06-03T11:12,Gaziantep,92701,2026-06-03T14:00,OpenMeteo,0,27.5
2026-06-03T11:12,Gaziantep,92701,2026-06-03T15:00,OpenMeteo,1,26.7
2026-06-03T11:12,Gaziantep,92701,2026-06-03T16:00,OpenMeteo,0,25.0
2026-06-03T11:12,Gaziantep,92701,2026-06-03T17:00,OpenMeteo,0,23.2
2026-06-03T11:12,Gaziantep,92701,2026-06-03T18:00,OpenMeteo,0,21.6
2026-06-03T11:12,Gaziantep,92701,2026-06-03T19:00,OpenMeteo,0,20.6
2026-06-03T11:12,Gaziantep,92701,2026-06-03T20:00,OpenMeteo,0,19.9
2026-06-03T11:12,Gaziantep,92701,2026-06-03T21:00,OpenMeteo,0,19.6
2026-06-03T11:12,Gaziantep,92701,2026-06-03T22:00,OpenMeteo,0,19.5
2026-06-03T11:12,Gaziantep,92701,2026-06-03T23:00,OpenMeteo,0,19.1
2026-06-03T11:12,Gaziantep,92701,2026-06-04T00:00,OpenMeteo,0,18.7
2026-06-03T11:12,Gaziantep,92701,2026-06-04T01:00,OpenMeteo,0,18.4
2026-06-03T11:12,Gaziantep,92701,2026-06-04T02:00,OpenMeteo,0,18.3
2026-06-03T11:12,Gaziantep,92701,2026-06-04T03:00,OpenMeteo,0,18.4
2026-06-03T11:12,Gaziantep,92701,2026-06-04T04:00,OpenMeteo,0,19.7
2026-06-03T11:12,Gaziantep,92701,2026-06-04T05:00,OpenMeteo,0,21.8
2026-06-03T11:12,Gaziantep,92701,2026-06-04T06:00,OpenMeteo,0,23.9
2026-06-03T11:12,Gaziantep,92701,2026-06-04T07:00,OpenMeteo,0,25.9
2026-06-03T11:12,Gaziantep,92701,2026-06-04T08:00,OpenMeteo,0,27.4
2026-06-03T11:12,Gaziantep,92701,2026-06-04T09:00,OpenMeteo,0,28.4
2026-06-03T11:12,Gaziantep,92701,2026-06-04T10:00,OpenMeteo,2,28.8
2026-06-03T11:12,Gaziantep,92701,2026-06-04T11:00,OpenMeteo,2,29.3
2026-06-03T11:12,Gaziantep,92701,2026-06-04T12:00,OpenMeteo,2,29.3
2026-06-03T11:12,Gaziantep,92701,2026-06-04T13:00,OpenMeteo,80,28.4
2026-06-03T11:12,Gaziantep,92701,2026-06-04T14:00,OpenMeteo,80,27.4
2026-06-03T11:12,Gaziantep,92701,2026-06-04T15:00,OpenMeteo,2,26.9
2026-06-03T11:12,Gaziantep,92701,2026-06-04T16:00,OpenMeteo,1,25.5
2026-06-03T11:12,Gaziantep,92701,2026-06-04T17:00,OpenMeteo,0,23.6
2026-06-03T11:12,Gaziantep,92701,2026-06-04T18:00,OpenMeteo,0,22.1
2026-06-03T11:12,Gaziantep,92701,2026-06-04T19:00,OpenMeteo,0,21.4
2026-06-03T11:12,Gaziantep,92701,2026-06-04T20:00,OpenMeteo,0,20.7
2026-06-03T11:12,Gaziantep,92701,2026-06-04T21:00,OpenMeteo,0,20.0
2026-06-03T11:12,Gaziantep,92701,2026-06-04T22:00,OpenMeteo,0,19.6
2026-06-03T11:12,Gaziantep,92701,2026-06-04T23:00,OpenMeteo,0,19.2
2026-06-03T17:02,Istanbul,93401,2026-06-03T18:00,MGM,PB,24
2026-06-03T17:02,Istanbul,93401,2026-06-03T21:00,MGM,PB,22
2026-06-03T17:02,Istanbul,93401,2026-06-04T00:00,MGM,AB,21
2026-06-03T17:02,Istanbul,93401,2026-06-04T03:00,MGM,AB,20
2026-06-03T17:02,Istanbul,93401,2026-06-04T06:00,MGM,AB,23
2026-06-03T17:02,Istanbul,93401,2026-06-04T09:00,MGM,AB,26
2026-06-03T17:02,Istanbul,93401,2026-06-04T12:00,MGM,AB,30
2026-06-03T17:02,Istanbul,93401,2026-06-04T15:00,MGM,AB,32
2026-06-03T17:02,Istanbul,93401,2026-06-04T18:00,MGM,AB,26
2026-06-03T17:02,Istanbul,93401,2026-06-04T21:00,MGM,AB,24
2026-06-03T17:02,Istanbul,93401,2026-06-03T00:00,OpenMeteo,3,20.4
2026-06-03T17:02,Istanbul,93401,2026-06-03T01:00,OpenMeteo,3,20.1
2026-06-03T17:02,Istanbul,93401,2026-06-03T02:00,OpenMeteo,3,19.8
2026-06-03T17:02,Istanbul,93401,2026-06-03T03:00,OpenMeteo,3,20.1
2026-06-03T17:02,Istanbul,93401,2026-06-03T04:00,OpenMeteo,3,20.3
2026-06-03T17:02,Istanbul,93401,2026-06-03T05:00,OpenMeteo,3,21.9
2026-06-03T17:02,Istanbul,93401,2026-06-03T06:00,OpenMeteo,3,23.1
2026-06-03T17:02,Istanbul,93401,2026-06-03T07:00,OpenMeteo,3,23.8
2026-06-03T17:02,Istanbul,93401,2026-06-03T08:00,OpenMeteo,3,24.7
2026-06-03T17:02,Istanbul,93401,2026-06-03T09:00,OpenMeteo,1,25.4
2026-06-03T17:02,Istanbul,93401,2026-06-03T10:00,OpenMeteo,0,26.5
2026-06-03T17:02,Istanbul,93401,2026-06-03T11:00,OpenMeteo,3,27.1
2026-06-03T17:02,Istanbul,93401,2026-06-03T12:00,OpenMeteo,2,27.1
2026-06-03T17:02,Istanbul,93401,2026-06-03T13:00,OpenMeteo,1,27.8
2026-06-03T17:02,Istanbul,93401,2026-06-03T14:00,OpenMeteo,1,28.4
2026-06-03T17:02,Istanbul,93401,2026-06-03T15:00,OpenMeteo,1,27.6
2026-06-03T17:02,Istanbul,93401,2026-06-03T16:00,OpenMeteo,1,26.3
2026-06-03T17:02,Istanbul,93401,2026-06-03T17:00,OpenMeteo,0,24.4
2026-06-03T17:02,Istanbul,93401,2026-06-03T18:00,OpenMeteo,0,22.8
2026-06-03T17:02,Istanbul,93401,2026-06-03T19:00,OpenMeteo,1,22.1
2026-06-03T17:02,Istanbul,93401,2026-06-03T20:00,OpenMeteo,1,21.5
2026-06-03T17:02,Istanbul,93401,2026-06-03T21:00,OpenMeteo,0,21.5
2026-06-03T17:02,Istanbul,93401,2026-06-03T22:00,OpenMeteo,1,21.5
2026-06-03T17:02,Istanbul,93401,2026-06-03T23:00,OpenMeteo,0,21.1
2026-06-03T17:02,Istanbul,93401,2026-06-04T00:00,OpenMeteo,0,20.3
2026-06-03T17:02,Istanbul,93401,2026-06-04T01:00,OpenMeteo,0,20.1
2026-06-03T17:02,Istanbul,93401,2026-06-04T02:00,OpenMeteo,0,19.9
2026-06-03T17:02,Istanbul,93401,2026-06-04T03:00,OpenMeteo,0,19.5
2026-06-03T17:02,Istanbul,93401,2026-06-04T04:00,OpenMeteo,0,20.1
2026-06-03T17:02,Istanbul,93401,2026-06-04T05:00,OpenMeteo,1,22.1
2026-06-03T17:02,Istanbul,93401,2026-06-04T06:00,OpenMeteo,2,23.5
2026-06-03T17:02,Istanbul,93401,2026-06-04T07:00,OpenMeteo,0,24.5
2026-06-03T17:02,Istanbul,93401,2026-06-04T08:00,OpenMeteo,0,25.3
2026-06-03T17:02,Istanbul,93401,2026-06-04T09:00,OpenMeteo,2,26.2
2026-06-03T17:02,Istanbul,93401,2026-06-04T10:00,OpenMeteo,0,27.2
2026-06-03T17:02,Istanbul,93401,2026-06-04T11:00,OpenMeteo,0,28.1
2026-06-03T17:02,Istanbul,93401,2026-06-04T12:00,OpenMeteo,0,28.9
2026-06-03T17:02,Istanbul,93401,2026-06-04T13:00,OpenMeteo,0,29.7
2026-06-03T17:02,Istanbul,93401,2026-06-04T14:00,OpenMeteo,0,30.2
2026-06-03T17:02,Istanbul,93401,2026-06-04T15:00,OpenMeteo,1,30.4
2026-06-03T17:02,Istanbul,93401,2026-06-04T16:00,OpenMeteo,1,29.8
2026-06-03T17:02,Istanbul,93401,2026-06-04T17:00,OpenMeteo,2,27.9
2026-06-03T17:02,Istanbul,93401,2026-06-04T18:00,OpenMeteo,1,26.0
2026-06-03T17:02,Istanbul,93401,2026-06-04T19:00,OpenMeteo,1,24.8
2026-06-03T17:02,Istanbul,93401,2026-06-04T20:00,OpenMeteo,3,23.5
2026-06-03T17:02,Istanbul,93401,2026-06-04T21:00,OpenMeteo,1,22.5
2026-06-03T17:02,Istanbul,93401,2026-06-04T22:00,OpenMeteo,1,21.4
2026-06-03T17:02,Istanbul,93401,2026-06-04T23:00,OpenMeteo,1,20.6
2026-06-03T17:02,Izmir,93501,2026-06-03T18:00,MGM,AB,24
2026-06-03T17:02,Izmir,93501,2026-06-03T21:00,MGM,AB,21
2026-06-03T17:02,Izmir,93501,2026-06-04T00:00,MGM,AB,19
2026-06-03T17:02,Izmir,93501,2026-06-04T03:00,MGM,AB,18
2026-06-03T17:02,Izmir,93501,2026-06-04T06:00,MGM,AB,24
2026-06-03T17:02,Izmir,93501,2026-06-04T09:00,MGM,AB,29
2026-06-03T17:02,Izmir,93501,2026-06-04T12:00,MGM,AB,31
2026-06-03T17:02,Izmir,93501,2026-06-04T15:00,MGM,AB,28
2026-06-03T17:02,Izmir,93501,2026-06-04T18:00,MGM,AB,23
2026-06-03T17:02,Izmir,93501,2026-06-04T21:00,MGM,AB,21
2026-06-03T17:02,Izmir,93501,2026-06-03T00:00,OpenMeteo,0,18.6
2026-06-03T17:02,Izmir,93501,2026-06-03T01:00,OpenMeteo,1,17.7
2026-06-03T17:02,Izmir,93501,2026-06-03T02:00,OpenMeteo,1,16.7
2026-06-03T17:02,Izmir,93501,2026-06-03T03:00,OpenMeteo,0,16.6
2026-06-03T17:02,Izmir,93501,2026-06-03T04:00,OpenMeteo,0,17.5
2026-06-03T17:02,Izmir,93501,2026-06-03T05:00,OpenMeteo,0,21.3
2026-06-03T17:02,Izmir,93501,2026-06-03T06:00,OpenMeteo,0,24.7
2026-06-03T17:02,Izmir,93501,2026-06-03T07:00,OpenMeteo,0,26.7
2026-06-03T17:02,Izmir,93501,2026-06-03T08:00,OpenMeteo,0,28.1
2026-06-03T17:02,Izmir,93501,2026-06-03T09:00,OpenMeteo,0,29.5
2026-06-03T17:02,Izmir,93501,2026-06-03T10:00,OpenMeteo,0,30.7
2026-06-03T17:02,Izmir,93501,2026-06-03T11:00,OpenMeteo,0,31.4
2026-06-03T17:02,Izmir,93501,2026-06-03T12:00,OpenMeteo,0,31.5
2026-06-03T17:02,Izmir,93501,2026-06-03T13:00,OpenMeteo,0,31.0
2026-06-03T17:02,Izmir,93501,2026-06-03T14:00,OpenMeteo,0,30.1
2026-06-03T17:02,Izmir,93501,2026-06-03T15:00,OpenMeteo,0,29.0
2026-06-03T17:02,Izmir,93501,2026-06-03T16:00,OpenMeteo,0,27.7
2026-06-03T17:02,Izmir,93501,2026-06-03T17:00,OpenMeteo,0,25.9
2026-06-03T17:02,Izmir,93501,2026-06-03T18:00,OpenMeteo,0,24.1
2026-06-03T17:02,Izmir,93501,2026-06-03T19:00,OpenMeteo,0,23.1
2026-06-03T17:02,Izmir,93501,2026-06-03T20:00,OpenMeteo,0,22.6
2026-06-03T17:02,Izmir,93501,2026-06-03T21:00,OpenMeteo,0,22.2
2026-06-03T17:02,Izmir,93501,2026-06-03T22:00,OpenMeteo,0,20.4
2026-06-03T17:02,Izmir,93501,2026-06-03T23:00,OpenMeteo,0,18.7
2026-06-03T17:02,Izmir,93501,2026-06-04T00:00,OpenMeteo,0,17.8
2026-06-03T17:02,Izmir,93501,2026-06-04T01:00,OpenMeteo,0,17.1
2026-06-03T17:02,Izmir,93501,2026-06-04T02:00,OpenMeteo,0,16.6
2026-06-03T17:02,Izmir,93501,2026-06-04T03:00,OpenMeteo,0,16.3
2026-06-03T17:02,Izmir,93501,2026-06-04T04:00,OpenMeteo,0,17.3
2026-06-03T17:02,Izmir,93501,2026-06-04T05:00,OpenMeteo,2,21.2
2026-06-03T17:02,Izmir,93501,2026-06-04T06:00,OpenMeteo,0,24.1
2026-06-03T17:02,Izmir,93501,2026-06-04T07:00,OpenMeteo,0,26.2
2026-06-03T17:02,Izmir,93501,2026-06-04T08:00,OpenMeteo,0,27.7
2026-06-03T17:02,Izmir,93501,2026-06-04T09:00,OpenMeteo,0,29.1
2026-06-03T17:02,Izmir,93501,2026-06-04T10:00,OpenMeteo,0,30.2
2026-06-03T17:02,Izmir,93501,2026-06-04T11:00,OpenMeteo,0,31.0
2026-06-03T17:02,Izmir,93501,2026-06-04T12:00,OpenMeteo,0,31.1
2026-06-03T17:02,Izmir,93501,2026-06-04T13:00,OpenMeteo,1,30.6
2026-06-03T17:02,Izmir,93501,2026-06-04T14:00,OpenMeteo,3,29.6
2026-06-03T17:02,Izmir,93501,2026-06-04T15:00,OpenMeteo,3,27.9
2026-06-03T17:02,Izmir,93501,2026-06-04T16:00,OpenMeteo,3,26.5
2026-06-03T17:02,Izmir,93501,2026-06-04T17:00,OpenMeteo,3,25.0
2026-06-03T17:02,Izmir,93501,2026-06-04T18:00,OpenMeteo,2,23.7
2026-06-03T17:02,Izmir,93501,2026-06-04T19:00,OpenMeteo,2,23.0
2026-06-03T17:02,Izmir,93501,2026-06-04T20:00,OpenMeteo,3,22.5
2026-06-03T17:02,Izmir,93501,2026-06-04T21:00,OpenMeteo,3,22.4
2026-06-03T17:02,Izmir,93501,2026-06-04T22:00,OpenMeteo,2,22.3
2026-06-03T17:02,Izmir,93501,2026-06-04T23:00,OpenMeteo,2,20.9
2026-06-03T17:02,Antalya,90701,2026-06-03T18:00,MGM,AB,23
2026-06-03T17:02,Antalya,90701,2026-06-03T21:00,MGM,AB,22
2026-06-03T17:02,Antalya,90701,2026-06-04T00:00,MGM,AB,21
2026-06-03T17:02,Antalya,90701,2026-06-04T03:00,MGM,AB,19
2026-06-03T17:02,Antalya,90701,2026-06-04T06:00,MGM,AB,23
2026-06-03T17:02,Antalya,90701,2026-06-04T09:00,MGM,AB,24
2026-06-03T17:02,Antalya,90701,2026-06-04T12:00,MGM,AB,25
2026-06-03T17:02,Antalya,90701,2026-06-04T15:00,MGM,AB,24
2026-06-03T17:02,Antalya,90701,2026-06-04T18:00,MGM,AB,23
2026-06-03T17:02,Antalya,90701,2026-06-04T21:00,MGM,AB,22
2026-06-03T17:02,Antalya,90701,2026-06-03T00:00,OpenMeteo,0,19.8
2026-06-03T17:02,Antalya,90701,2026-06-03T01:00,OpenMeteo,0,19.6
2026-06-03T17:02,Antalya,90701,2026-06-03T02:00,OpenMeteo,0,19.5
2026-06-03T17:02,Antalya,90701,2026-06-03T03:00,OpenMeteo,0,19.3
2026-06-03T17:02,Antalya,90701,2026-06-03T04:00,OpenMeteo,1,19.6
2026-06-03T17:02,Antalya,90701,2026-06-03T05:00,OpenMeteo,1,20.6
2026-06-03T17:02,Antalya,90701,2026-06-03T06:00,OpenMeteo,1,22.2
2026-06-03T17:02,Antalya,90701,2026-06-03T07:00,OpenMeteo,1,23.1
2026-06-03T17:02,Antalya,90701,2026-06-03T08:00,OpenMeteo,1,23.6
2026-06-03T17:02,Antalya,90701,2026-06-03T09:00,OpenMeteo,1,23.7
2026-06-03T17:02,Antalya,90701,2026-06-03T10:00,OpenMeteo,3,24.0
2026-06-03T17:02,Antalya,90701,2026-06-03T11:00,OpenMeteo,3,24.1
2026-06-03T17:02,Antalya,90701,2026-06-03T12:00,OpenMeteo,0,24.1
2026-06-03T17:02,Antalya,90701,2026-06-03T13:00,OpenMeteo,1,24.4
2026-06-03T17:02,Antalya,90701,2026-06-03T14:00,OpenMeteo,3,24.2
2026-06-03T17:02,Antalya,90701,2026-06-03T15:00,OpenMeteo,3,23.8
2026-06-03T17:02,Antalya,90701,2026-06-03T16:00,OpenMeteo,3,23.4
2026-06-03T17:02,Antalya,90701,2026-06-03T17:00,OpenMeteo,2,22.9
2026-06-03T17:02,Antalya,90701,2026-06-03T18:00,OpenMeteo,2,22.7
2026-06-03T17:02,Antalya,90701,2026-06-03T19:00,OpenMeteo,2,22.4
2026-06-03T17:02,Antalya,90701,2026-06-03T20:00,OpenMeteo,2,22.0
2026-06-03T17:02,Antalya,90701,2026-06-03T21:00,OpenMeteo,1,21.6
2026-06-03T17:02,Antalya,90701,2026-06-03T22:00,OpenMeteo,1,21.2
2026-06-03T17:02,Antalya,90701,2026-06-03T23:00,OpenMeteo,1,20.8
2026-06-03T17:02,Antalya,90701,2026-06-04T00:00,OpenMeteo,1,20.4
2026-06-03T17:02,Antalya,90701,2026-06-04T01:00,OpenMeteo,1,20.3
2026-06-03T17:02,Antalya,90701,2026-06-04T02:00,OpenMeteo,1,20.0
2026-06-03T17:02,Antalya,90701,2026-06-04T03:00,OpenMeteo,1,19.8
2026-06-03T17:02,Antalya,90701,2026-06-04T04:00,OpenMeteo,1,20.0
2026-06-03T17:02,Antalya,90701,2026-06-04T05:00,OpenMeteo,1,20.9
2026-06-03T17:02,Antalya,90701,2026-06-04T06:00,OpenMeteo,2,22.3
2026-06-03T17:02,Antalya,90701,2026-06-04T07:00,OpenMeteo,1,23.2
2026-06-03T17:02,Antalya,90701,2026-06-04T08:00,OpenMeteo,2,23.8
2026-06-03T17:02,Antalya,90701,2026-06-04T09:00,OpenMeteo,1,24.4
2026-06-03T17:02,Antalya,90701,2026-06-04T10:00,OpenMeteo,0,24.9
2026-06-03T17:02,Antalya,90701,2026-06-04T11:00,OpenMeteo,0,25.0
2026-06-03T17:02,Antalya,90701,2026-06-04T12:00,OpenMeteo,3,25.2
2026-06-03T17:02,Antalya,90701,2026-06-04T13:00,OpenMeteo,3,24.9
2026-06-03T17:02,Antalya,90701,2026-06-04T14:00,OpenMeteo,3,24.3
2026-06-03T17:02,Antalya,90701,2026-06-04T15:00,OpenMeteo,2,23.9
2026-06-03T17:02,Antalya,90701,2026-06-04T16:00,OpenMeteo,2,23.5
2026-06-03T17:02,Antalya,90701,2026-06-04T17:00,OpenMeteo,2,23.1
2026-06-03T17:02,Antalya,90701,2026-06-04T18:00,OpenMeteo,2,22.8
2026-06-03T17:02,Antalya,90701,2026-06-04T19:00,OpenMeteo,2,22.6
2026-06-03T17:02,Antalya,90701,2026-06-04T20:00,OpenMeteo,1,22.1
2026-06-03T17:02,Antalya,90701,2026-06-04T21:00,OpenMeteo,2,21.5
2026-06-03T17:02,Antalya,90701,2026-06-04T22:00,OpenMeteo,0,20.9
2026-06-03T17:02,Antalya,90701,2026-06-04T23:00,OpenMeteo,0,20.4
2026-06-03T17:02,Ankara,90601,2026-06-03T18:00,MGM,GSY,22
2026-06-03T17:02,Ankara,90601,2026-06-03T21:00,MGM,PB,19
2026-06-03T17:02,Ankara,90601,2026-06-04T00:00,MGM,AB,16
2026-06-03T17:02,Ankara,90601,2026-06-04T03:00,MGM,AB,14
2026-06-03T17:02,Ankara,90601,2026-06-04T06:00,MGM,PB,20
2026-06-03T17:02,Ankara,90601,2026-06-04T09:00,MGM,PB,24
2026-06-03T17:02,Ankara,90601,2026-06-04T12:00,MGM,MSY,28
2026-06-03T17:02,Ankara,90601,2026-06-04T15:00,MGM,MSY,25
2026-06-03T17:02,Ankara,90601,2026-06-04T18:00,MGM,AB,22
2026-06-03T17:02,Ankara,90601,2026-06-04T21:00,MGM,AB,19
2026-06-03T17:02,Trabzon,96101,2026-06-03T18:00,MGM,PB,20
2026-06-03T17:02,Trabzon,96101,2026-06-03T21:00,MGM,PB,19
2026-06-03T17:02,Trabzon,96101,2026-06-04T00:00,MGM,PB,18
2026-06-03T17:02,Trabzon,96101,2026-06-04T03:00,MGM,PB,17
2026-06-03T17:02,Trabzon,96101,2026-06-04T06:00,MGM,PB,19
2026-06-03T17:02,Trabzon,96101,2026-06-04T09:00,MGM,PB,21
2026-06-03T17:02,Trabzon,96101,2026-06-04T12:00,MGM,PB,23
2026-06-03T17:02,Trabzon,96101,2026-06-04T15:00,MGM,PB,22
2026-06-03T17:02,Trabzon,96101,2026-06-04T18:00,MGM,PB,21
2026-06-03T17:02,Trabzon,96101,2026-06-04T21:00,MGM,PB,20
2026-06-03T17:02,Erzurum,92501,2026-06-03T18:00,MGM,GSY,11
2026-06-03T17:02,Erzurum,92501,2026-06-03T21:00,MGM,GSY,10
2026-06-03T17:02,Erzurum,92501,2026-06-04T00:00,MGM,PB,5
2026-06-03T17:02,Erzurum,92501,2026-06-04T03:00,MGM,PB,8
2026-06-03T17:02,Erzurum,92501,2026-06-04T06:00,MGM,PB,14
2026-06-03T17:02,Erzurum,92501,2026-06-04T09:00,MGM,PB,18
2026-06-03T17:02,Erzurum,92501,2026-06-04T12:00,MGM,GSY,23
2026-06-03T17:02,Erzurum,92501,2026-06-04T15:00,MGM,GSY,20
2026-06-03T17:02,Erzurum,92501,2026-06-04T18:00,MGM,PB,14
2026-06-03T17:02,Erzurum,92501,2026-06-04T21:00,MGM,PB,11
2026-06-03T17:02,Gaziantep,92701,2026-06-03T18:00,MGM,AB,22
2026-06-03T17:02,Gaziantep,92701,2026-06-03T21:00,MGM,AB,19
2026-06-03T17:02,Gaziantep,92701,2026-06-04T00:00,MGM,AB,17
2026-06-03T17:02,Gaziantep,92701,2026-06-04T03:00,MGM,AB,16
2026-06-03T17:02,Gaziantep,92701,2026-06-04T06:00,MGM,AB,26
2026-06-03T17:02,Gaziantep,92701,2026-06-04T09:00,MGM,AB,30
2026-06-03T17:02,Gaziantep,92701,2026-06-04T12:00,MGM,AB,31
2026-06-03T17:02,Gaziantep,92701,2026-06-04T15:00,MGM,AB,28
2026-06-03T17:02,Gaziantep,92701,2026-06-04T18:00,MGM,AB,23
2026-06-03T17:02,Gaziantep,92701,2026-06-04T21:00,MGM,AB,20
2026-06-03T17:02,Gaziantep,92701,2026-06-03T00:00,OpenMeteo,2,19.1
2026-06-03T17:02,Gaziantep,92701,2026-06-03T01:00,OpenMeteo,2,18.6
2026-06-03T17:02,Gaziantep,92701,2026-06-03T02:00,OpenMeteo,2,17.8
2026-06-03T17:02,Gaziantep,92701,2026-06-03T03:00,OpenMeteo,2,18.1
2026-06-03T17:02,Gaziantep,92701,2026-06-03T04:00,OpenMeteo,1,19.6
2026-06-03T17:02,Gaziantep,92701,2026-06-03T05:00,OpenMeteo,2,21.2
2026-06-03T17:02,Gaziantep,92701,2026-06-03T06:00,OpenMeteo,2,23.5
2026-06-03T17:02,Gaziantep,92701,2026-06-03T07:00,OpenMeteo,2,25.4
2026-06-03T17:02,Gaziantep,92701,2026-06-03T08:00,OpenMeteo,2,27.2
2026-06-03T17:02,Gaziantep,92701,2026-06-03T09:00,OpenMeteo,2,28.0
2026-06-03T17:02,Gaziantep,92701,2026-06-03T10:00,OpenMeteo,2,28.3
2026-06-03T17:02,Gaziantep,92701,2026-06-03T11:00,OpenMeteo,3,28.6
2026-06-03T17:02,Gaziantep,92701,2026-06-03T12:00,OpenMeteo,0,28.9
2026-06-03T17:02,Gaziantep,92701,2026-06-03T13:00,OpenMeteo,2,28.0
2026-06-03T17:02,Gaziantep,92701,2026-06-03T14:00,OpenMeteo,0,27.0
2026-06-03T17:02,Gaziantep,92701,2026-06-03T15:00,OpenMeteo,0,26.4
2026-06-03T17:02,Gaziantep,92701,2026-06-03T16:00,OpenMeteo,0,25.0
2026-06-03T17:02,Gaziantep,92701,2026-06-03T17:00,OpenMeteo,0,23.1
2026-06-03T17:02,Gaziantep,92701,2026-06-03T18:00,OpenMeteo,0,21.4
2026-06-03T17:02,Gaziantep,92701,2026-06-03T19:00,OpenMeteo,0,20.3
2026-06-03T17:02,Gaziantep,92701,2026-06-03T20:00,OpenMeteo,0,19.5
2026-06-03T17:02,Gaziantep,92701,2026-06-03T21:00,OpenMeteo,0,19.0
2026-06-03T17:02,Gaziantep,92701,2026-06-03T22:00,OpenMeteo,0,18.7
2026-06-03T17:02,Gaziantep,92701,2026-06-03T23:00,OpenMeteo,0,18.3
2026-06-03T17:02,Gaziantep,92701,2026-06-04T00:00,OpenMeteo,0,18.3
2026-06-03T17:02,Gaziantep,92701,2026-06-04T01:00,OpenMeteo,0,18.0
2026-06-03T17:02,Gaziantep,92701,2026-06-04T02:00,OpenMeteo,0,17.9
2026-06-03T17:02,Gaziantep,92701,2026-06-04T03:00,OpenMeteo,0,17.9
2026-06-03T17:02,Gaziantep,92701,2026-06-04T04:00,OpenMeteo,0,19.6
2026-06-03T17:02,Gaziantep,92701,2026-06-04T05:00,OpenMeteo,0,21.9
2026-06-03T17:02,Gaziantep,92701,2026-06-04T06:00,OpenMeteo,0,24.1
2026-06-03T17:02,Gaziantep,92701,2026-06-04T07:00,OpenMeteo,0,26.0
2026-06-03T17:02,Gaziantep,92701,2026-06-04T08:00,OpenMeteo,0,27.6
2026-06-03T17:02,Gaziantep,92701,2026-06-04T09:00,OpenMeteo,0,28.7
2026-06-03T17:02,Gaziantep,92701,2026-06-04T10:00,OpenMeteo,2,29.5
2026-06-03T17:02,Gaziantep,92701,2026-06-04T11:00,OpenMeteo,2,29.3
2026-06-03T17:02,Gaziantep,92701,2026-06-04T12:00,OpenMeteo,2,29.0
2026-06-03T17:02,Gaziantep,92701,2026-06-04T13:00,OpenMeteo,3,29.2
2026-06-03T17:02,Gaziantep,92701,2026-06-04T14:00,OpenMeteo,2,28.6
2026-06-03T17:02,Gaziantep,92701,2026-06-04T15:00,OpenMeteo,2,27.6
2026-06-03T17:02,Gaziantep,92701,2026-06-04T16:00,OpenMeteo,0,25.9
2026-06-03T17:02,Gaziantep,92701,2026-06-04T17:00,OpenMeteo,0,24.0
2026-06-03T17:02,Gaziantep,92701,2026-06-04T18:00,OpenMeteo,0,22.4
2026-06-03T17:02,Gaziantep,92701,2026-06-04T19:00,OpenMeteo,0,21.5
2026-06-03T17:02,Gaziantep,92701,2026-06-04T20:00,OpenMeteo,0,20.7
2026-06-03T17:02,Gaziantep,92701,2026-06-04T21:00,OpenMeteo,0,20.1
2026-06-03T17:02,Gaziantep,92701,2026-06-04T22:00,OpenMeteo,0,19.6
2026-06-03T17:02,Gaziantep,92701,2026-06-04T23:00,OpenMeteo,0,19.2
2026-06-03T21:22,Istanbul,93401,2026-06-04T00:00,MGM,AB,21
2026-06-03T21:22,Istanbul,93401,2026-06-04T03:00,MGM,AB,20
2026-06-03T21:22,Istanbul,93401,2026-06-04T06:00,MGM,AB,23
2026-06-03T21:22,Istanbul,93401,2026-06-04T09:00,MGM,AB,26
2026-06-03T21:22,Istanbul,93401,2026-06-04T12:00,MGM,AB,30
2026-06-03T21:22,Istanbul,93401,2026-06-04T15:00,MGM,AB,32
2026-06-03T21:22,Istanbul,93401,2026-06-04T18:00,MGM,AB,26
2026-06-03T21:22,Istanbul,93401,2026-06-04T21:00,MGM,AB,24
2026-06-03T21:22,Istanbul,93401,2026-06-03T00:00,OpenMeteo,3,20.4
2026-06-03T21:22,Istanbul,93401,2026-06-03T01:00,OpenMeteo,3,20.1
2026-06-03T21:22,Istanbul,93401,2026-06-03T02:00,OpenMeteo,3,19.8
2026-06-03T21:22,Istanbul,93401,2026-06-03T03:00,OpenMeteo,3,20.1
2026-06-03T21:22,Istanbul,93401,2026-06-03T04:00,OpenMeteo,3,20.3
2026-06-03T21:22,Istanbul,93401,2026-06-03T05:00,OpenMeteo,3,21.9
2026-06-03T21:22,Istanbul,93401,2026-06-03T06:00,OpenMeteo,3,23.1
2026-06-03T21:22,Istanbul,93401,2026-06-03T07:00,OpenMeteo,3,23.8
2026-06-03T21:22,Istanbul,93401,2026-06-03T08:00,OpenMeteo,3,24.7
2026-06-03T21:22,Istanbul,93401,2026-06-03T09:00,OpenMeteo,1,25.4
2026-06-03T21:22,Istanbul,93401,2026-06-03T10:00,OpenMeteo,0,26.5
2026-06-03T21:22,Istanbul,93401,2026-06-03T11:00,OpenMeteo,3,27.1
2026-06-03T21:22,Istanbul,93401,2026-06-03T12:00,OpenMeteo,2,27.1
2026-06-03T21:22,Istanbul,93401,2026-06-03T13:00,OpenMeteo,1,27.8
2026-06-03T21:22,Istanbul,93401,2026-06-03T14:00,OpenMeteo,1,28.4
2026-06-03T21:22,Istanbul,93401,2026-06-03T15:00,OpenMeteo,1,27.5
2026-06-03T21:22,Istanbul,93401,2026-06-03T16:00,OpenMeteo,1,26.1
2026-06-03T21:22,Istanbul,93401,2026-06-03T17:00,OpenMeteo,1,23.9
2026-06-03T21:22,Istanbul,93401,2026-06-03T18:00,OpenMeteo,0,22.5
2026-06-03T21:22,Istanbul,93401,2026-06-03T19:00,OpenMeteo,1,22.1
2026-06-03T21:22,Istanbul,93401,2026-06-03T20:00,OpenMeteo,1,21.6
2026-06-03T21:22,Istanbul,93401,2026-06-03T21:00,OpenMeteo,1,21.5
2026-06-03T21:22,Istanbul,93401,2026-06-03T22:00,OpenMeteo,1,21.7
2026-06-03T21:22,Istanbul,93401,2026-06-03T23:00,OpenMeteo,0,21.2
2026-06-03T21:22,Istanbul,93401,2026-06-04T00:00,OpenMeteo,0,20.3
2026-06-03T21:22,Istanbul,93401,2026-06-04T01:00,OpenMeteo,0,20.1
2026-06-03T21:22,Istanbul,93401,2026-06-04T02:00,OpenMeteo,0,19.8
2026-06-03T21:22,Istanbul,93401,2026-06-04T03:00,OpenMeteo,0,19.6
2026-06-03T21:22,Istanbul,93401,2026-06-04T04:00,OpenMeteo,0,20.1
2026-06-03T21:22,Istanbul,93401,2026-06-04T05:00,OpenMeteo,0,22.1
2026-06-03T21:22,Istanbul,93401,2026-06-04T06:00,OpenMeteo,1,23.5
2026-06-03T21:22,Istanbul,93401,2026-06-04T07:00,OpenMeteo,3,24.5
2026-06-03T21:22,Istanbul,93401,2026-06-04T08:00,OpenMeteo,0,25.4
2026-06-03T21:22,Istanbul,93401,2026-06-04T09:00,OpenMeteo,0,26.3
2026-06-03T21:22,Istanbul,93401,2026-06-04T10:00,OpenMeteo,0,27.3
2026-06-03T21:22,Istanbul,93401,2026-06-04T11:00,OpenMeteo,0,28.2
2026-06-03T21:22,Istanbul,93401,2026-06-04T12:00,OpenMeteo,0,29.0
2026-06-03T21:22,Istanbul,93401,2026-06-04T13:00,OpenMeteo,0,29.7
2026-06-03T21:22,Istanbul,93401,2026-06-04T14:00,OpenMeteo,1,30.1
2026-06-03T21:22,Istanbul,93401,2026-06-04T15:00,OpenMeteo,1,30.4
2026-06-03T21:22,Istanbul,93401,2026-06-04T16:00,OpenMeteo,1,29.9
2026-06-03T21:22,Istanbul,93401,2026-06-04T17:00,OpenMeteo,1,28.1
2026-06-03T21:22,Istanbul,93401,2026-06-04T18:00,OpenMeteo,1,26.2
2026-06-03T21:22,Istanbul,93401,2026-06-04T19:00,OpenMeteo,1,24.8
2026-06-03T21:22,Istanbul,93401,2026-06-04T20:00,OpenMeteo,1,23.9
2026-06-03T21:22,Istanbul,93401,2026-06-04T21:00,OpenMeteo,0,22.8
2026-06-03T21:22,Istanbul,93401,2026-06-04T22:00,OpenMeteo,1,21.4
2026-06-03T21:22,Istanbul,93401,2026-06-04T23:00,OpenMeteo,1,20.6
2026-06-03T21:22,Izmir,93501,2026-06-04T00:00,MGM,AB,19
2026-06-03T21:22,Izmir,93501,2026-06-04T03:00,MGM,AB,18
2026-06-03T21:22,Izmir,93501,2026-06-04T06:00,MGM,AB,24
2026-06-03T21:22,Izmir,93501,2026-06-04T09:00,MGM,AB,29
2026-06-03T21:22,Izmir,93501,2026-06-04T12:00,MGM,AB,31
2026-06-03T21:22,Izmir,93501,2026-06-04T15:00,MGM,AB,28
2026-06-03T21:22,Izmir,93501,2026-06-04T18:00,MGM,AB,23
2026-06-03T21:22,Izmir,93501,2026-06-04T21:00,MGM,AB,21
2026-06-03T21:22,Izmir,93501,2026-06-03T00:00,OpenMeteo,0,18.6
2026-06-03T21:22,Izmir,93501,2026-06-03T01:00,OpenMeteo,1,17.7
2026-06-03T21:22,Izmir,93501,2026-06-03T02:00,OpenMeteo,1,16.7
2026-06-03T21:22,Izmir,93501,2026-06-03T03:00,OpenMeteo,0,16.6
2026-06-03T21:22,Izmir,93501,2026-06-03T04:00,OpenMeteo,0,17.5
2026-06-03T21:22,Izmir,93501,2026-06-03T05:00,OpenMeteo,0,21.3
2026-06-03T21:22,Izmir,93501,2026-06-03T06:00,OpenMeteo,0,24.7
2026-06-03T21:22,Izmir,93501,2026-06-03T07:00,OpenMeteo,0,26.7
2026-06-03T21:22,Izmir,93501,2026-06-03T08:00,OpenMeteo,0,28.1
2026-06-03T21:22,Izmir,93501,2026-06-03T09:00,OpenMeteo,0,29.5
2026-06-03T21:22,Izmir,93501,2026-06-03T10:00,OpenMeteo,0,30.7
2026-06-03T21:22,Izmir,93501,2026-06-03T11:00,OpenMeteo,0,31.4
2026-06-03T21:22,Izmir,93501,2026-06-03T12:00,OpenMeteo,0,31.5
2026-06-03T21:22,Izmir,93501,2026-06-03T13:00,OpenMeteo,0,31.0
2026-06-03T21:22,Izmir,93501,2026-06-03T14:00,OpenMeteo,0,30.1
2026-06-03T21:22,Izmir,93501,2026-06-03T15:00,OpenMeteo,0,29.2
2026-06-03T21:22,Izmir,93501,2026-06-03T16:00,OpenMeteo,0,27.8
2026-06-03T21:22,Izmir,93501,2026-06-03T17:00,OpenMeteo,0,26.1
2026-06-03T21:22,Izmir,93501,2026-06-03T18:00,OpenMeteo,0,24.2
2026-06-03T21:22,Izmir,93501,2026-06-03T19:00,OpenMeteo,0,23.1
2026-06-03T21:22,Izmir,93501,2026-06-03T20:00,OpenMeteo,0,22.6
2026-06-03T21:22,Izmir,93501,2026-06-03T21:00,OpenMeteo,0,22.3
2026-06-03T21:22,Izmir,93501,2026-06-03T22:00,OpenMeteo,0,20.8
2026-06-03T21:22,Izmir,93501,2026-06-03T23:00,OpenMeteo,0,18.8
2026-06-03T21:22,Izmir,93501,2026-06-04T00:00,OpenMeteo,0,17.8
2026-06-03T21:22,Izmir,93501,2026-06-04T01:00,OpenMeteo,0,17.1
2026-06-03T21:22,Izmir,93501,2026-06-04T02:00,OpenMeteo,0,16.6
2026-06-03T21:22,Izmir,93501,2026-06-04T03:00,OpenMeteo,0,16.2
2026-06-03T21:22,Izmir,93501,2026-06-04T04:00,OpenMeteo,0,17.3
2026-06-03T21:22,Izmir,93501,2026-06-04T05:00,OpenMeteo,1,21.4
2026-06-03T21:22,Izmir,93501,2026-06-04T06:00,OpenMeteo,0,24.2
2026-06-03T21:22,Izmir,93501,2026-06-04T07:00,OpenMeteo,0,26.5
2026-06-03T21:22,Izmir,93501,2026-06-04T08:00,OpenMeteo,0,28.0
2026-06-03T21:22,Izmir,93501,2026-06-04T09:00,OpenMeteo,0,29.3
2026-06-03T21:22,Izmir,93501,2026-06-04T10:00,OpenMeteo,0,30.5
2026-06-03T21:22,Izmir,93501,2026-06-04T11:00,OpenMeteo,0,31.1
2026-06-03T21:22,Izmir,93501,2026-06-04T12:00,OpenMeteo,0,31.3
2026-06-03T21:22,Izmir,93501,2026-06-04T13:00,OpenMeteo,2,30.9
2026-06-03T21:22,Izmir,93501,2026-06-04T14:00,OpenMeteo,3,29.6
2026-06-03T21:22,Izmir,93501,2026-06-04T15:00,OpenMeteo,3,28.2
2026-06-03T21:22,Izmir,93501,2026-06-04T16:00,OpenMeteo,3,26.8
2026-06-03T21:22,Izmir,93501,2026-06-04T17:00,OpenMeteo,3,25.2
2026-06-03T21:22,Izmir,93501,2026-06-04T18:00,OpenMeteo,2,23.7
2026-06-03T21:22,Izmir,93501,2026-06-04T19:00,OpenMeteo,1,23.1
2026-06-03T21:22,Izmir,93501,2026-06-04T20:00,OpenMeteo,3,22.6
2026-06-03T21:22,Izmir,93501,2026-06-04T21:00,OpenMeteo,3,22.3
2026-06-03T21:22,Izmir,93501,2026-06-04T22:00,OpenMeteo,2,22.3
2026-06-03T21:22,Izmir,93501,2026-06-04T23:00,OpenMeteo,2,20.9
2026-06-03T21:22,Antalya,90701,2026-06-04T00:00,MGM,AB,21
2026-06-03T21:22,Antalya,90701,2026-06-04T03:00,MGM,AB,19
2026-06-03T21:22,Antalya,90701,2026-06-04T06:00,MGM,AB,23
2026-06-03T21:22,Antalya,90701,2026-06-04T09:00,MGM,AB,24
2026-06-03T21:22,Antalya,90701,2026-06-04T12:00,MGM,AB,25
2026-06-03T21:22,Antalya,90701,2026-06-04T15:00,MGM,AB,24
2026-06-03T21:22,Antalya,90701,2026-06-04T18:00,MGM,AB,23
2026-06-03T21:22,Antalya,90701,2026-06-04T21:00,MGM,AB,22
2026-06-03T21:22,Antalya,90701,2026-06-03T00:00,OpenMeteo,0,19.8
2026-06-03T21:22,Antalya,90701,2026-06-03T01:00,OpenMeteo,0,19.6
2026-06-03T21:22,Antalya,90701,2026-06-03T02:00,OpenMeteo,0,19.5
2026-06-03T21:22,Antalya,90701,2026-06-03T03:00,OpenMeteo,0,19.3
2026-06-03T21:22,Antalya,90701,2026-06-03T04:00,OpenMeteo,1,19.6
2026-06-03T21:22,Antalya,90701,2026-06-03T05:00,OpenMeteo,1,20.6
2026-06-03T21:22,Antalya,90701,2026-06-03T06:00,OpenMeteo,1,22.2
2026-06-03T21:22,Antalya,90701,2026-06-03T07:00,OpenMeteo,1,23.1
2026-06-03T21:22,Antalya,90701,2026-06-03T08:00,OpenMeteo,1,23.6
2026-06-03T21:22,Antalya,90701,2026-06-03T09:00,OpenMeteo,1,23.7
2026-06-03T21:22,Antalya,90701,2026-06-03T10:00,OpenMeteo,3,24.0
2026-06-03T21:22,Antalya,90701,2026-06-03T11:00,OpenMeteo,3,24.1
2026-06-03T21:22,Antalya,90701,2026-06-03T12:00,OpenMeteo,0,24.1
2026-06-03T21:22,Antalya,90701,2026-06-03T13:00,OpenMeteo,1,24.4
2026-06-03T21:22,Antalya,90701,2026-06-03T14:00,OpenMeteo,3,24.2
2026-06-03T21:22,Antalya,90701,2026-06-03T15:00,OpenMeteo,3,23.9
2026-06-03T21:22,Antalya,90701,2026-06-03T16:00,OpenMeteo,3,23.5
2026-06-03T21:22,Antalya,90701,2026-06-03T17:00,OpenMeteo,2,23.0
2026-06-03T21:22,Antalya,90701,2026-06-03T18:00,OpenMeteo,2,22.8
2026-06-03T21:22,Antalya,90701,2026-06-03T19:00,OpenMeteo,2,22.5
2026-06-03T21:22,Antalya,90701,2026-06-03T20:00,OpenMeteo,1,22.1
2026-06-03T21:22,Antalya,90701,2026-06-03T21:00,OpenMeteo,1,21.7
2026-06-03T21:22,Antalya,90701,2026-06-03T22:00,OpenMeteo,1,21.3
2026-06-03T21:22,Antalya,90701,2026-06-03T23:00,OpenMeteo,1,20.8
2026-06-03T21:22,Antalya,90701,2026-06-04T00:00,OpenMeteo,1,20.5
2026-06-03T21:22,Antalya,90701,2026-06-04T01:00,OpenMeteo,1,20.4
2026-06-03T21:22,Antalya,90701,2026-06-04T02:00,OpenMeteo,1,20.2
2026-06-03T21:22,Antalya,90701,2026-06-04T03:00,OpenMeteo,1,19.9
2026-06-03T21:22,Antalya,90701,2026-06-04T04:00,OpenMeteo,0,20.0
2026-06-03T21:22,Antalya,90701,2026-06-04T05:00,OpenMeteo,1,21.0
2026-06-03T21:22,Antalya,90701,2026-06-04T06:00,OpenMeteo,1,22.4
2026-06-03T21:22,Antalya,90701,2026-06-04T07:00,OpenMeteo,1,23.4
2026-06-03T21:22,Antalya,90701,2026-06-04T08:00,OpenMeteo,1,23.9
2026-06-03T21:22,Antalya,90701,2026-06-04T09:00,OpenMeteo,1,24.2
2026-06-03T21:22,Antalya,90701,2026-06-04T10:00,OpenMeteo,0,24.8
2026-06-03T21:22,Antalya,90701,2026-06-04T11:00,OpenMeteo,0,25.1
2026-06-03T21:22,Antalya,90701,2026-06-04T12:00,OpenMeteo,3,25.1
2026-06-03T21:22,Antalya,90701,2026-06-04T13:00,OpenMeteo,3,24.8
2026-06-03T21:22,Antalya,90701,2026-06-04T14:00,OpenMeteo,3,24.4
2026-06-03T21:22,Antalya,90701,2026-06-04T15:00,OpenMeteo,2,24.0
2026-06-03T21:22,Antalya,90701,2026-06-04T16:00,OpenMeteo,2,23.5
2026-06-03T21:22,Antalya,90701,2026-06-04T17:00,OpenMeteo,2,23.2
2026-06-03T21:22,Antalya,90701,2026-06-04T18:00,OpenMeteo,2,22.9
2026-06-03T21:22,Antalya,90701,2026-06-04T19:00,OpenMeteo,1,22.6
2026-06-03T21:22,Antalya,90701,2026-06-04T20:00,OpenMeteo,1,22.2
2026-06-03T21:22,Antalya,90701,2026-06-04T21:00,OpenMeteo,1,21.7
2026-06-03T21:22,Antalya,90701,2026-06-04T22:00,OpenMeteo,0,20.9
2026-06-03T21:22,Antalya,90701,2026-06-04T23:00,OpenMeteo,0,20.4
2026-06-03T21:22,Trabzon,96101,2026-06-04T00:00,MGM,PB,18
2026-06-03T21:22,Trabzon,96101,2026-06-04T03:00,MGM,PB,17
2026-06-03T21:22,Trabzon,96101,2026-06-04T06:00,MGM,PB,19
2026-06-03T21:22,Trabzon,96101,2026-06-04T09:00,MGM,PB,21
2026-06-03T21:22,Trabzon,96101,2026-06-04T12:00,MGM,PB,23
2026-06-03T21:22,Trabzon,96101,2026-06-04T15:00,MGM,PB,22
2026-06-03T21:22,Trabzon,96101,2026-06-04T18:00,MGM,PB,21
2026-06-03T21:22,Trabzon,96101,2026-06-04T21:00,MGM,PB,20
2026-06-03T21:22,Erzurum,92501,2026-06-04T00:00,MGM,PB,5
2026-06-03T21:22,Erzurum,92501,2026-06-04T03:00,MGM,PB,8
2026-06-03T21:22,Erzurum,92501,2026-06-04T06:00,MGM,PB,14
2026-06-03T21:22,Erzurum,92501,2026-06-04T09:00,MGM,PB,18
2026-06-03T21:22,Erzurum,92501,2026-06-04T12:00,MGM,GSY,23
2026-06-03T21:22,Erzurum,92501,2026-06-04T15:00,MGM,GSY,20
2026-06-03T21:22,Erzurum,92501,2026-06-04T18:00,MGM,PB,14
2026-06-03T21:22,Erzurum,92501,2026-06-04T21:00,MGM,PB,11
2026-06-03T21:22,Gaziantep,92701,2026-06-04T00:00,MGM,AB,17
2026-06-03T21:22,Gaziantep,92701,2026-06-04T03:00,MGM,AB,16
2026-06-03T21:22,Gaziantep,92701,2026-06-04T06:00,MGM,AB,26
2026-06-03T21:22,Gaziantep,92701,2026-06-04T09:00,MGM,AB,30
2026-06-03T21:22,Gaziantep,92701,2026-06-04T12:00,MGM,AB,31
2026-06-03T21:22,Gaziantep,92701,2026-06-04T15:00,MGM,AB,28
2026-06-03T21:22,Gaziantep,92701,2026-06-04T18:00,MGM,AB,23
2026-06-03T21:22,Gaziantep,92701,2026-06-04T21:00,MGM,AB,20
2026-06-03T21:22,Gaziantep,92701,2026-06-03T00:00,OpenMeteo,2,19.1
2026-06-03T21:22,Gaziantep,92701,2026-06-03T01:00,OpenMeteo,2,18.6
2026-06-03T21:22,Gaziantep,92701,2026-06-03T02:00,OpenMeteo,2,17.8
2026-06-03T21:22,Gaziantep,92701,2026-06-03T03:00,OpenMeteo,2,18.1
2026-06-03T21:22,Gaziantep,92701,2026-06-03T04:00,OpenMeteo,1,19.6
2026-06-03T21:22,Gaziantep,92701,2026-06-03T05:00,OpenMeteo,2,21.2
2026-06-03T21:22,Gaziantep,92701,2026-06-03T06:00,OpenMeteo,2,23.5
2026-06-03T21:22,Gaziantep,92701,2026-06-03T07:00,OpenMeteo,2,25.4
2026-06-03T21:22,Gaziantep,92701,2026-06-03T08:00,OpenMeteo,2,27.2
2026-06-03T21:22,Gaziantep,92701,2026-06-03T09:00,OpenMeteo,2,28.0
2026-06-03T21:22,Gaziantep,92701,2026-06-03T10:00,OpenMeteo,2,28.3
2026-06-03T21:22,Gaziantep,92701,2026-06-03T11:00,OpenMeteo,3,28.6
2026-06-03T21:22,Gaziantep,92701,2026-06-03T12:00,OpenMeteo,0,28.9
2026-06-03T21:22,Gaziantep,92701,2026-06-03T13:00,OpenMeteo,2,28.0
2026-06-03T21:22,Gaziantep,92701,2026-06-03T14:00,OpenMeteo,0,27.0
2026-06-03T21:22,Gaziantep,92701,2026-06-03T15:00,OpenMeteo,0,26.3
2026-06-03T21:22,Gaziantep,92701,2026-06-03T16:00,OpenMeteo,0,24.8
2026-06-03T21:22,Gaziantep,92701,2026-06-03T17:00,OpenMeteo,0,23.0
2026-06-03T21:22,Gaziantep,92701,2026-06-03T18:00,OpenMeteo,0,21.4
2026-06-03T21:22,Gaziantep,92701,2026-06-03T19:00,OpenMeteo,0,20.3
2026-06-03T21:22,Gaziantep,92701,2026-06-03T20:00,OpenMeteo,0,19.4
2026-06-03T21:22,Gaziantep,92701,2026-06-03T21:00,OpenMeteo,0,18.9
2026-06-03T21:22,Gaziantep,92701,2026-06-03T22:00,OpenMeteo,0,18.4
2026-06-03T21:22,Gaziantep,92701,2026-06-03T23:00,OpenMeteo,0,18.2
2026-06-03T21:22,Gaziantep,92701,2026-06-04T00:00,OpenMeteo,0,18.0
2026-06-03T21:22,Gaziantep,92701,2026-06-04T01:00,OpenMeteo,0,18.0
2026-06-03T21:22,Gaziantep,92701,2026-06-04T02:00,OpenMeteo,0,17.8
2026-06-03T21:22,Gaziantep,92701,2026-06-04T03:00,OpenMeteo,0,17.9
2026-06-03T21:22,Gaziantep,92701,2026-06-04T04:00,OpenMeteo,0,19.6
2026-06-03T21:22,Gaziantep,92701,2026-06-04T05:00,OpenMeteo,0,21.8
2026-06-03T21:22,Gaziantep,92701,2026-06-04T06:00,OpenMeteo,0,24.0
2026-06-03T21:22,Gaziantep,92701,2026-06-04T07:00,OpenMeteo,0,25.8
2026-06-03T21:22,Gaziantep,92701,2026-06-04T08:00,OpenMeteo,0,27.3
2026-06-03T21:22,Gaziantep,92701,2026-06-04T09:00,OpenMeteo,0,28.5
2026-06-03T21:22,Gaziantep,92701,2026-06-04T10:00,OpenMeteo,2,29.4
2026-06-03T21:22,Gaziantep,92701,2026-06-04T11:00,OpenMeteo,3,29.4
2026-06-03T21:22,Gaziantep,92701,2026-06-04T12:00,OpenMeteo,2,28.9
2026-06-03T21:22,Gaziantep,92701,2026-06-04T13:00,OpenMeteo,2,28.9
2026-06-03T21:22,Gaziantep,92701,2026-06-04T14:00,OpenMeteo,2,28.4
2026-06-03T21:22,Gaziantep,92701,2026-06-04T15:00,OpenMeteo,2,27.3
2026-06-03T21:22,Gaziantep,92701,2026-06-04T16:00,OpenMeteo,1,25.8
2026-06-03T21:22,Gaziantep,92701,2026-06-04T17:00,OpenMeteo,0,23.9
2026-06-03T21:22,Gaziantep,92701,2026-06-04T18:00,OpenMeteo,0,22.4
2026-06-03T21:22,Gaziantep,92701,2026-06-04T19:00,OpenMeteo,0,21.4
2026-06-03T21:22,Gaziantep,92701,2026-06-04T20:00,OpenMeteo,0,20.7
2026-06-03T21:22,Gaziantep,92701,2026-06-04T21:00,OpenMeteo,0,20.1
2026-06-03T21:22,Gaziantep,92701,2026-06-04T22:00,OpenMeteo,0,19.6
2026-06-03T21:22,Gaziantep,92701,2026-06-04T23:00,OpenMeteo,0,19.2
